{"id":230856050,"node_id":"MDEwOlJlcG9zaXRvcnkyMzA4NTYwNTA=","name":"AlphaStableDistributions.jl","full_name":"org-arl/AlphaStableDistributions.jl","private":false,"owner":{"login":"org-arl","id":3949520,"node_id":"MDEyOk9yZ2FuaXphdGlvbjM5NDk1MjA=","avatar_url":"https://avatars.githubusercontent.com/u/3949520?v=4","gravatar_id":"","url":"https://api.github.com/users/org-arl","html_url":"https://github.com/org-arl","followers_url":"https://api.github.com/users/org-arl/followers","following_url":"https://api.github.com/users/org-arl/following{/other_user}","gists_url":"https://api.github.com/users/org-arl/gists{/gist_id}","starred_url":"https://api.github.com/users/org-arl/starred{/owner}{/repo}","subscriptions_url":"https://api.github.com/users/org-arl/subscriptions","organizations_url":"https://api.github.com/users/org-arl/orgs","repos_url":"https://api.github.com/users/org-arl/repos","events_url":"https://api.github.com/users/org-arl/events{/privacy}","received_events_url":"https://api.github.com/users/org-arl/received_events","type":"Organization","site_admin":false},"html_url":"https://github.com/org-arl/AlphaStableDistributions.jl","description":"Alpha stable and sub-Gaussian distributions in Julia","fork":false,"url":"https://api.github.com/repos/org-arl/AlphaStableDistributions.jl","forks_url":"https://api.github.com/repos/org-arl/AlphaStableDistributions.jl/forks","keys_url":"https://api.github.com/repos/org-arl/AlphaStableDistributions.jl/keys{/key_id}","collaborators_url":"https://api.github.com/repos/org-arl/AlphaStableDistributions.jl/collaborators{/collaborator}","teams_url":"https://api.github.com/repos/org-arl/AlphaStableDistributions.jl/teams","hooks_url":"https://api.github.com/repos/org-arl/AlphaStableDistributions.jl/hooks","issue_events_url":"https://api.github.com/repos/org-arl/AlphaStableDistributions.jl/issues/events{/number}","events_url":"https://api.github.com/repos/org-arl/AlphaStableDistributions.jl/events","assignees_url":"https://api.github.com/repos/org-arl/AlphaStableDistributions.jl/assignees{/user}","branches_url":"https://api.github.com/repos/org-arl/AlphaStableDistributions.jl/branches{/branch}","tags_url":"https://api.github.com/repos/org-arl/AlphaStableDistributions.jl/tags","blobs_url":"https://api.github.com/repos/org-arl/AlphaStableDistributions.jl/git/blobs{/sha}","git_tags_url":"https://api.github.com/repos/org-arl/AlphaStableDistributions.jl/git/tags{/sha}","git_refs_url":"https://api.github.com/repos/org-arl/AlphaStableDistributions.jl/git/refs{/sha}","trees_url":"https://api.github.com/repos/org-arl/AlphaStableDistributions.jl/git/trees{/sha}","statuses_url":"https://api.github.com/repos/org-arl/AlphaStableDistributions.jl/statuses/{sha}","languages_url":"https://api.github.com/repos/org-arl/AlphaStableDistributions.jl/languages","stargazers_url":"https://api.github.com/repos/org-arl/AlphaStableDistributions.jl/stargazers","contributors_url":"https://api.github.com/repos/org-arl/AlphaStableDistributions.jl/contributors","subscribers_url":"https://api.github.com/repos/org-arl/AlphaStableDistributions.jl/subscribers","subscription_url":"https://api.github.com/repos/org-arl/AlphaStableDistributions.jl/subscription","commits_url":"https://api.github.com/repos/org-arl/AlphaStableDistributions.jl/commits{/sha}","git_commits_url":"https://api.github.com/repos/org-arl/AlphaStableDistributions.jl/git/commits{/sha}","comments_url":"https://api.github.com/repos/org-arl/AlphaStableDistributions.jl/comments{/number}","issue_comment_url":"https://api.github.com/repos/org-arl/AlphaStableDistributions.jl/issues/comments{/number}","contents_url":"https://api.github.com/repos/org-arl/AlphaStableDistributions.jl/contents/{+path}","compare_url":"https://api.github.com/repos/org-arl/AlphaStableDistributions.jl/compare/{base}...{head}","merges_url":"https://api.github.com/repos/org-arl/AlphaStableDistributions.jl/merges","archive_url":"https://api.github.com/repos/org-arl/AlphaStableDistributions.jl/{archive_format}{/ref}","downloads_url":"https://api.github.com/repos/org-arl/AlphaStableDistributions.jl/downloads","issues_url":"https://api.github.com/repos/org-arl/AlphaStableDistributions.jl/issues{/number}","pulls_url":"https://api.github.com/repos/org-arl/AlphaStableDistributions.jl/pulls{/number}","milestones_url":"https://api.github.com/repos/org-arl/AlphaStableDistributions.jl/milestones{/number}","notifications_url":"https://api.github.com/repos/org-arl/AlphaStableDistributions.jl/notifications{?since,all,participating}","labels_url":"https://api.github.com/repos/org-arl/AlphaStableDistributions.jl/labels{/name}","releases_url":"https://api.github.com/repos/org-arl/AlphaStableDistributions.jl/releases{/id}","deployments_url":"https://api.github.com/repos/org-arl/AlphaStableDistributions.jl/deployments","created_at":"2019-12-30T05:51:15Z","updated_at":"2021-12-20T08:56:58Z","pushed_at":"2021-12-20T08:56:54Z","git_url":"git://github.com/org-arl/AlphaStableDistributions.jl.git","ssh_url":"git@github.com:org-arl/AlphaStableDistributions.jl.git","clone_url":"https://github.com/org-arl/AlphaStableDistributions.jl.git","svn_url":"https://github.com/org-arl/AlphaStableDistributions.jl","homepage":"","size":13885,"stargazers_count":3,"watchers_count":3,"language":"Julia","has_issues":true,"has_projects":true,"has_downloads":true,"has_wiki":true,"has_pages":false,"forks_count":2,"mirror_url":null,"archived":false,"disabled":false,"open_issues_count":4,"license":{"key":"mit","name":"MIT License","spdx_id":"MIT","url":"https://api.github.com/licenses/mit","node_id":"MDc6TGljZW5zZTEz"},"allow_forking":true,"is_template":false,"web_commit_signoff_required":false,"topics":["distributions","random-sampling","stable-distribution"],"visibility":"public","forks":2,"open_issues":4,"watchers":3,"default_branch":"master","permissions":{"admin":false,"maintain":false,"push":false,"triage":false,"pull":true},"temp_clone_token":"","organization":{"login":"org-arl","id":3949520,"node_id":"MDEyOk9yZ2FuaXphdGlvbjM5NDk1MjA=","avatar_url":"https://avatars.githubusercontent.com/u/3949520?v=4","gravatar_id":"","url":"https://api.github.com/users/org-arl","html_url":"https://github.com/org-arl","followers_url":"https://api.github.com/users/org-arl/followers","following_url":"https://api.github.com/users/org-arl/following{/other_user}","gists_url":"https://api.github.com/users/org-arl/gists{/gist_id}","starred_url":"https://api.github.com/users/org-arl/starred{/owner}{/repo}","subscriptions_url":"https://api.github.com/users/org-arl/subscriptions","organizations_url":"https://api.github.com/users/org-arl/orgs","repos_url":"https://api.github.com/users/org-arl/repos","events_url":"https://api.github.com/users/org-arl/events{/privacy}","received_events_url":"https://api.github.com/users/org-arl/received_events","type":"Organization","site_admin":false},"network_count":2,"subscribers_count":3}