{"id":252850050,"node_id":"MDEwOlJlcG9zaXRvcnkyNTI4NTAwNTA=","name":"Andes.jl","full_name":"cuihantao/Andes.jl","private":false,"owner":{"login":"cuihantao","id":6610051,"node_id":"MDQ6VXNlcjY2MTAwNTE=","avatar_url":"https://avatars.githubusercontent.com/u/6610051?v=4","gravatar_id":"","url":"https://api.github.com/users/cuihantao","html_url":"https://github.com/cuihantao","followers_url":"https://api.github.com/users/cuihantao/followers","following_url":"https://api.github.com/users/cuihantao/following{/other_user}","gists_url":"https://api.github.com/users/cuihantao/gists{/gist_id}","starred_url":"https://api.github.com/users/cuihantao/starred{/owner}{/repo}","subscriptions_url":"https://api.github.com/users/cuihantao/subscriptions","organizations_url":"https://api.github.com/users/cuihantao/orgs","repos_url":"https://api.github.com/users/cuihantao/repos","events_url":"https://api.github.com/users/cuihantao/events{/privacy}","received_events_url":"https://api.github.com/users/cuihantao/received_events","type":"User","site_admin":false},"html_url":"https://github.com/cuihantao/Andes.jl","description":"Julia interface for ANDES, a power system tool for symbolic modeling and numerical simulation","fork":false,"url":"https://api.github.com/repos/cuihantao/Andes.jl","forks_url":"https://api.github.com/repos/cuihantao/Andes.jl/forks","keys_url":"https://api.github.com/repos/cuihantao/Andes.jl/keys{/key_id}","collaborators_url":"https://api.github.com/repos/cuihantao/Andes.jl/collaborators{/collaborator}","teams_url":"https://api.github.com/repos/cuihantao/Andes.jl/teams","hooks_url":"https://api.github.com/repos/cuihantao/Andes.jl/hooks","issue_events_url":"https://api.github.com/repos/cuihantao/Andes.jl/issues/events{/number}","events_url":"https://api.github.com/repos/cuihantao/Andes.jl/events","assignees_url":"https://api.github.com/repos/cuihantao/Andes.jl/assignees{/user}","branches_url":"https://api.github.com/repos/cuihantao/Andes.jl/branches{/branch}","tags_url":"https://api.github.com/repos/cuihantao/Andes.jl/tags","blobs_url":"https://api.github.com/repos/cuihantao/Andes.jl/git/blobs{/sha}","git_tags_url":"https://api.github.com/repos/cuihantao/Andes.jl/git/tags{/sha}","git_refs_url":"https://api.github.com/repos/cuihantao/Andes.jl/git/refs{/sha}","trees_url":"https://api.github.com/repos/cuihantao/Andes.jl/git/trees{/sha}","statuses_url":"https://api.github.com/repos/cuihantao/Andes.jl/statuses/{sha}","languages_url":"https://api.github.com/repos/cuihantao/Andes.jl/languages","stargazers_url":"https://api.github.com/repos/cuihantao/Andes.jl/stargazers","contributors_url":"https://api.github.com/repos/cuihantao/Andes.jl/contributors","subscribers_url":"https://api.github.com/repos/cuihantao/Andes.jl/subscribers","subscription_url":"https://api.github.com/repos/cuihantao/Andes.jl/subscription","commits_url":"https://api.github.com/repos/cuihantao/Andes.jl/commits{/sha}","git_commits_url":"https://api.github.com/repos/cuihantao/Andes.jl/git/commits{/sha}","comments_url":"https://api.github.com/repos/cuihantao/Andes.jl/comments{/number}","issue_comment_url":"https://api.github.com/repos/cuihantao/Andes.jl/issues/comments{/number}","contents_url":"https://api.github.com/repos/cuihantao/Andes.jl/contents/{+path}","compare_url":"https://api.github.com/repos/cuihantao/Andes.jl/compare/{base}...{head}","merges_url":"https://api.github.com/repos/cuihantao/Andes.jl/merges","archive_url":"https://api.github.com/repos/cuihantao/Andes.jl/{archive_format}{/ref}","downloads_url":"https://api.github.com/repos/cuihantao/Andes.jl/downloads","issues_url":"https://api.github.com/repos/cuihantao/Andes.jl/issues{/number}","pulls_url":"https://api.github.com/repos/cuihantao/Andes.jl/pulls{/number}","milestones_url":"https://api.github.com/repos/cuihantao/Andes.jl/milestones{/number}","notifications_url":"https://api.github.com/repos/cuihantao/Andes.jl/notifications{?since,all,participating}","labels_url":"https://api.github.com/repos/cuihantao/Andes.jl/labels{/name}","releases_url":"https://api.github.com/repos/cuihantao/Andes.jl/releases{/id}","deployments_url":"https://api.github.com/repos/cuihantao/Andes.jl/deployments","created_at":"2020-04-03T21:53:26Z","updated_at":"2021-11-25T03:32:28Z","pushed_at":"2022-04-03T16:01:58Z","git_url":"git://github.com/cuihantao/Andes.jl.git","ssh_url":"git@github.com:cuihantao/Andes.jl.git","clone_url":"https://github.com/cuihantao/Andes.jl.git","svn_url":"https://github.com/cuihantao/Andes.jl","homepage":null,"size":32,"stargazers_count":2,"watchers_count":2,"language":"Julia","has_issues":true,"has_projects":true,"has_downloads":true,"has_wiki":true,"has_pages":false,"forks_count":1,"mirror_url":null,"archived":false,"disabled":false,"open_issues_count":0,"license":{"key":"mit","name":"MIT License","spdx_id":"MIT","url":"https://api.github.com/licenses/mit","node_id":"MDc6TGljZW5zZTEz"},"allow_forking":true,"is_template":false,"web_commit_signoff_required":false,"topics":["analysis","dae","eigenvalue","modeling","pmu","power-system","simulation","time-domain"],"visibility":"public","forks":1,"open_issues":0,"watchers":2,"default_branch":"master","permissions":{"admin":false,"maintain":false,"push":false,"triage":false,"pull":true},"temp_clone_token":"","network_count":1,"subscribers_count":0}