{"id":472927787,"node_id":"R_kgDOHDBOKw","name":"ArtGallery.jl","full_name":"ZenanH/ArtGallery.jl","private":false,"owner":{"login":"ZenanH","id":19581645,"node_id":"MDQ6VXNlcjE5NTgxNjQ1","avatar_url":"https://avatars.githubusercontent.com/u/19581645?v=4","gravatar_id":"","url":"https://api.github.com/users/ZenanH","html_url":"https://github.com/ZenanH","followers_url":"https://api.github.com/users/ZenanH/followers","following_url":"https://api.github.com/users/ZenanH/following{/other_user}","gists_url":"https://api.github.com/users/ZenanH/gists{/gist_id}","starred_url":"https://api.github.com/users/ZenanH/starred{/owner}{/repo}","subscriptions_url":"https://api.github.com/users/ZenanH/subscriptions","organizations_url":"https://api.github.com/users/ZenanH/orgs","repos_url":"https://api.github.com/users/ZenanH/repos","events_url":"https://api.github.com/users/ZenanH/events{/privacy}","received_events_url":"https://api.github.com/users/ZenanH/received_events","type":"User","site_admin":false},"html_url":"https://github.com/ZenanH/ArtGallery.jl","description":"🖼️ Display ASCII art drawings in Julia REPL","fork":false,"url":"https://api.github.com/repos/ZenanH/ArtGallery.jl","forks_url":"https://api.github.com/repos/ZenanH/ArtGallery.jl/forks","keys_url":"https://api.github.com/repos/ZenanH/ArtGallery.jl/keys{/key_id}","collaborators_url":"https://api.github.com/repos/ZenanH/ArtGallery.jl/collaborators{/collaborator}","teams_url":"https://api.github.com/repos/ZenanH/ArtGallery.jl/teams","hooks_url":"https://api.github.com/repos/ZenanH/ArtGallery.jl/hooks","issue_events_url":"https://api.github.com/repos/ZenanH/ArtGallery.jl/issues/events{/number}","events_url":"https://api.github.com/repos/ZenanH/ArtGallery.jl/events","assignees_url":"https://api.github.com/repos/ZenanH/ArtGallery.jl/assignees{/user}","branches_url":"https://api.github.com/repos/ZenanH/ArtGallery.jl/branches{/branch}","tags_url":"https://api.github.com/repos/ZenanH/ArtGallery.jl/tags","blobs_url":"https://api.github.com/repos/ZenanH/ArtGallery.jl/git/blobs{/sha}","git_tags_url":"https://api.github.com/repos/ZenanH/ArtGallery.jl/git/tags{/sha}","git_refs_url":"https://api.github.com/repos/ZenanH/ArtGallery.jl/git/refs{/sha}","trees_url":"https://api.github.com/repos/ZenanH/ArtGallery.jl/git/trees{/sha}","statuses_url":"https://api.github.com/repos/ZenanH/ArtGallery.jl/statuses/{sha}","languages_url":"https://api.github.com/repos/ZenanH/ArtGallery.jl/languages","stargazers_url":"https://api.github.com/repos/ZenanH/ArtGallery.jl/stargazers","contributors_url":"https://api.github.com/repos/ZenanH/ArtGallery.jl/contributors","subscribers_url":"https://api.github.com/repos/ZenanH/ArtGallery.jl/subscribers","subscription_url":"https://api.github.com/repos/ZenanH/ArtGallery.jl/subscription","commits_url":"https://api.github.com/repos/ZenanH/ArtGallery.jl/commits{/sha}","git_commits_url":"https://api.github.com/repos/ZenanH/ArtGallery.jl/git/commits{/sha}","comments_url":"https://api.github.com/repos/ZenanH/ArtGallery.jl/comments{/number}","issue_comment_url":"https://api.github.com/repos/ZenanH/ArtGallery.jl/issues/comments{/number}","contents_url":"https://api.github.com/repos/ZenanH/ArtGallery.jl/contents/{+path}","compare_url":"https://api.github.com/repos/ZenanH/ArtGallery.jl/compare/{base}...{head}","merges_url":"https://api.github.com/repos/ZenanH/ArtGallery.jl/merges","archive_url":"https://api.github.com/repos/ZenanH/ArtGallery.jl/{archive_format}{/ref}","downloads_url":"https://api.github.com/repos/ZenanH/ArtGallery.jl/downloads","issues_url":"https://api.github.com/repos/ZenanH/ArtGallery.jl/issues{/number}","pulls_url":"https://api.github.com/repos/ZenanH/ArtGallery.jl/pulls{/number}","milestones_url":"https://api.github.com/repos/ZenanH/ArtGallery.jl/milestones{/number}","notifications_url":"https://api.github.com/repos/ZenanH/ArtGallery.jl/notifications{?since,all,participating}","labels_url":"https://api.github.com/repos/ZenanH/ArtGallery.jl/labels{/name}","releases_url":"https://api.github.com/repos/ZenanH/ArtGallery.jl/releases{/id}","deployments_url":"https://api.github.com/repos/ZenanH/ArtGallery.jl/deployments","created_at":"2022-03-22T20:30:10Z","updated_at":"2022-03-31T12:22:07Z","pushed_at":"2022-06-21T07:26:32Z","git_url":"git://github.com/ZenanH/ArtGallery.jl.git","ssh_url":"git@github.com:ZenanH/ArtGallery.jl.git","clone_url":"https://github.com/ZenanH/ArtGallery.jl.git","svn_url":"https://github.com/ZenanH/ArtGallery.jl","homepage":"https://ZenanH.github.io/ArtGallery.jl/","size":672,"stargazers_count":0,"watchers_count":0,"language":"Julia","has_issues":true,"has_projects":false,"has_downloads":true,"has_wiki":false,"has_pages":true,"forks_count":0,"mirror_url":null,"archived":false,"disabled":false,"open_issues_count":0,"license":{"key":"mit","name":"MIT License","spdx_id":"MIT","url":"https://api.github.com/licenses/mit","node_id":"MDc6TGljZW5zZTEz"},"allow_forking":true,"is_template":false,"web_commit_signoff_required":false,"topics":["julia"],"visibility":"public","forks":0,"open_issues":0,"watchers":0,"default_branch":"master","permissions":{"admin":false,"maintain":false,"push":false,"triage":false,"pull":true},"temp_clone_token":"","network_count":0,"subscribers_count":1}