{"id":412465598,"node_id":"R_kgDOGJW5vg","name":"AoGExtensions.jl","full_name":"greimel/AoGExtensions.jl","private":false,"owner":{"login":"greimel","id":6280307,"node_id":"MDQ6VXNlcjYyODAzMDc=","avatar_url":"https://avatars.githubusercontent.com/u/6280307?v=4","gravatar_id":"","url":"https://api.github.com/users/greimel","html_url":"https://github.com/greimel","followers_url":"https://api.github.com/users/greimel/followers","following_url":"https://api.github.com/users/greimel/following{/other_user}","gists_url":"https://api.github.com/users/greimel/gists{/gist_id}","starred_url":"https://api.github.com/users/greimel/starred{/owner}{/repo}","subscriptions_url":"https://api.github.com/users/greimel/subscriptions","organizations_url":"https://api.github.com/users/greimel/orgs","repos_url":"https://api.github.com/users/greimel/repos","events_url":"https://api.github.com/users/greimel/events{/privacy}","received_events_url":"https://api.github.com/users/greimel/received_events","type":"User","site_admin":false},"html_url":"https://github.com/greimel/AoGExtensions.jl","description":"Extensions for AlgebraOfGraphics.jl","fork":false,"url":"https://api.github.com/repos/greimel/AoGExtensions.jl","forks_url":"https://api.github.com/repos/greimel/AoGExtensions.jl/forks","keys_url":"https://api.github.com/repos/greimel/AoGExtensions.jl/keys{/key_id}","collaborators_url":"https://api.github.com/repos/greimel/AoGExtensions.jl/collaborators{/collaborator}","teams_url":"https://api.github.com/repos/greimel/AoGExtensions.jl/teams","hooks_url":"https://api.github.com/repos/greimel/AoGExtensions.jl/hooks","issue_events_url":"https://api.github.com/repos/greimel/AoGExtensions.jl/issues/events{/number}","events_url":"https://api.github.com/repos/greimel/AoGExtensions.jl/events","assignees_url":"https://api.github.com/repos/greimel/AoGExtensions.jl/assignees{/user}","branches_url":"https://api.github.com/repos/greimel/AoGExtensions.jl/branches{/branch}","tags_url":"https://api.github.com/repos/greimel/AoGExtensions.jl/tags","blobs_url":"https://api.github.com/repos/greimel/AoGExtensions.jl/git/blobs{/sha}","git_tags_url":"https://api.github.com/repos/greimel/AoGExtensions.jl/git/tags{/sha}","git_refs_url":"https://api.github.com/repos/greimel/AoGExtensions.jl/git/refs{/sha}","trees_url":"https://api.github.com/repos/greimel/AoGExtensions.jl/git/trees{/sha}","statuses_url":"https://api.github.com/repos/greimel/AoGExtensions.jl/statuses/{sha}","languages_url":"https://api.github.com/repos/greimel/AoGExtensions.jl/languages","stargazers_url":"https://api.github.com/repos/greimel/AoGExtensions.jl/stargazers","contributors_url":"https://api.github.com/repos/greimel/AoGExtensions.jl/contributors","subscribers_url":"https://api.github.com/repos/greimel/AoGExtensions.jl/subscribers","subscription_url":"https://api.github.com/repos/greimel/AoGExtensions.jl/subscription","commits_url":"https://api.github.com/repos/greimel/AoGExtensions.jl/commits{/sha}","git_commits_url":"https://api.github.com/repos/greimel/AoGExtensions.jl/git/commits{/sha}","comments_url":"https://api.github.com/repos/greimel/AoGExtensions.jl/comments{/number}","issue_comment_url":"https://api.github.com/repos/greimel/AoGExtensions.jl/issues/comments{/number}","contents_url":"https://api.github.com/repos/greimel/AoGExtensions.jl/contents/{+path}","compare_url":"https://api.github.com/repos/greimel/AoGExtensions.jl/compare/{base}...{head}","merges_url":"https://api.github.com/repos/greimel/AoGExtensions.jl/merges","archive_url":"https://api.github.com/repos/greimel/AoGExtensions.jl/{archive_format}{/ref}","downloads_url":"https://api.github.com/repos/greimel/AoGExtensions.jl/downloads","issues_url":"https://api.github.com/repos/greimel/AoGExtensions.jl/issues{/number}","pulls_url":"https://api.github.com/repos/greimel/AoGExtensions.jl/pulls{/number}","milestones_url":"https://api.github.com/repos/greimel/AoGExtensions.jl/milestones{/number}","notifications_url":"https://api.github.com/repos/greimel/AoGExtensions.jl/notifications{?since,all,participating}","labels_url":"https://api.github.com/repos/greimel/AoGExtensions.jl/labels{/name}","releases_url":"https://api.github.com/repos/greimel/AoGExtensions.jl/releases{/id}","deployments_url":"https://api.github.com/repos/greimel/AoGExtensions.jl/deployments","created_at":"2021-10-01T12:53:31Z","updated_at":"2021-12-01T23:16:22Z","pushed_at":"2022-06-21T08:18:26Z","git_url":"git://github.com/greimel/AoGExtensions.jl.git","ssh_url":"git@github.com:greimel/AoGExtensions.jl.git","clone_url":"https://github.com/greimel/AoGExtensions.jl.git","svn_url":"https://github.com/greimel/AoGExtensions.jl","homepage":null,"size":239,"stargazers_count":0,"watchers_count":0,"language":"Julia","has_issues":true,"has_projects":true,"has_downloads":true,"has_wiki":true,"has_pages":false,"forks_count":0,"mirror_url":null,"archived":false,"disabled":false,"open_issues_count":1,"license":{"key":"mit","name":"MIT License","spdx_id":"MIT","url":"https://api.github.com/licenses/mit","node_id":"MDc6TGljZW5zZTEz"},"allow_forking":true,"is_template":false,"web_commit_signoff_required":false,"topics":[],"visibility":"public","forks":0,"open_issues":1,"watchers":0,"default_branch":"main","permissions":{"admin":false,"maintain":false,"push":false,"triage":false,"pull":true},"temp_clone_token":"","network_count":0,"subscribers_count":2}