{"id":97311346,"node_id":"MDEwOlJlcG9zaXRvcnk5NzMxMTM0Ng==","name":"AbaqusReader.jl","full_name":"JuliaFEM/AbaqusReader.jl","private":false,"owner":{"login":"JuliaFEM","id":12987170,"node_id":"MDEyOk9yZ2FuaXphdGlvbjEyOTg3MTcw","avatar_url":"https://avatars.githubusercontent.com/u/12987170?v=4","gravatar_id":"","url":"https://api.github.com/users/JuliaFEM","html_url":"https://github.com/JuliaFEM","followers_url":"https://api.github.com/users/JuliaFEM/followers","following_url":"https://api.github.com/users/JuliaFEM/following{/other_user}","gists_url":"https://api.github.com/users/JuliaFEM/gists{/gist_id}","starred_url":"https://api.github.com/users/JuliaFEM/starred{/owner}{/repo}","subscriptions_url":"https://api.github.com/users/JuliaFEM/subscriptions","organizations_url":"https://api.github.com/users/JuliaFEM/orgs","repos_url":"https://api.github.com/users/JuliaFEM/repos","events_url":"https://api.github.com/users/JuliaFEM/events{/privacy}","received_events_url":"https://api.github.com/users/JuliaFEM/received_events","type":"Organization","site_admin":false},"html_url":"https://github.com/JuliaFEM/AbaqusReader.jl","description":"AbaqusReader.jl is a parse for ABAQUS FEM models. It's capable of parsing the geometry accurately, including surface sets, node sets, and other relevant geometrical data used in FEM calculations. Other option is to parse whole model, including boundary conditions, material data and load steps.","fork":false,"url":"https://api.github.com/repos/JuliaFEM/AbaqusReader.jl","forks_url":"https://api.github.com/repos/JuliaFEM/AbaqusReader.jl/forks","keys_url":"https://api.github.com/repos/JuliaFEM/AbaqusReader.jl/keys{/key_id}","collaborators_url":"https://api.github.com/repos/JuliaFEM/AbaqusReader.jl/collaborators{/collaborator}","teams_url":"https://api.github.com/repos/JuliaFEM/AbaqusReader.jl/teams","hooks_url":"https://api.github.com/repos/JuliaFEM/AbaqusReader.jl/hooks","issue_events_url":"https://api.github.com/repos/JuliaFEM/AbaqusReader.jl/issues/events{/number}","events_url":"https://api.github.com/repos/JuliaFEM/AbaqusReader.jl/events","assignees_url":"https://api.github.com/repos/JuliaFEM/AbaqusReader.jl/assignees{/user}","branches_url":"https://api.github.com/repos/JuliaFEM/AbaqusReader.jl/branches{/branch}","tags_url":"https://api.github.com/repos/JuliaFEM/AbaqusReader.jl/tags","blobs_url":"https://api.github.com/repos/JuliaFEM/AbaqusReader.jl/git/blobs{/sha}","git_tags_url":"https://api.github.com/repos/JuliaFEM/AbaqusReader.jl/git/tags{/sha}","git_refs_url":"https://api.github.com/repos/JuliaFEM/AbaqusReader.jl/git/refs{/sha}","trees_url":"https://api.github.com/repos/JuliaFEM/AbaqusReader.jl/git/trees{/sha}","statuses_url":"https://api.github.com/repos/JuliaFEM/AbaqusReader.jl/statuses/{sha}","languages_url":"https://api.github.com/repos/JuliaFEM/AbaqusReader.jl/languages","stargazers_url":"https://api.github.com/repos/JuliaFEM/AbaqusReader.jl/stargazers","contributors_url":"https://api.github.com/repos/JuliaFEM/AbaqusReader.jl/contributors","subscribers_url":"https://api.github.com/repos/JuliaFEM/AbaqusReader.jl/subscribers","subscription_url":"https://api.github.com/repos/JuliaFEM/AbaqusReader.jl/subscription","commits_url":"https://api.github.com/repos/JuliaFEM/AbaqusReader.jl/commits{/sha}","git_commits_url":"https://api.github.com/repos/JuliaFEM/AbaqusReader.jl/git/commits{/sha}","comments_url":"https://api.github.com/repos/JuliaFEM/AbaqusReader.jl/comments{/number}","issue_comment_url":"https://api.github.com/repos/JuliaFEM/AbaqusReader.jl/issues/comments{/number}","contents_url":"https://api.github.com/repos/JuliaFEM/AbaqusReader.jl/contents/{+path}","compare_url":"https://api.github.com/repos/JuliaFEM/AbaqusReader.jl/compare/{base}...{head}","merges_url":"https://api.github.com/repos/JuliaFEM/AbaqusReader.jl/merges","archive_url":"https://api.github.com/repos/JuliaFEM/AbaqusReader.jl/{archive_format}{/ref}","downloads_url":"https://api.github.com/repos/JuliaFEM/AbaqusReader.jl/downloads","issues_url":"https://api.github.com/repos/JuliaFEM/AbaqusReader.jl/issues{/number}","pulls_url":"https://api.github.com/repos/JuliaFEM/AbaqusReader.jl/pulls{/number}","milestones_url":"https://api.github.com/repos/JuliaFEM/AbaqusReader.jl/milestones{/number}","notifications_url":"https://api.github.com/repos/JuliaFEM/AbaqusReader.jl/notifications{?since,all,participating}","labels_url":"https://api.github.com/repos/JuliaFEM/AbaqusReader.jl/labels{/name}","releases_url":"https://api.github.com/repos/JuliaFEM/AbaqusReader.jl/releases{/id}","deployments_url":"https://api.github.com/repos/JuliaFEM/AbaqusReader.jl/deployments","created_at":"2017-07-15T11:22:29Z","updated_at":"2022-04-08T14:59:14Z","pushed_at":"2021-03-04T08:38:27Z","git_url":"git://github.com/JuliaFEM/AbaqusReader.jl.git","ssh_url":"git@github.com:JuliaFEM/AbaqusReader.jl.git","clone_url":"https://github.com/JuliaFEM/AbaqusReader.jl.git","svn_url":"https://github.com/JuliaFEM/AbaqusReader.jl","homepage":"https://juliafem.github.io/AbaqusReader.jl/latest","size":718,"stargazers_count":22,"watchers_count":22,"language":"Julia","has_issues":true,"has_projects":true,"has_downloads":true,"has_wiki":true,"has_pages":true,"forks_count":22,"mirror_url":null,"archived":false,"disabled":false,"open_issues_count":14,"license":{"key":"mit","name":"MIT License","spdx_id":"MIT","url":"https://api.github.com/licenses/mit","node_id":"MDc6TGljZW5zZTEz"},"allow_forking":true,"is_template":false,"web_commit_signoff_required":false,"topics":["abaqus","inp","julialang","parser"],"visibility":"public","forks":22,"open_issues":14,"watchers":22,"default_branch":"master","permissions":{"admin":false,"maintain":false,"push":false,"triage":false,"pull":true},"temp_clone_token":"","organization":{"login":"JuliaFEM","id":12987170,"node_id":"MDEyOk9yZ2FuaXphdGlvbjEyOTg3MTcw","avatar_url":"https://avatars.githubusercontent.com/u/12987170?v=4","gravatar_id":"","url":"https://api.github.com/users/JuliaFEM","html_url":"https://github.com/JuliaFEM","followers_url":"https://api.github.com/users/JuliaFEM/followers","following_url":"https://api.github.com/users/JuliaFEM/following{/other_user}","gists_url":"https://api.github.com/users/JuliaFEM/gists{/gist_id}","starred_url":"https://api.github.com/users/JuliaFEM/starred{/owner}{/repo}","subscriptions_url":"https://api.github.com/users/JuliaFEM/subscriptions","organizations_url":"https://api.github.com/users/JuliaFEM/orgs","repos_url":"https://api.github.com/users/JuliaFEM/repos","events_url":"https://api.github.com/users/JuliaFEM/events{/privacy}","received_events_url":"https://api.github.com/users/JuliaFEM/received_events","type":"Organization","site_admin":false},"network_count":22,"subscribers_count":9}