{"id":290571199,"node_id":"MDEwOlJlcG9zaXRvcnkyOTA1NzExOTk=","name":"ARFFFiles.jl","full_name":"cjdoris/ARFFFiles.jl","private":false,"owner":{"login":"cjdoris","id":1844215,"node_id":"MDQ6VXNlcjE4NDQyMTU=","avatar_url":"https://avatars.githubusercontent.com/u/1844215?v=4","gravatar_id":"","url":"https://api.github.com/users/cjdoris","html_url":"https://github.com/cjdoris","followers_url":"https://api.github.com/users/cjdoris/followers","following_url":"https://api.github.com/users/cjdoris/following{/other_user}","gists_url":"https://api.github.com/users/cjdoris/gists{/gist_id}","starred_url":"https://api.github.com/users/cjdoris/starred{/owner}{/repo}","subscriptions_url":"https://api.github.com/users/cjdoris/subscriptions","organizations_url":"https://api.github.com/users/cjdoris/orgs","repos_url":"https://api.github.com/users/cjdoris/repos","events_url":"https://api.github.com/users/cjdoris/events{/privacy}","received_events_url":"https://api.github.com/users/cjdoris/received_events","type":"User","site_admin":false},"html_url":"https://github.com/cjdoris/ARFFFiles.jl","description":"Load and save ARFF files","fork":false,"url":"https://api.github.com/repos/cjdoris/ARFFFiles.jl","forks_url":"https://api.github.com/repos/cjdoris/ARFFFiles.jl/forks","keys_url":"https://api.github.com/repos/cjdoris/ARFFFiles.jl/keys{/key_id}","collaborators_url":"https://api.github.com/repos/cjdoris/ARFFFiles.jl/collaborators{/collaborator}","teams_url":"https://api.github.com/repos/cjdoris/ARFFFiles.jl/teams","hooks_url":"https://api.github.com/repos/cjdoris/ARFFFiles.jl/hooks","issue_events_url":"https://api.github.com/repos/cjdoris/ARFFFiles.jl/issues/events{/number}","events_url":"https://api.github.com/repos/cjdoris/ARFFFiles.jl/events","assignees_url":"https://api.github.com/repos/cjdoris/ARFFFiles.jl/assignees{/user}","branches_url":"https://api.github.com/repos/cjdoris/ARFFFiles.jl/branches{/branch}","tags_url":"https://api.github.com/repos/cjdoris/ARFFFiles.jl/tags","blobs_url":"https://api.github.com/repos/cjdoris/ARFFFiles.jl/git/blobs{/sha}","git_tags_url":"https://api.github.com/repos/cjdoris/ARFFFiles.jl/git/tags{/sha}","git_refs_url":"https://api.github.com/repos/cjdoris/ARFFFiles.jl/git/refs{/sha}","trees_url":"https://api.github.com/repos/cjdoris/ARFFFiles.jl/git/trees{/sha}","statuses_url":"https://api.github.com/repos/cjdoris/ARFFFiles.jl/statuses/{sha}","languages_url":"https://api.github.com/repos/cjdoris/ARFFFiles.jl/languages","stargazers_url":"https://api.github.com/repos/cjdoris/ARFFFiles.jl/stargazers","contributors_url":"https://api.github.com/repos/cjdoris/ARFFFiles.jl/contributors","subscribers_url":"https://api.github.com/repos/cjdoris/ARFFFiles.jl/subscribers","subscription_url":"https://api.github.com/repos/cjdoris/ARFFFiles.jl/subscription","commits_url":"https://api.github.com/repos/cjdoris/ARFFFiles.jl/commits{/sha}","git_commits_url":"https://api.github.com/repos/cjdoris/ARFFFiles.jl/git/commits{/sha}","comments_url":"https://api.github.com/repos/cjdoris/ARFFFiles.jl/comments{/number}","issue_comment_url":"https://api.github.com/repos/cjdoris/ARFFFiles.jl/issues/comments{/number}","contents_url":"https://api.github.com/repos/cjdoris/ARFFFiles.jl/contents/{+path}","compare_url":"https://api.github.com/repos/cjdoris/ARFFFiles.jl/compare/{base}...{head}","merges_url":"https://api.github.com/repos/cjdoris/ARFFFiles.jl/merges","archive_url":"https://api.github.com/repos/cjdoris/ARFFFiles.jl/{archive_format}{/ref}","downloads_url":"https://api.github.com/repos/cjdoris/ARFFFiles.jl/downloads","issues_url":"https://api.github.com/repos/cjdoris/ARFFFiles.jl/issues{/number}","pulls_url":"https://api.github.com/repos/cjdoris/ARFFFiles.jl/pulls{/number}","milestones_url":"https://api.github.com/repos/cjdoris/ARFFFiles.jl/milestones{/number}","notifications_url":"https://api.github.com/repos/cjdoris/ARFFFiles.jl/notifications{?since,all,participating}","labels_url":"https://api.github.com/repos/cjdoris/ARFFFiles.jl/labels{/name}","releases_url":"https://api.github.com/repos/cjdoris/ARFFFiles.jl/releases{/id}","deployments_url":"https://api.github.com/repos/cjdoris/ARFFFiles.jl/deployments","created_at":"2020-08-26T18:13:10Z","updated_at":"2022-06-11T07:45:11Z","pushed_at":"2022-06-07T16:44:22Z","git_url":"git://github.com/cjdoris/ARFFFiles.jl.git","ssh_url":"git@github.com:cjdoris/ARFFFiles.jl.git","clone_url":"https://github.com/cjdoris/ARFFFiles.jl.git","svn_url":"https://github.com/cjdoris/ARFFFiles.jl","homepage":null,"size":55,"stargazers_count":5,"watchers_count":5,"language":"Julia","has_issues":true,"has_projects":true,"has_downloads":true,"has_wiki":true,"has_pages":false,"forks_count":2,"mirror_url":null,"archived":false,"disabled":false,"open_issues_count":1,"license":{"key":"mit","name":"MIT License","spdx_id":"MIT","url":"https://api.github.com/licenses/mit","node_id":"MDc6TGljZW5zZTEz"},"allow_forking":true,"is_template":false,"web_commit_signoff_required":false,"topics":[],"visibility":"public","forks":2,"open_issues":1,"watchers":5,"default_branch":"main","permissions":{"admin":false,"maintain":false,"push":false,"triage":false,"pull":true},"temp_clone_token":"","network_count":2,"subscribers_count":2}