{"id":266123555,"node_id":"MDEwOlJlcG9zaXRvcnkyNjYxMjM1NTU=","name":"AlgebraicDynamics.jl","full_name":"AlgebraicJulia/AlgebraicDynamics.jl","private":false,"owner":{"login":"AlgebraicJulia","id":62577972,"node_id":"MDEyOk9yZ2FuaXphdGlvbjYyNTc3OTcy","avatar_url":"https://avatars.githubusercontent.com/u/62577972?v=4","gravatar_id":"","url":"https://api.github.com/users/AlgebraicJulia","html_url":"https://github.com/AlgebraicJulia","followers_url":"https://api.github.com/users/AlgebraicJulia/followers","following_url":"https://api.github.com/users/AlgebraicJulia/following{/other_user}","gists_url":"https://api.github.com/users/AlgebraicJulia/gists{/gist_id}","starred_url":"https://api.github.com/users/AlgebraicJulia/starred{/owner}{/repo}","subscriptions_url":"https://api.github.com/users/AlgebraicJulia/subscriptions","organizations_url":"https://api.github.com/users/AlgebraicJulia/orgs","repos_url":"https://api.github.com/users/AlgebraicJulia/repos","events_url":"https://api.github.com/users/AlgebraicJulia/events{/privacy}","received_events_url":"https://api.github.com/users/AlgebraicJulia/received_events","type":"Organization","site_admin":false},"html_url":"https://github.com/AlgebraicJulia/AlgebraicDynamics.jl","description":"Building dynamical systems compositionally","fork":false,"url":"https://api.github.com/repos/AlgebraicJulia/AlgebraicDynamics.jl","forks_url":"https://api.github.com/repos/AlgebraicJulia/AlgebraicDynamics.jl/forks","keys_url":"https://api.github.com/repos/AlgebraicJulia/AlgebraicDynamics.jl/keys{/key_id}","collaborators_url":"https://api.github.com/repos/AlgebraicJulia/AlgebraicDynamics.jl/collaborators{/collaborator}","teams_url":"https://api.github.com/repos/AlgebraicJulia/AlgebraicDynamics.jl/teams","hooks_url":"https://api.github.com/repos/AlgebraicJulia/AlgebraicDynamics.jl/hooks","issue_events_url":"https://api.github.com/repos/AlgebraicJulia/AlgebraicDynamics.jl/issues/events{/number}","events_url":"https://api.github.com/repos/AlgebraicJulia/AlgebraicDynamics.jl/events","assignees_url":"https://api.github.com/repos/AlgebraicJulia/AlgebraicDynamics.jl/assignees{/user}","branches_url":"https://api.github.com/repos/AlgebraicJulia/AlgebraicDynamics.jl/branches{/branch}","tags_url":"https://api.github.com/repos/AlgebraicJulia/AlgebraicDynamics.jl/tags","blobs_url":"https://api.github.com/repos/AlgebraicJulia/AlgebraicDynamics.jl/git/blobs{/sha}","git_tags_url":"https://api.github.com/repos/AlgebraicJulia/AlgebraicDynamics.jl/git/tags{/sha}","git_refs_url":"https://api.github.com/repos/AlgebraicJulia/AlgebraicDynamics.jl/git/refs{/sha}","trees_url":"https://api.github.com/repos/AlgebraicJulia/AlgebraicDynamics.jl/git/trees{/sha}","statuses_url":"https://api.github.com/repos/AlgebraicJulia/AlgebraicDynamics.jl/statuses/{sha}","languages_url":"https://api.github.com/repos/AlgebraicJulia/AlgebraicDynamics.jl/languages","stargazers_url":"https://api.github.com/repos/AlgebraicJulia/AlgebraicDynamics.jl/stargazers","contributors_url":"https://api.github.com/repos/AlgebraicJulia/AlgebraicDynamics.jl/contributors","subscribers_url":"https://api.github.com/repos/AlgebraicJulia/AlgebraicDynamics.jl/subscribers","subscription_url":"https://api.github.com/repos/AlgebraicJulia/AlgebraicDynamics.jl/subscription","commits_url":"https://api.github.com/repos/AlgebraicJulia/AlgebraicDynamics.jl/commits{/sha}","git_commits_url":"https://api.github.com/repos/AlgebraicJulia/AlgebraicDynamics.jl/git/commits{/sha}","comments_url":"https://api.github.com/repos/AlgebraicJulia/AlgebraicDynamics.jl/comments{/number}","issue_comment_url":"https://api.github.com/repos/AlgebraicJulia/AlgebraicDynamics.jl/issues/comments{/number}","contents_url":"https://api.github.com/repos/AlgebraicJulia/AlgebraicDynamics.jl/contents/{+path}","compare_url":"https://api.github.com/repos/AlgebraicJulia/AlgebraicDynamics.jl/compare/{base}...{head}","merges_url":"https://api.github.com/repos/AlgebraicJulia/AlgebraicDynamics.jl/merges","archive_url":"https://api.github.com/repos/AlgebraicJulia/AlgebraicDynamics.jl/{archive_format}{/ref}","downloads_url":"https://api.github.com/repos/AlgebraicJulia/AlgebraicDynamics.jl/downloads","issues_url":"https://api.github.com/repos/AlgebraicJulia/AlgebraicDynamics.jl/issues{/number}","pulls_url":"https://api.github.com/repos/AlgebraicJulia/AlgebraicDynamics.jl/pulls{/number}","milestones_url":"https://api.github.com/repos/AlgebraicJulia/AlgebraicDynamics.jl/milestones{/number}","notifications_url":"https://api.github.com/repos/AlgebraicJulia/AlgebraicDynamics.jl/notifications{?since,all,participating}","labels_url":"https://api.github.com/repos/AlgebraicJulia/AlgebraicDynamics.jl/labels{/name}","releases_url":"https://api.github.com/repos/AlgebraicJulia/AlgebraicDynamics.jl/releases{/id}","deployments_url":"https://api.github.com/repos/AlgebraicJulia/AlgebraicDynamics.jl/deployments","created_at":"2020-05-22T13:57:15Z","updated_at":"2022-06-28T18:03:38Z","pushed_at":"2022-06-13T01:06:20Z","git_url":"git://github.com/AlgebraicJulia/AlgebraicDynamics.jl.git","ssh_url":"git@github.com:AlgebraicJulia/AlgebraicDynamics.jl.git","clone_url":"https://github.com/AlgebraicJulia/AlgebraicDynamics.jl.git","svn_url":"https://github.com/AlgebraicJulia/AlgebraicDynamics.jl","homepage":"","size":99188,"stargazers_count":32,"watchers_count":32,"language":"Jupyter Notebook","has_issues":true,"has_projects":true,"has_downloads":true,"has_wiki":true,"has_pages":true,"forks_count":9,"mirror_url":null,"archived":false,"disabled":false,"open_issues_count":23,"license":{"key":"bsd-2-clause","name":"BSD 2-Clause \"Simplified\" License","spdx_id":"BSD-2-Clause","url":"https://api.github.com/licenses/bsd-2-clause","node_id":"MDc6TGljZW5zZTQ="},"allow_forking":true,"is_template":false,"web_commit_signoff_required":false,"topics":[],"visibility":"public","forks":9,"open_issues":23,"watchers":32,"default_branch":"master","permissions":{"admin":false,"maintain":false,"push":false,"triage":false,"pull":true},"temp_clone_token":"","organization":{"login":"AlgebraicJulia","id":62577972,"node_id":"MDEyOk9yZ2FuaXphdGlvbjYyNTc3OTcy","avatar_url":"https://avatars.githubusercontent.com/u/62577972?v=4","gravatar_id":"","url":"https://api.github.com/users/AlgebraicJulia","html_url":"https://github.com/AlgebraicJulia","followers_url":"https://api.github.com/users/AlgebraicJulia/followers","following_url":"https://api.github.com/users/AlgebraicJulia/following{/other_user}","gists_url":"https://api.github.com/users/AlgebraicJulia/gists{/gist_id}","starred_url":"https://api.github.com/users/AlgebraicJulia/starred{/owner}{/repo}","subscriptions_url":"https://api.github.com/users/AlgebraicJulia/subscriptions","organizations_url":"https://api.github.com/users/AlgebraicJulia/orgs","repos_url":"https://api.github.com/users/AlgebraicJulia/repos","events_url":"https://api.github.com/users/AlgebraicJulia/events{/privacy}","received_events_url":"https://api.github.com/users/AlgebraicJulia/received_events","type":"Organization","site_admin":false},"network_count":9,"subscribers_count":8}