{"id":156822343,"node_id":"MDEwOlJlcG9zaXRvcnkxNTY4MjIzNDM=","name":"AltDistributions.jl","full_name":"tpapp/AltDistributions.jl","private":false,"owner":{"login":"tpapp","id":84122,"node_id":"MDQ6VXNlcjg0MTIy","avatar_url":"https://avatars.githubusercontent.com/u/84122?v=4","gravatar_id":"","url":"https://api.github.com/users/tpapp","html_url":"https://github.com/tpapp","followers_url":"https://api.github.com/users/tpapp/followers","following_url":"https://api.github.com/users/tpapp/following{/other_user}","gists_url":"https://api.github.com/users/tpapp/gists{/gist_id}","starred_url":"https://api.github.com/users/tpapp/starred{/owner}{/repo}","subscriptions_url":"https://api.github.com/users/tpapp/subscriptions","organizations_url":"https://api.github.com/users/tpapp/orgs","repos_url":"https://api.github.com/users/tpapp/repos","events_url":"https://api.github.com/users/tpapp/events{/privacy}","received_events_url":"https://api.github.com/users/tpapp/received_events","type":"User","site_admin":false},"html_url":"https://github.com/tpapp/AltDistributions.jl","description":"Implementations for some distributions using a consistent API and AD-friendly code.","fork":false,"url":"https://api.github.com/repos/tpapp/AltDistributions.jl","forks_url":"https://api.github.com/repos/tpapp/AltDistributions.jl/forks","keys_url":"https://api.github.com/repos/tpapp/AltDistributions.jl/keys{/key_id}","collaborators_url":"https://api.github.com/repos/tpapp/AltDistributions.jl/collaborators{/collaborator}","teams_url":"https://api.github.com/repos/tpapp/AltDistributions.jl/teams","hooks_url":"https://api.github.com/repos/tpapp/AltDistributions.jl/hooks","issue_events_url":"https://api.github.com/repos/tpapp/AltDistributions.jl/issues/events{/number}","events_url":"https://api.github.com/repos/tpapp/AltDistributions.jl/events","assignees_url":"https://api.github.com/repos/tpapp/AltDistributions.jl/assignees{/user}","branches_url":"https://api.github.com/repos/tpapp/AltDistributions.jl/branches{/branch}","tags_url":"https://api.github.com/repos/tpapp/AltDistributions.jl/tags","blobs_url":"https://api.github.com/repos/tpapp/AltDistributions.jl/git/blobs{/sha}","git_tags_url":"https://api.github.com/repos/tpapp/AltDistributions.jl/git/tags{/sha}","git_refs_url":"https://api.github.com/repos/tpapp/AltDistributions.jl/git/refs{/sha}","trees_url":"https://api.github.com/repos/tpapp/AltDistributions.jl/git/trees{/sha}","statuses_url":"https://api.github.com/repos/tpapp/AltDistributions.jl/statuses/{sha}","languages_url":"https://api.github.com/repos/tpapp/AltDistributions.jl/languages","stargazers_url":"https://api.github.com/repos/tpapp/AltDistributions.jl/stargazers","contributors_url":"https://api.github.com/repos/tpapp/AltDistributions.jl/contributors","subscribers_url":"https://api.github.com/repos/tpapp/AltDistributions.jl/subscribers","subscription_url":"https://api.github.com/repos/tpapp/AltDistributions.jl/subscription","commits_url":"https://api.github.com/repos/tpapp/AltDistributions.jl/commits{/sha}","git_commits_url":"https://api.github.com/repos/tpapp/AltDistributions.jl/git/commits{/sha}","comments_url":"https://api.github.com/repos/tpapp/AltDistributions.jl/comments{/number}","issue_comment_url":"https://api.github.com/repos/tpapp/AltDistributions.jl/issues/comments{/number}","contents_url":"https://api.github.com/repos/tpapp/AltDistributions.jl/contents/{+path}","compare_url":"https://api.github.com/repos/tpapp/AltDistributions.jl/compare/{base}...{head}","merges_url":"https://api.github.com/repos/tpapp/AltDistributions.jl/merges","archive_url":"https://api.github.com/repos/tpapp/AltDistributions.jl/{archive_format}{/ref}","downloads_url":"https://api.github.com/repos/tpapp/AltDistributions.jl/downloads","issues_url":"https://api.github.com/repos/tpapp/AltDistributions.jl/issues{/number}","pulls_url":"https://api.github.com/repos/tpapp/AltDistributions.jl/pulls{/number}","milestones_url":"https://api.github.com/repos/tpapp/AltDistributions.jl/milestones{/number}","notifications_url":"https://api.github.com/repos/tpapp/AltDistributions.jl/notifications{?since,all,participating}","labels_url":"https://api.github.com/repos/tpapp/AltDistributions.jl/labels{/name}","releases_url":"https://api.github.com/repos/tpapp/AltDistributions.jl/releases{/id}","deployments_url":"https://api.github.com/repos/tpapp/AltDistributions.jl/deployments","created_at":"2018-11-09T06:52:30Z","updated_at":"2021-06-09T23:33:36Z","pushed_at":"2020-12-20T09:12:59Z","git_url":"git://github.com/tpapp/AltDistributions.jl.git","ssh_url":"git@github.com:tpapp/AltDistributions.jl.git","clone_url":"https://github.com/tpapp/AltDistributions.jl.git","svn_url":"https://github.com/tpapp/AltDistributions.jl","homepage":null,"size":32,"stargazers_count":5,"watchers_count":5,"language":"Julia","has_issues":true,"has_projects":true,"has_downloads":true,"has_wiki":true,"has_pages":true,"forks_count":3,"mirror_url":null,"archived":false,"disabled":false,"open_issues_count":4,"license":{"key":"other","name":"Other","spdx_id":"NOASSERTION","url":null,"node_id":"MDc6TGljZW5zZTA="},"allow_forking":true,"is_template":false,"web_commit_signoff_required":false,"topics":["bayesian","bayesian-inference","julia","probability-distributions"],"visibility":"public","forks":3,"open_issues":4,"watchers":5,"default_branch":"master","permissions":{"admin":false,"maintain":false,"push":false,"triage":false,"pull":true},"temp_clone_token":"","network_count":3,"subscribers_count":3}