{"id":223271359,"node_id":"MDEwOlJlcG9zaXRvcnkyMjMyNzEzNTk=","name":"AMRVW.jl","full_name":"jverzani/AMRVW.jl","private":false,"owner":{"login":"jverzani","id":421708,"node_id":"MDQ6VXNlcjQyMTcwOA==","avatar_url":"https://avatars.githubusercontent.com/u/421708?v=4","gravatar_id":"","url":"https://api.github.com/users/jverzani","html_url":"https://github.com/jverzani","followers_url":"https://api.github.com/users/jverzani/followers","following_url":"https://api.github.com/users/jverzani/following{/other_user}","gists_url":"https://api.github.com/users/jverzani/gists{/gist_id}","starred_url":"https://api.github.com/users/jverzani/starred{/owner}{/repo}","subscriptions_url":"https://api.github.com/users/jverzani/subscriptions","organizations_url":"https://api.github.com/users/jverzani/orgs","repos_url":"https://api.github.com/users/jverzani/repos","events_url":"https://api.github.com/users/jverzani/events{/privacy}","received_events_url":"https://api.github.com/users/jverzani/received_events","type":"User","site_admin":false},"html_url":"https://github.com/jverzani/AMRVW.jl","description":"Implementation in Julia of unitary core transformations approach to finding eigenvalues of companion matrices","fork":false,"url":"https://api.github.com/repos/jverzani/AMRVW.jl","forks_url":"https://api.github.com/repos/jverzani/AMRVW.jl/forks","keys_url":"https://api.github.com/repos/jverzani/AMRVW.jl/keys{/key_id}","collaborators_url":"https://api.github.com/repos/jverzani/AMRVW.jl/collaborators{/collaborator}","teams_url":"https://api.github.com/repos/jverzani/AMRVW.jl/teams","hooks_url":"https://api.github.com/repos/jverzani/AMRVW.jl/hooks","issue_events_url":"https://api.github.com/repos/jverzani/AMRVW.jl/issues/events{/number}","events_url":"https://api.github.com/repos/jverzani/AMRVW.jl/events","assignees_url":"https://api.github.com/repos/jverzani/AMRVW.jl/assignees{/user}","branches_url":"https://api.github.com/repos/jverzani/AMRVW.jl/branches{/branch}","tags_url":"https://api.github.com/repos/jverzani/AMRVW.jl/tags","blobs_url":"https://api.github.com/repos/jverzani/AMRVW.jl/git/blobs{/sha}","git_tags_url":"https://api.github.com/repos/jverzani/AMRVW.jl/git/tags{/sha}","git_refs_url":"https://api.github.com/repos/jverzani/AMRVW.jl/git/refs{/sha}","trees_url":"https://api.github.com/repos/jverzani/AMRVW.jl/git/trees{/sha}","statuses_url":"https://api.github.com/repos/jverzani/AMRVW.jl/statuses/{sha}","languages_url":"https://api.github.com/repos/jverzani/AMRVW.jl/languages","stargazers_url":"https://api.github.com/repos/jverzani/AMRVW.jl/stargazers","contributors_url":"https://api.github.com/repos/jverzani/AMRVW.jl/contributors","subscribers_url":"https://api.github.com/repos/jverzani/AMRVW.jl/subscribers","subscription_url":"https://api.github.com/repos/jverzani/AMRVW.jl/subscription","commits_url":"https://api.github.com/repos/jverzani/AMRVW.jl/commits{/sha}","git_commits_url":"https://api.github.com/repos/jverzani/AMRVW.jl/git/commits{/sha}","comments_url":"https://api.github.com/repos/jverzani/AMRVW.jl/comments{/number}","issue_comment_url":"https://api.github.com/repos/jverzani/AMRVW.jl/issues/comments{/number}","contents_url":"https://api.github.com/repos/jverzani/AMRVW.jl/contents/{+path}","compare_url":"https://api.github.com/repos/jverzani/AMRVW.jl/compare/{base}...{head}","merges_url":"https://api.github.com/repos/jverzani/AMRVW.jl/merges","archive_url":"https://api.github.com/repos/jverzani/AMRVW.jl/{archive_format}{/ref}","downloads_url":"https://api.github.com/repos/jverzani/AMRVW.jl/downloads","issues_url":"https://api.github.com/repos/jverzani/AMRVW.jl/issues{/number}","pulls_url":"https://api.github.com/repos/jverzani/AMRVW.jl/pulls{/number}","milestones_url":"https://api.github.com/repos/jverzani/AMRVW.jl/milestones{/number}","notifications_url":"https://api.github.com/repos/jverzani/AMRVW.jl/notifications{?since,all,participating}","labels_url":"https://api.github.com/repos/jverzani/AMRVW.jl/labels{/name}","releases_url":"https://api.github.com/repos/jverzani/AMRVW.jl/releases{/id}","deployments_url":"https://api.github.com/repos/jverzani/AMRVW.jl/deployments","created_at":"2019-11-21T21:46:53Z","updated_at":"2021-12-08T21:32:47Z","pushed_at":"2022-04-27T01:19:20Z","git_url":"git://github.com/jverzani/AMRVW.jl.git","ssh_url":"git@github.com:jverzani/AMRVW.jl.git","clone_url":"https://github.com/jverzani/AMRVW.jl.git","svn_url":"https://github.com/jverzani/AMRVW.jl","homepage":null,"size":169,"stargazers_count":4,"watchers_count":4,"language":"Julia","has_issues":true,"has_projects":true,"has_downloads":true,"has_wiki":true,"has_pages":true,"forks_count":0,"mirror_url":null,"archived":false,"disabled":false,"open_issues_count":2,"license":{"key":"mit","name":"MIT License","spdx_id":"MIT","url":"https://api.github.com/licenses/mit","node_id":"MDc6TGljZW5zZTEz"},"allow_forking":true,"is_template":false,"web_commit_signoff_required":false,"topics":[],"visibility":"public","forks":0,"open_issues":2,"watchers":4,"default_branch":"master","permissions":{"admin":false,"maintain":false,"push":false,"triage":false,"pull":true},"temp_clone_token":"","network_count":0,"subscribers_count":3}