{"id":116177453,"node_id":"MDEwOlJlcG9zaXRvcnkxMTYxNzc0NTM=","name":"AEMS.jl","full_name":"JuliaPOMDP/AEMS.jl","private":false,"owner":{"login":"JuliaPOMDP","id":16347008,"node_id":"MDEyOk9yZ2FuaXphdGlvbjE2MzQ3MDA4","avatar_url":"https://avatars.githubusercontent.com/u/16347008?v=4","gravatar_id":"","url":"https://api.github.com/users/JuliaPOMDP","html_url":"https://github.com/JuliaPOMDP","followers_url":"https://api.github.com/users/JuliaPOMDP/followers","following_url":"https://api.github.com/users/JuliaPOMDP/following{/other_user}","gists_url":"https://api.github.com/users/JuliaPOMDP/gists{/gist_id}","starred_url":"https://api.github.com/users/JuliaPOMDP/starred{/owner}{/repo}","subscriptions_url":"https://api.github.com/users/JuliaPOMDP/subscriptions","organizations_url":"https://api.github.com/users/JuliaPOMDP/orgs","repos_url":"https://api.github.com/users/JuliaPOMDP/repos","events_url":"https://api.github.com/users/JuliaPOMDP/events{/privacy}","received_events_url":"https://api.github.com/users/JuliaPOMDP/received_events","type":"Organization","site_admin":false},"html_url":"https://github.com/JuliaPOMDP/AEMS.jl","description":"Anytime error minimization search for POMDPs, implemented in Julia.","fork":false,"url":"https://api.github.com/repos/JuliaPOMDP/AEMS.jl","forks_url":"https://api.github.com/repos/JuliaPOMDP/AEMS.jl/forks","keys_url":"https://api.github.com/repos/JuliaPOMDP/AEMS.jl/keys{/key_id}","collaborators_url":"https://api.github.com/repos/JuliaPOMDP/AEMS.jl/collaborators{/collaborator}","teams_url":"https://api.github.com/repos/JuliaPOMDP/AEMS.jl/teams","hooks_url":"https://api.github.com/repos/JuliaPOMDP/AEMS.jl/hooks","issue_events_url":"https://api.github.com/repos/JuliaPOMDP/AEMS.jl/issues/events{/number}","events_url":"https://api.github.com/repos/JuliaPOMDP/AEMS.jl/events","assignees_url":"https://api.github.com/repos/JuliaPOMDP/AEMS.jl/assignees{/user}","branches_url":"https://api.github.com/repos/JuliaPOMDP/AEMS.jl/branches{/branch}","tags_url":"https://api.github.com/repos/JuliaPOMDP/AEMS.jl/tags","blobs_url":"https://api.github.com/repos/JuliaPOMDP/AEMS.jl/git/blobs{/sha}","git_tags_url":"https://api.github.com/repos/JuliaPOMDP/AEMS.jl/git/tags{/sha}","git_refs_url":"https://api.github.com/repos/JuliaPOMDP/AEMS.jl/git/refs{/sha}","trees_url":"https://api.github.com/repos/JuliaPOMDP/AEMS.jl/git/trees{/sha}","statuses_url":"https://api.github.com/repos/JuliaPOMDP/AEMS.jl/statuses/{sha}","languages_url":"https://api.github.com/repos/JuliaPOMDP/AEMS.jl/languages","stargazers_url":"https://api.github.com/repos/JuliaPOMDP/AEMS.jl/stargazers","contributors_url":"https://api.github.com/repos/JuliaPOMDP/AEMS.jl/contributors","subscribers_url":"https://api.github.com/repos/JuliaPOMDP/AEMS.jl/subscribers","subscription_url":"https://api.github.com/repos/JuliaPOMDP/AEMS.jl/subscription","commits_url":"https://api.github.com/repos/JuliaPOMDP/AEMS.jl/commits{/sha}","git_commits_url":"https://api.github.com/repos/JuliaPOMDP/AEMS.jl/git/commits{/sha}","comments_url":"https://api.github.com/repos/JuliaPOMDP/AEMS.jl/comments{/number}","issue_comment_url":"https://api.github.com/repos/JuliaPOMDP/AEMS.jl/issues/comments{/number}","contents_url":"https://api.github.com/repos/JuliaPOMDP/AEMS.jl/contents/{+path}","compare_url":"https://api.github.com/repos/JuliaPOMDP/AEMS.jl/compare/{base}...{head}","merges_url":"https://api.github.com/repos/JuliaPOMDP/AEMS.jl/merges","archive_url":"https://api.github.com/repos/JuliaPOMDP/AEMS.jl/{archive_format}{/ref}","downloads_url":"https://api.github.com/repos/JuliaPOMDP/AEMS.jl/downloads","issues_url":"https://api.github.com/repos/JuliaPOMDP/AEMS.jl/issues{/number}","pulls_url":"https://api.github.com/repos/JuliaPOMDP/AEMS.jl/pulls{/number}","milestones_url":"https://api.github.com/repos/JuliaPOMDP/AEMS.jl/milestones{/number}","notifications_url":"https://api.github.com/repos/JuliaPOMDP/AEMS.jl/notifications{?since,all,participating}","labels_url":"https://api.github.com/repos/JuliaPOMDP/AEMS.jl/labels{/name}","releases_url":"https://api.github.com/repos/JuliaPOMDP/AEMS.jl/releases{/id}","deployments_url":"https://api.github.com/repos/JuliaPOMDP/AEMS.jl/deployments","created_at":"2018-01-03T20:10:21Z","updated_at":"2021-09-20T21:23:46Z","pushed_at":"2021-08-11T20:03:54Z","git_url":"git://github.com/JuliaPOMDP/AEMS.jl.git","ssh_url":"git@github.com:JuliaPOMDP/AEMS.jl.git","clone_url":"https://github.com/JuliaPOMDP/AEMS.jl.git","svn_url":"https://github.com/JuliaPOMDP/AEMS.jl","homepage":null,"size":67,"stargazers_count":5,"watchers_count":5,"language":"Julia","has_issues":true,"has_projects":true,"has_downloads":true,"has_wiki":true,"has_pages":false,"forks_count":2,"mirror_url":null,"archived":false,"disabled":false,"open_issues_count":1,"license":{"key":"other","name":"Other","spdx_id":"NOASSERTION","url":null,"node_id":"MDc6TGljZW5zZTA="},"allow_forking":true,"is_template":false,"web_commit_signoff_required":false,"topics":[],"visibility":"public","forks":2,"open_issues":1,"watchers":5,"default_branch":"master","permissions":{"admin":false,"maintain":false,"push":false,"triage":false,"pull":true},"temp_clone_token":"","organization":{"login":"JuliaPOMDP","id":16347008,"node_id":"MDEyOk9yZ2FuaXphdGlvbjE2MzQ3MDA4","avatar_url":"https://avatars.githubusercontent.com/u/16347008?v=4","gravatar_id":"","url":"https://api.github.com/users/JuliaPOMDP","html_url":"https://github.com/JuliaPOMDP","followers_url":"https://api.github.com/users/JuliaPOMDP/followers","following_url":"https://api.github.com/users/JuliaPOMDP/following{/other_user}","gists_url":"https://api.github.com/users/JuliaPOMDP/gists{/gist_id}","starred_url":"https://api.github.com/users/JuliaPOMDP/starred{/owner}{/repo}","subscriptions_url":"https://api.github.com/users/JuliaPOMDP/subscriptions","organizations_url":"https://api.github.com/users/JuliaPOMDP/orgs","repos_url":"https://api.github.com/users/JuliaPOMDP/repos","events_url":"https://api.github.com/users/JuliaPOMDP/events{/privacy}","received_events_url":"https://api.github.com/users/JuliaPOMDP/received_events","type":"Organization","site_admin":false},"network_count":2,"subscribers_count":9}