{"id":206962253,"node_id":"MDEwOlJlcG9zaXRvcnkyMDY5NjIyNTM=","name":"AbstractIndices.jl","full_name":"Tokazama/AbstractIndices.jl","private":false,"owner":{"login":"Tokazama","id":13888485,"node_id":"MDQ6VXNlcjEzODg4NDg1","avatar_url":"https://avatars.githubusercontent.com/u/13888485?v=4","gravatar_id":"","url":"https://api.github.com/users/Tokazama","html_url":"https://github.com/Tokazama","followers_url":"https://api.github.com/users/Tokazama/followers","following_url":"https://api.github.com/users/Tokazama/following{/other_user}","gists_url":"https://api.github.com/users/Tokazama/gists{/gist_id}","starred_url":"https://api.github.com/users/Tokazama/starred{/owner}{/repo}","subscriptions_url":"https://api.github.com/users/Tokazama/subscriptions","organizations_url":"https://api.github.com/users/Tokazama/orgs","repos_url":"https://api.github.com/users/Tokazama/repos","events_url":"https://api.github.com/users/Tokazama/events{/privacy}","received_events_url":"https://api.github.com/users/Tokazama/received_events","type":"User","site_admin":false},"html_url":"https://github.com/Tokazama/AbstractIndices.jl","description":"A generic interface to indices in Julia with additional concrete types specified.","fork":false,"url":"https://api.github.com/repos/Tokazama/AbstractIndices.jl","forks_url":"https://api.github.com/repos/Tokazama/AbstractIndices.jl/forks","keys_url":"https://api.github.com/repos/Tokazama/AbstractIndices.jl/keys{/key_id}","collaborators_url":"https://api.github.com/repos/Tokazama/AbstractIndices.jl/collaborators{/collaborator}","teams_url":"https://api.github.com/repos/Tokazama/AbstractIndices.jl/teams","hooks_url":"https://api.github.com/repos/Tokazama/AbstractIndices.jl/hooks","issue_events_url":"https://api.github.com/repos/Tokazama/AbstractIndices.jl/issues/events{/number}","events_url":"https://api.github.com/repos/Tokazama/AbstractIndices.jl/events","assignees_url":"https://api.github.com/repos/Tokazama/AbstractIndices.jl/assignees{/user}","branches_url":"https://api.github.com/repos/Tokazama/AbstractIndices.jl/branches{/branch}","tags_url":"https://api.github.com/repos/Tokazama/AbstractIndices.jl/tags","blobs_url":"https://api.github.com/repos/Tokazama/AbstractIndices.jl/git/blobs{/sha}","git_tags_url":"https://api.github.com/repos/Tokazama/AbstractIndices.jl/git/tags{/sha}","git_refs_url":"https://api.github.com/repos/Tokazama/AbstractIndices.jl/git/refs{/sha}","trees_url":"https://api.github.com/repos/Tokazama/AbstractIndices.jl/git/trees{/sha}","statuses_url":"https://api.github.com/repos/Tokazama/AbstractIndices.jl/statuses/{sha}","languages_url":"https://api.github.com/repos/Tokazama/AbstractIndices.jl/languages","stargazers_url":"https://api.github.com/repos/Tokazama/AbstractIndices.jl/stargazers","contributors_url":"https://api.github.com/repos/Tokazama/AbstractIndices.jl/contributors","subscribers_url":"https://api.github.com/repos/Tokazama/AbstractIndices.jl/subscribers","subscription_url":"https://api.github.com/repos/Tokazama/AbstractIndices.jl/subscription","commits_url":"https://api.github.com/repos/Tokazama/AbstractIndices.jl/commits{/sha}","git_commits_url":"https://api.github.com/repos/Tokazama/AbstractIndices.jl/git/commits{/sha}","comments_url":"https://api.github.com/repos/Tokazama/AbstractIndices.jl/comments{/number}","issue_comment_url":"https://api.github.com/repos/Tokazama/AbstractIndices.jl/issues/comments{/number}","contents_url":"https://api.github.com/repos/Tokazama/AbstractIndices.jl/contents/{+path}","compare_url":"https://api.github.com/repos/Tokazama/AbstractIndices.jl/compare/{base}...{head}","merges_url":"https://api.github.com/repos/Tokazama/AbstractIndices.jl/merges","archive_url":"https://api.github.com/repos/Tokazama/AbstractIndices.jl/{archive_format}{/ref}","downloads_url":"https://api.github.com/repos/Tokazama/AbstractIndices.jl/downloads","issues_url":"https://api.github.com/repos/Tokazama/AbstractIndices.jl/issues{/number}","pulls_url":"https://api.github.com/repos/Tokazama/AbstractIndices.jl/pulls{/number}","milestones_url":"https://api.github.com/repos/Tokazama/AbstractIndices.jl/milestones{/number}","notifications_url":"https://api.github.com/repos/Tokazama/AbstractIndices.jl/notifications{?since,all,participating}","labels_url":"https://api.github.com/repos/Tokazama/AbstractIndices.jl/labels{/name}","releases_url":"https://api.github.com/repos/Tokazama/AbstractIndices.jl/releases{/id}","deployments_url":"https://api.github.com/repos/Tokazama/AbstractIndices.jl/deployments","created_at":"2019-09-07T12:03:49Z","updated_at":"2020-02-09T09:12:16Z","pushed_at":"2020-02-09T09:12:14Z","git_url":"git://github.com/Tokazama/AbstractIndices.jl.git","ssh_url":"git@github.com:Tokazama/AbstractIndices.jl.git","clone_url":"https://github.com/Tokazama/AbstractIndices.jl.git","svn_url":"https://github.com/Tokazama/AbstractIndices.jl","homepage":null,"size":182,"stargazers_count":1,"watchers_count":1,"language":"Julia","has_issues":true,"has_projects":true,"has_downloads":true,"has_wiki":true,"has_pages":false,"forks_count":0,"mirror_url":null,"archived":false,"disabled":false,"open_issues_count":0,"license":{"key":"mit","name":"MIT License","spdx_id":"MIT","url":"https://api.github.com/licenses/mit","node_id":"MDc6TGljZW5zZTEz"},"allow_forking":true,"is_template":false,"web_commit_signoff_required":false,"topics":[],"visibility":"public","forks":0,"open_issues":0,"watchers":1,"default_branch":"master","permissions":{"admin":false,"maintain":false,"push":false,"triage":false,"pull":true},"temp_clone_token":"","network_count":0,"subscribers_count":3}