{"name":"README.md","path":"README.md","sha":"18299dd3f7a1175a2168628ecd16aa556a24f84a","size":160,"url":"https://api.github.com/repos/Tokazama/AbstractIndices.jl/contents/README.md?ref=master","html_url":"https://github.com/Tokazama/AbstractIndices.jl/blob/master/README.md","git_url":"https://api.github.com/repos/Tokazama/AbstractIndices.jl/git/blobs/18299dd3f7a1175a2168628ecd16aa556a24f84a","download_url":"https://raw.githubusercontent.com/Tokazama/AbstractIndices.jl/master/README.md","type":"file","content":"IyBBYnN0cmFjdEluZGljZXMuamwKClshW0J1aWxkIFN0YXR1c10oaHR0cHM6\nLy90cmF2aXMtY2kuY29tL1Rva2F6YW1hL0Fic3RyYWN0SW5kaWNlcy5qbC5z\ndmc/YnJhbmNoPW1hc3RlcildKGh0dHBzOi8vdHJhdmlzLWNpLmNvbS9Ub2th\nemFtYS9BYnN0cmFjdEluZGljZXMuamwpCg==\n","encoding":"base64","_links":{"self":"https://api.github.com/repos/Tokazama/AbstractIndices.jl/contents/README.md?ref=master","git":"https://api.github.com/repos/Tokazama/AbstractIndices.jl/git/blobs/18299dd3f7a1175a2168628ecd16aa556a24f84a","html":"https://github.com/Tokazama/AbstractIndices.jl/blob/master/README.md"}}