{"id":36465936,"node_id":"MDEwOlJlcG9zaXRvcnkzNjQ2NTkzNg==","name":"ArrayFire.jl","full_name":"JuliaGPU/ArrayFire.jl","private":false,"owner":{"login":"JuliaGPU","id":7346142,"node_id":"MDEyOk9yZ2FuaXphdGlvbjczNDYxNDI=","avatar_url":"https://avatars.githubusercontent.com/u/7346142?v=4","gravatar_id":"","url":"https://api.github.com/users/JuliaGPU","html_url":"https://github.com/JuliaGPU","followers_url":"https://api.github.com/users/JuliaGPU/followers","following_url":"https://api.github.com/users/JuliaGPU/following{/other_user}","gists_url":"https://api.github.com/users/JuliaGPU/gists{/gist_id}","starred_url":"https://api.github.com/users/JuliaGPU/starred{/owner}{/repo}","subscriptions_url":"https://api.github.com/users/JuliaGPU/subscriptions","organizations_url":"https://api.github.com/users/JuliaGPU/orgs","repos_url":"https://api.github.com/users/JuliaGPU/repos","events_url":"https://api.github.com/users/JuliaGPU/events{/privacy}","received_events_url":"https://api.github.com/users/JuliaGPU/received_events","type":"Organization","site_admin":false},"html_url":"https://github.com/JuliaGPU/ArrayFire.jl","description":"Julia wrapper for the ArrayFire library","fork":false,"url":"https://api.github.com/repos/JuliaGPU/ArrayFire.jl","forks_url":"https://api.github.com/repos/JuliaGPU/ArrayFire.jl/forks","keys_url":"https://api.github.com/repos/JuliaGPU/ArrayFire.jl/keys{/key_id}","collaborators_url":"https://api.github.com/repos/JuliaGPU/ArrayFire.jl/collaborators{/collaborator}","teams_url":"https://api.github.com/repos/JuliaGPU/ArrayFire.jl/teams","hooks_url":"https://api.github.com/repos/JuliaGPU/ArrayFire.jl/hooks","issue_events_url":"https://api.github.com/repos/JuliaGPU/ArrayFire.jl/issues/events{/number}","events_url":"https://api.github.com/repos/JuliaGPU/ArrayFire.jl/events","assignees_url":"https://api.github.com/repos/JuliaGPU/ArrayFire.jl/assignees{/user}","branches_url":"https://api.github.com/repos/JuliaGPU/ArrayFire.jl/branches{/branch}","tags_url":"https://api.github.com/repos/JuliaGPU/ArrayFire.jl/tags","blobs_url":"https://api.github.com/repos/JuliaGPU/ArrayFire.jl/git/blobs{/sha}","git_tags_url":"https://api.github.com/repos/JuliaGPU/ArrayFire.jl/git/tags{/sha}","git_refs_url":"https://api.github.com/repos/JuliaGPU/ArrayFire.jl/git/refs{/sha}","trees_url":"https://api.github.com/repos/JuliaGPU/ArrayFire.jl/git/trees{/sha}","statuses_url":"https://api.github.com/repos/JuliaGPU/ArrayFire.jl/statuses/{sha}","languages_url":"https://api.github.com/repos/JuliaGPU/ArrayFire.jl/languages","stargazers_url":"https://api.github.com/repos/JuliaGPU/ArrayFire.jl/stargazers","contributors_url":"https://api.github.com/repos/JuliaGPU/ArrayFire.jl/contributors","subscribers_url":"https://api.github.com/repos/JuliaGPU/ArrayFire.jl/subscribers","subscription_url":"https://api.github.com/repos/JuliaGPU/ArrayFire.jl/subscription","commits_url":"https://api.github.com/repos/JuliaGPU/ArrayFire.jl/commits{/sha}","git_commits_url":"https://api.github.com/repos/JuliaGPU/ArrayFire.jl/git/commits{/sha}","comments_url":"https://api.github.com/repos/JuliaGPU/ArrayFire.jl/comments{/number}","issue_comment_url":"https://api.github.com/repos/JuliaGPU/ArrayFire.jl/issues/comments{/number}","contents_url":"https://api.github.com/repos/JuliaGPU/ArrayFire.jl/contents/{+path}","compare_url":"https://api.github.com/repos/JuliaGPU/ArrayFire.jl/compare/{base}...{head}","merges_url":"https://api.github.com/repos/JuliaGPU/ArrayFire.jl/merges","archive_url":"https://api.github.com/repos/JuliaGPU/ArrayFire.jl/{archive_format}{/ref}","downloads_url":"https://api.github.com/repos/JuliaGPU/ArrayFire.jl/downloads","issues_url":"https://api.github.com/repos/JuliaGPU/ArrayFire.jl/issues{/number}","pulls_url":"https://api.github.com/repos/JuliaGPU/ArrayFire.jl/pulls{/number}","milestones_url":"https://api.github.com/repos/JuliaGPU/ArrayFire.jl/milestones{/number}","notifications_url":"https://api.github.com/repos/JuliaGPU/ArrayFire.jl/notifications{?since,all,participating}","labels_url":"https://api.github.com/repos/JuliaGPU/ArrayFire.jl/labels{/name}","releases_url":"https://api.github.com/repos/JuliaGPU/ArrayFire.jl/releases{/id}","deployments_url":"https://api.github.com/repos/JuliaGPU/ArrayFire.jl/deployments","created_at":"2015-05-28T21:01:58Z","updated_at":"2022-06-23T17:39:28Z","pushed_at":"2020-11-18T16:52:26Z","git_url":"git://github.com/JuliaGPU/ArrayFire.jl.git","ssh_url":"git@github.com:JuliaGPU/ArrayFire.jl.git","clone_url":"https://github.com/JuliaGPU/ArrayFire.jl.git","svn_url":"https://github.com/JuliaGPU/ArrayFire.jl","homepage":"","size":719,"stargazers_count":200,"watchers_count":200,"language":"Julia","has_issues":true,"has_projects":true,"has_downloads":true,"has_wiki":false,"has_pages":false,"forks_count":36,"mirror_url":null,"archived":false,"disabled":false,"open_issues_count":44,"license":{"key":"other","name":"Other","spdx_id":"NOASSERTION","url":null,"node_id":"MDc6TGljZW5zZTA="},"allow_forking":true,"is_template":false,"web_commit_signoff_required":false,"topics":["arrayfire","arrayfire-library","cuda-backend","julia","machine-learning","opencl-backend"],"visibility":"public","forks":36,"open_issues":44,"watchers":200,"default_branch":"master","permissions":{"admin":false,"maintain":false,"push":false,"triage":false,"pull":true},"temp_clone_token":"","organization":{"login":"JuliaGPU","id":7346142,"node_id":"MDEyOk9yZ2FuaXphdGlvbjczNDYxNDI=","avatar_url":"https://avatars.githubusercontent.com/u/7346142?v=4","gravatar_id":"","url":"https://api.github.com/users/JuliaGPU","html_url":"https://github.com/JuliaGPU","followers_url":"https://api.github.com/users/JuliaGPU/followers","following_url":"https://api.github.com/users/JuliaGPU/following{/other_user}","gists_url":"https://api.github.com/users/JuliaGPU/gists{/gist_id}","starred_url":"https://api.github.com/users/JuliaGPU/starred{/owner}{/repo}","subscriptions_url":"https://api.github.com/users/JuliaGPU/subscriptions","organizations_url":"https://api.github.com/users/JuliaGPU/orgs","repos_url":"https://api.github.com/users/JuliaGPU/repos","events_url":"https://api.github.com/users/JuliaGPU/events{/privacy}","received_events_url":"https://api.github.com/users/JuliaGPU/received_events","type":"Organization","site_admin":false},"network_count":36,"subscribers_count":26}