{"id":250468435,"node_id":"MDEwOlJlcG9zaXRvcnkyNTA0Njg0MzU=","name":"ADI.jl","full_name":"JuliaHCI/ADI.jl","private":false,"owner":{"login":"JuliaHCI","id":62594833,"node_id":"MDEyOk9yZ2FuaXphdGlvbjYyNTk0ODMz","avatar_url":"https://avatars.githubusercontent.com/u/62594833?v=4","gravatar_id":"","url":"https://api.github.com/users/JuliaHCI","html_url":"https://github.com/JuliaHCI","followers_url":"https://api.github.com/users/JuliaHCI/followers","following_url":"https://api.github.com/users/JuliaHCI/following{/other_user}","gists_url":"https://api.github.com/users/JuliaHCI/gists{/gist_id}","starred_url":"https://api.github.com/users/JuliaHCI/starred{/owner}{/repo}","subscriptions_url":"https://api.github.com/users/JuliaHCI/subscriptions","organizations_url":"https://api.github.com/users/JuliaHCI/orgs","repos_url":"https://api.github.com/users/JuliaHCI/repos","events_url":"https://api.github.com/users/JuliaHCI/events{/privacy}","received_events_url":"https://api.github.com/users/JuliaHCI/received_events","type":"Organization","site_admin":false},"html_url":"https://github.com/JuliaHCI/ADI.jl","description":"Algorithms for performing angular differential imaging (ADI)","fork":false,"url":"https://api.github.com/repos/JuliaHCI/ADI.jl","forks_url":"https://api.github.com/repos/JuliaHCI/ADI.jl/forks","keys_url":"https://api.github.com/repos/JuliaHCI/ADI.jl/keys{/key_id}","collaborators_url":"https://api.github.com/repos/JuliaHCI/ADI.jl/collaborators{/collaborator}","teams_url":"https://api.github.com/repos/JuliaHCI/ADI.jl/teams","hooks_url":"https://api.github.com/repos/JuliaHCI/ADI.jl/hooks","issue_events_url":"https://api.github.com/repos/JuliaHCI/ADI.jl/issues/events{/number}","events_url":"https://api.github.com/repos/JuliaHCI/ADI.jl/events","assignees_url":"https://api.github.com/repos/JuliaHCI/ADI.jl/assignees{/user}","branches_url":"https://api.github.com/repos/JuliaHCI/ADI.jl/branches{/branch}","tags_url":"https://api.github.com/repos/JuliaHCI/ADI.jl/tags","blobs_url":"https://api.github.com/repos/JuliaHCI/ADI.jl/git/blobs{/sha}","git_tags_url":"https://api.github.com/repos/JuliaHCI/ADI.jl/git/tags{/sha}","git_refs_url":"https://api.github.com/repos/JuliaHCI/ADI.jl/git/refs{/sha}","trees_url":"https://api.github.com/repos/JuliaHCI/ADI.jl/git/trees{/sha}","statuses_url":"https://api.github.com/repos/JuliaHCI/ADI.jl/statuses/{sha}","languages_url":"https://api.github.com/repos/JuliaHCI/ADI.jl/languages","stargazers_url":"https://api.github.com/repos/JuliaHCI/ADI.jl/stargazers","contributors_url":"https://api.github.com/repos/JuliaHCI/ADI.jl/contributors","subscribers_url":"https://api.github.com/repos/JuliaHCI/ADI.jl/subscribers","subscription_url":"https://api.github.com/repos/JuliaHCI/ADI.jl/subscription","commits_url":"https://api.github.com/repos/JuliaHCI/ADI.jl/commits{/sha}","git_commits_url":"https://api.github.com/repos/JuliaHCI/ADI.jl/git/commits{/sha}","comments_url":"https://api.github.com/repos/JuliaHCI/ADI.jl/comments{/number}","issue_comment_url":"https://api.github.com/repos/JuliaHCI/ADI.jl/issues/comments{/number}","contents_url":"https://api.github.com/repos/JuliaHCI/ADI.jl/contents/{+path}","compare_url":"https://api.github.com/repos/JuliaHCI/ADI.jl/compare/{base}...{head}","merges_url":"https://api.github.com/repos/JuliaHCI/ADI.jl/merges","archive_url":"https://api.github.com/repos/JuliaHCI/ADI.jl/{archive_format}{/ref}","downloads_url":"https://api.github.com/repos/JuliaHCI/ADI.jl/downloads","issues_url":"https://api.github.com/repos/JuliaHCI/ADI.jl/issues{/number}","pulls_url":"https://api.github.com/repos/JuliaHCI/ADI.jl/pulls{/number}","milestones_url":"https://api.github.com/repos/JuliaHCI/ADI.jl/milestones{/number}","notifications_url":"https://api.github.com/repos/JuliaHCI/ADI.jl/notifications{?since,all,participating}","labels_url":"https://api.github.com/repos/JuliaHCI/ADI.jl/labels{/name}","releases_url":"https://api.github.com/repos/JuliaHCI/ADI.jl/releases{/id}","deployments_url":"https://api.github.com/repos/JuliaHCI/ADI.jl/deployments","created_at":"2020-03-27T07:27:36Z","updated_at":"2022-02-06T14:13:42Z","pushed_at":"2022-02-15T08:48:01Z","git_url":"git://github.com/JuliaHCI/ADI.jl.git","ssh_url":"git@github.com:JuliaHCI/ADI.jl.git","clone_url":"https://github.com/JuliaHCI/ADI.jl.git","svn_url":"https://github.com/JuliaHCI/ADI.jl","homepage":"https://juliahci.github.io/ADI.jl/dev/","size":64401,"stargazers_count":6,"watchers_count":6,"language":"Julia","has_issues":true,"has_projects":false,"has_downloads":true,"has_wiki":false,"has_pages":true,"forks_count":4,"mirror_url":null,"archived":false,"disabled":false,"open_issues_count":1,"license":{"key":"mit","name":"MIT License","spdx_id":"MIT","url":"https://api.github.com/licenses/mit","node_id":"MDc6TGljZW5zZTEz"},"allow_forking":true,"is_template":false,"web_commit_signoff_required":false,"topics":["adi","astronomy","hci","imaging","reduction"],"visibility":"public","forks":4,"open_issues":1,"watchers":6,"default_branch":"main","permissions":{"admin":false,"maintain":false,"push":false,"triage":false,"pull":true},"temp_clone_token":"","organization":{"login":"JuliaHCI","id":62594833,"node_id":"MDEyOk9yZ2FuaXphdGlvbjYyNTk0ODMz","avatar_url":"https://avatars.githubusercontent.com/u/62594833?v=4","gravatar_id":"","url":"https://api.github.com/users/JuliaHCI","html_url":"https://github.com/JuliaHCI","followers_url":"https://api.github.com/users/JuliaHCI/followers","following_url":"https://api.github.com/users/JuliaHCI/following{/other_user}","gists_url":"https://api.github.com/users/JuliaHCI/gists{/gist_id}","starred_url":"https://api.github.com/users/JuliaHCI/starred{/owner}{/repo}","subscriptions_url":"https://api.github.com/users/JuliaHCI/subscriptions","organizations_url":"https://api.github.com/users/JuliaHCI/orgs","repos_url":"https://api.github.com/users/JuliaHCI/repos","events_url":"https://api.github.com/users/JuliaHCI/events{/privacy}","received_events_url":"https://api.github.com/users/JuliaHCI/received_events","type":"Organization","site_admin":false},"network_count":4,"subscribers_count":2}