{"id":225428428,"node_id":"MDEwOlJlcG9zaXRvcnkyMjU0Mjg0Mjg=","name":"AdversarialPrediction.jl","full_name":"rizalzaf/AdversarialPrediction.jl","private":false,"owner":{"login":"rizalzaf","id":6845441,"node_id":"MDQ6VXNlcjY4NDU0NDE=","avatar_url":"https://avatars.githubusercontent.com/u/6845441?v=4","gravatar_id":"","url":"https://api.github.com/users/rizalzaf","html_url":"https://github.com/rizalzaf","followers_url":"https://api.github.com/users/rizalzaf/followers","following_url":"https://api.github.com/users/rizalzaf/following{/other_user}","gists_url":"https://api.github.com/users/rizalzaf/gists{/gist_id}","starred_url":"https://api.github.com/users/rizalzaf/starred{/owner}{/repo}","subscriptions_url":"https://api.github.com/users/rizalzaf/subscriptions","organizations_url":"https://api.github.com/users/rizalzaf/orgs","repos_url":"https://api.github.com/users/rizalzaf/repos","events_url":"https://api.github.com/users/rizalzaf/events{/privacy}","received_events_url":"https://api.github.com/users/rizalzaf/received_events","type":"User","site_admin":false},"html_url":"https://github.com/rizalzaf/AdversarialPrediction.jl","description":"Easily optimize generic performance metrics in differentiable learning. ","fork":false,"url":"https://api.github.com/repos/rizalzaf/AdversarialPrediction.jl","forks_url":"https://api.github.com/repos/rizalzaf/AdversarialPrediction.jl/forks","keys_url":"https://api.github.com/repos/rizalzaf/AdversarialPrediction.jl/keys{/key_id}","collaborators_url":"https://api.github.com/repos/rizalzaf/AdversarialPrediction.jl/collaborators{/collaborator}","teams_url":"https://api.github.com/repos/rizalzaf/AdversarialPrediction.jl/teams","hooks_url":"https://api.github.com/repos/rizalzaf/AdversarialPrediction.jl/hooks","issue_events_url":"https://api.github.com/repos/rizalzaf/AdversarialPrediction.jl/issues/events{/number}","events_url":"https://api.github.com/repos/rizalzaf/AdversarialPrediction.jl/events","assignees_url":"https://api.github.com/repos/rizalzaf/AdversarialPrediction.jl/assignees{/user}","branches_url":"https://api.github.com/repos/rizalzaf/AdversarialPrediction.jl/branches{/branch}","tags_url":"https://api.github.com/repos/rizalzaf/AdversarialPrediction.jl/tags","blobs_url":"https://api.github.com/repos/rizalzaf/AdversarialPrediction.jl/git/blobs{/sha}","git_tags_url":"https://api.github.com/repos/rizalzaf/AdversarialPrediction.jl/git/tags{/sha}","git_refs_url":"https://api.github.com/repos/rizalzaf/AdversarialPrediction.jl/git/refs{/sha}","trees_url":"https://api.github.com/repos/rizalzaf/AdversarialPrediction.jl/git/trees{/sha}","statuses_url":"https://api.github.com/repos/rizalzaf/AdversarialPrediction.jl/statuses/{sha}","languages_url":"https://api.github.com/repos/rizalzaf/AdversarialPrediction.jl/languages","stargazers_url":"https://api.github.com/repos/rizalzaf/AdversarialPrediction.jl/stargazers","contributors_url":"https://api.github.com/repos/rizalzaf/AdversarialPrediction.jl/contributors","subscribers_url":"https://api.github.com/repos/rizalzaf/AdversarialPrediction.jl/subscribers","subscription_url":"https://api.github.com/repos/rizalzaf/AdversarialPrediction.jl/subscription","commits_url":"https://api.github.com/repos/rizalzaf/AdversarialPrediction.jl/commits{/sha}","git_commits_url":"https://api.github.com/repos/rizalzaf/AdversarialPrediction.jl/git/commits{/sha}","comments_url":"https://api.github.com/repos/rizalzaf/AdversarialPrediction.jl/comments{/number}","issue_comment_url":"https://api.github.com/repos/rizalzaf/AdversarialPrediction.jl/issues/comments{/number}","contents_url":"https://api.github.com/repos/rizalzaf/AdversarialPrediction.jl/contents/{+path}","compare_url":"https://api.github.com/repos/rizalzaf/AdversarialPrediction.jl/compare/{base}...{head}","merges_url":"https://api.github.com/repos/rizalzaf/AdversarialPrediction.jl/merges","archive_url":"https://api.github.com/repos/rizalzaf/AdversarialPrediction.jl/{archive_format}{/ref}","downloads_url":"https://api.github.com/repos/rizalzaf/AdversarialPrediction.jl/downloads","issues_url":"https://api.github.com/repos/rizalzaf/AdversarialPrediction.jl/issues{/number}","pulls_url":"https://api.github.com/repos/rizalzaf/AdversarialPrediction.jl/pulls{/number}","milestones_url":"https://api.github.com/repos/rizalzaf/AdversarialPrediction.jl/milestones{/number}","notifications_url":"https://api.github.com/repos/rizalzaf/AdversarialPrediction.jl/notifications{?since,all,participating}","labels_url":"https://api.github.com/repos/rizalzaf/AdversarialPrediction.jl/labels{/name}","releases_url":"https://api.github.com/repos/rizalzaf/AdversarialPrediction.jl/releases{/id}","deployments_url":"https://api.github.com/repos/rizalzaf/AdversarialPrediction.jl/deployments","created_at":"2019-12-02T17:12:37Z","updated_at":"2022-03-27T13:14:35Z","pushed_at":"2020-06-06T18:06:52Z","git_url":"git://github.com/rizalzaf/AdversarialPrediction.jl.git","ssh_url":"git@github.com:rizalzaf/AdversarialPrediction.jl.git","clone_url":"https://github.com/rizalzaf/AdversarialPrediction.jl.git","svn_url":"https://github.com/rizalzaf/AdversarialPrediction.jl","homepage":"","size":513,"stargazers_count":17,"watchers_count":17,"language":"Julia","has_issues":true,"has_projects":true,"has_downloads":true,"has_wiki":true,"has_pages":false,"forks_count":2,"mirror_url":null,"archived":false,"disabled":false,"open_issues_count":0,"license":{"key":"mit","name":"MIT License","spdx_id":"MIT","url":"https://api.github.com/licenses/mit","node_id":"MDc6TGljZW5zZTEz"},"allow_forking":true,"is_template":false,"web_commit_signoff_required":false,"topics":["adversarial-prediction","deep-learning","machine-learning","neural-networks"],"visibility":"public","forks":2,"open_issues":0,"watchers":17,"default_branch":"master","permissions":{"admin":false,"maintain":false,"push":false,"triage":false,"pull":true},"temp_clone_token":"","network_count":2,"subscribers_count":2}