{"id":464837509,"node_id":"R_kgDOG7TbhQ","name":"ArarForecast.jl","full_name":"Akai01/ArarForecast.jl","private":false,"owner":{"login":"Akai01","id":44698891,"node_id":"MDQ6VXNlcjQ0Njk4ODkx","avatar_url":"https://avatars.githubusercontent.com/u/44698891?v=4","gravatar_id":"","url":"https://api.github.com/users/Akai01","html_url":"https://github.com/Akai01","followers_url":"https://api.github.com/users/Akai01/followers","following_url":"https://api.github.com/users/Akai01/following{/other_user}","gists_url":"https://api.github.com/users/Akai01/gists{/gist_id}","starred_url":"https://api.github.com/users/Akai01/starred{/owner}{/repo}","subscriptions_url":"https://api.github.com/users/Akai01/subscriptions","organizations_url":"https://api.github.com/users/Akai01/orgs","repos_url":"https://api.github.com/users/Akai01/repos","events_url":"https://api.github.com/users/Akai01/events{/privacy}","received_events_url":"https://api.github.com/users/Akai01/received_events","type":"User","site_admin":false},"html_url":"https://github.com/Akai01/ArarForecast.jl","description":"Forecasting using Arar algorithm ","fork":false,"url":"https://api.github.com/repos/Akai01/ArarForecast.jl","forks_url":"https://api.github.com/repos/Akai01/ArarForecast.jl/forks","keys_url":"https://api.github.com/repos/Akai01/ArarForecast.jl/keys{/key_id}","collaborators_url":"https://api.github.com/repos/Akai01/ArarForecast.jl/collaborators{/collaborator}","teams_url":"https://api.github.com/repos/Akai01/ArarForecast.jl/teams","hooks_url":"https://api.github.com/repos/Akai01/ArarForecast.jl/hooks","issue_events_url":"https://api.github.com/repos/Akai01/ArarForecast.jl/issues/events{/number}","events_url":"https://api.github.com/repos/Akai01/ArarForecast.jl/events","assignees_url":"https://api.github.com/repos/Akai01/ArarForecast.jl/assignees{/user}","branches_url":"https://api.github.com/repos/Akai01/ArarForecast.jl/branches{/branch}","tags_url":"https://api.github.com/repos/Akai01/ArarForecast.jl/tags","blobs_url":"https://api.github.com/repos/Akai01/ArarForecast.jl/git/blobs{/sha}","git_tags_url":"https://api.github.com/repos/Akai01/ArarForecast.jl/git/tags{/sha}","git_refs_url":"https://api.github.com/repos/Akai01/ArarForecast.jl/git/refs{/sha}","trees_url":"https://api.github.com/repos/Akai01/ArarForecast.jl/git/trees{/sha}","statuses_url":"https://api.github.com/repos/Akai01/ArarForecast.jl/statuses/{sha}","languages_url":"https://api.github.com/repos/Akai01/ArarForecast.jl/languages","stargazers_url":"https://api.github.com/repos/Akai01/ArarForecast.jl/stargazers","contributors_url":"https://api.github.com/repos/Akai01/ArarForecast.jl/contributors","subscribers_url":"https://api.github.com/repos/Akai01/ArarForecast.jl/subscribers","subscription_url":"https://api.github.com/repos/Akai01/ArarForecast.jl/subscription","commits_url":"https://api.github.com/repos/Akai01/ArarForecast.jl/commits{/sha}","git_commits_url":"https://api.github.com/repos/Akai01/ArarForecast.jl/git/commits{/sha}","comments_url":"https://api.github.com/repos/Akai01/ArarForecast.jl/comments{/number}","issue_comment_url":"https://api.github.com/repos/Akai01/ArarForecast.jl/issues/comments{/number}","contents_url":"https://api.github.com/repos/Akai01/ArarForecast.jl/contents/{+path}","compare_url":"https://api.github.com/repos/Akai01/ArarForecast.jl/compare/{base}...{head}","merges_url":"https://api.github.com/repos/Akai01/ArarForecast.jl/merges","archive_url":"https://api.github.com/repos/Akai01/ArarForecast.jl/{archive_format}{/ref}","downloads_url":"https://api.github.com/repos/Akai01/ArarForecast.jl/downloads","issues_url":"https://api.github.com/repos/Akai01/ArarForecast.jl/issues{/number}","pulls_url":"https://api.github.com/repos/Akai01/ArarForecast.jl/pulls{/number}","milestones_url":"https://api.github.com/repos/Akai01/ArarForecast.jl/milestones{/number}","notifications_url":"https://api.github.com/repos/Akai01/ArarForecast.jl/notifications{?since,all,participating}","labels_url":"https://api.github.com/repos/Akai01/ArarForecast.jl/labels{/name}","releases_url":"https://api.github.com/repos/Akai01/ArarForecast.jl/releases{/id}","deployments_url":"https://api.github.com/repos/Akai01/ArarForecast.jl/deployments","created_at":"2022-03-01T10:00:59Z","updated_at":"2022-05-31T09:14:04Z","pushed_at":"2022-05-25T10:31:52Z","git_url":"git://github.com/Akai01/ArarForecast.jl.git","ssh_url":"git@github.com:Akai01/ArarForecast.jl.git","clone_url":"https://github.com/Akai01/ArarForecast.jl.git","svn_url":"https://github.com/Akai01/ArarForecast.jl","homepage":"","size":358,"stargazers_count":2,"watchers_count":2,"language":"Julia","has_issues":true,"has_projects":true,"has_downloads":true,"has_wiki":true,"has_pages":false,"forks_count":1,"mirror_url":null,"archived":false,"disabled":false,"open_issues_count":1,"license":{"key":"mit","name":"MIT License","spdx_id":"MIT","url":"https://api.github.com/licenses/mit","node_id":"MDc6TGljZW5zZTEz"},"allow_forking":true,"is_template":false,"web_commit_signoff_required":false,"topics":["forecasting","julia-language","machine-learning-algorithms","time-series"],"visibility":"public","forks":1,"open_issues":1,"watchers":2,"default_branch":"master","permissions":{"admin":false,"maintain":false,"push":false,"triage":false,"pull":true},"temp_clone_token":"","network_count":1,"subscribers_count":1}