{"id":333728311,"node_id":"MDEwOlJlcG9zaXRvcnkzMzM3MjgzMTE=","name":"AdditionalUnits.jl","full_name":"timmyfaraday/AdditionalUnits.jl","private":false,"owner":{"login":"timmyfaraday","id":19406178,"node_id":"MDQ6VXNlcjE5NDA2MTc4","avatar_url":"https://avatars.githubusercontent.com/u/19406178?v=4","gravatar_id":"","url":"https://api.github.com/users/timmyfaraday","html_url":"https://github.com/timmyfaraday","followers_url":"https://api.github.com/users/timmyfaraday/followers","following_url":"https://api.github.com/users/timmyfaraday/following{/other_user}","gists_url":"https://api.github.com/users/timmyfaraday/gists{/gist_id}","starred_url":"https://api.github.com/users/timmyfaraday/starred{/owner}{/repo}","subscriptions_url":"https://api.github.com/users/timmyfaraday/subscriptions","organizations_url":"https://api.github.com/users/timmyfaraday/orgs","repos_url":"https://api.github.com/users/timmyfaraday/repos","events_url":"https://api.github.com/users/timmyfaraday/events{/privacy}","received_events_url":"https://api.github.com/users/timmyfaraday/received_events","type":"User","site_admin":false},"html_url":"https://github.com/timmyfaraday/AdditionalUnits.jl","description":"This is a Julia package defining some additional units on top of Unitful.jl","fork":false,"url":"https://api.github.com/repos/timmyfaraday/AdditionalUnits.jl","forks_url":"https://api.github.com/repos/timmyfaraday/AdditionalUnits.jl/forks","keys_url":"https://api.github.com/repos/timmyfaraday/AdditionalUnits.jl/keys{/key_id}","collaborators_url":"https://api.github.com/repos/timmyfaraday/AdditionalUnits.jl/collaborators{/collaborator}","teams_url":"https://api.github.com/repos/timmyfaraday/AdditionalUnits.jl/teams","hooks_url":"https://api.github.com/repos/timmyfaraday/AdditionalUnits.jl/hooks","issue_events_url":"https://api.github.com/repos/timmyfaraday/AdditionalUnits.jl/issues/events{/number}","events_url":"https://api.github.com/repos/timmyfaraday/AdditionalUnits.jl/events","assignees_url":"https://api.github.com/repos/timmyfaraday/AdditionalUnits.jl/assignees{/user}","branches_url":"https://api.github.com/repos/timmyfaraday/AdditionalUnits.jl/branches{/branch}","tags_url":"https://api.github.com/repos/timmyfaraday/AdditionalUnits.jl/tags","blobs_url":"https://api.github.com/repos/timmyfaraday/AdditionalUnits.jl/git/blobs{/sha}","git_tags_url":"https://api.github.com/repos/timmyfaraday/AdditionalUnits.jl/git/tags{/sha}","git_refs_url":"https://api.github.com/repos/timmyfaraday/AdditionalUnits.jl/git/refs{/sha}","trees_url":"https://api.github.com/repos/timmyfaraday/AdditionalUnits.jl/git/trees{/sha}","statuses_url":"https://api.github.com/repos/timmyfaraday/AdditionalUnits.jl/statuses/{sha}","languages_url":"https://api.github.com/repos/timmyfaraday/AdditionalUnits.jl/languages","stargazers_url":"https://api.github.com/repos/timmyfaraday/AdditionalUnits.jl/stargazers","contributors_url":"https://api.github.com/repos/timmyfaraday/AdditionalUnits.jl/contributors","subscribers_url":"https://api.github.com/repos/timmyfaraday/AdditionalUnits.jl/subscribers","subscription_url":"https://api.github.com/repos/timmyfaraday/AdditionalUnits.jl/subscription","commits_url":"https://api.github.com/repos/timmyfaraday/AdditionalUnits.jl/commits{/sha}","git_commits_url":"https://api.github.com/repos/timmyfaraday/AdditionalUnits.jl/git/commits{/sha}","comments_url":"https://api.github.com/repos/timmyfaraday/AdditionalUnits.jl/comments{/number}","issue_comment_url":"https://api.github.com/repos/timmyfaraday/AdditionalUnits.jl/issues/comments{/number}","contents_url":"https://api.github.com/repos/timmyfaraday/AdditionalUnits.jl/contents/{+path}","compare_url":"https://api.github.com/repos/timmyfaraday/AdditionalUnits.jl/compare/{base}...{head}","merges_url":"https://api.github.com/repos/timmyfaraday/AdditionalUnits.jl/merges","archive_url":"https://api.github.com/repos/timmyfaraday/AdditionalUnits.jl/{archive_format}{/ref}","downloads_url":"https://api.github.com/repos/timmyfaraday/AdditionalUnits.jl/downloads","issues_url":"https://api.github.com/repos/timmyfaraday/AdditionalUnits.jl/issues{/number}","pulls_url":"https://api.github.com/repos/timmyfaraday/AdditionalUnits.jl/pulls{/number}","milestones_url":"https://api.github.com/repos/timmyfaraday/AdditionalUnits.jl/milestones{/number}","notifications_url":"https://api.github.com/repos/timmyfaraday/AdditionalUnits.jl/notifications{?since,all,participating}","labels_url":"https://api.github.com/repos/timmyfaraday/AdditionalUnits.jl/labels{/name}","releases_url":"https://api.github.com/repos/timmyfaraday/AdditionalUnits.jl/releases{/id}","deployments_url":"https://api.github.com/repos/timmyfaraday/AdditionalUnits.jl/deployments","created_at":"2021-01-28T10:48:00Z","updated_at":"2021-07-08T14:45:13Z","pushed_at":"2021-07-08T14:45:10Z","git_url":"git://github.com/timmyfaraday/AdditionalUnits.jl.git","ssh_url":"git@github.com:timmyfaraday/AdditionalUnits.jl.git","clone_url":"https://github.com/timmyfaraday/AdditionalUnits.jl.git","svn_url":"https://github.com/timmyfaraday/AdditionalUnits.jl","homepage":null,"size":9,"stargazers_count":0,"watchers_count":0,"language":"Julia","has_issues":true,"has_projects":true,"has_downloads":true,"has_wiki":true,"has_pages":false,"forks_count":0,"mirror_url":null,"archived":false,"disabled":false,"open_issues_count":1,"license":{"key":"mit","name":"MIT License","spdx_id":"MIT","url":"https://api.github.com/licenses/mit","node_id":"MDc6TGljZW5zZTEz"},"allow_forking":true,"is_template":false,"web_commit_signoff_required":false,"topics":[],"visibility":"public","forks":0,"open_issues":1,"watchers":0,"default_branch":"master","permissions":{"admin":false,"maintain":false,"push":false,"triage":false,"pull":true},"temp_clone_token":"","network_count":0,"subscribers_count":1}