{"id":234815707,"node_id":"MDEwOlJlcG9zaXRvcnkyMzQ4MTU3MDc=","name":"AdFem.jl","full_name":"kailaix/AdFem.jl","private":false,"owner":{"login":"kailaix","id":20198333,"node_id":"MDQ6VXNlcjIwMTk4MzMz","avatar_url":"https://avatars.githubusercontent.com/u/20198333?v=4","gravatar_id":"","url":"https://api.github.com/users/kailaix","html_url":"https://github.com/kailaix","followers_url":"https://api.github.com/users/kailaix/followers","following_url":"https://api.github.com/users/kailaix/following{/other_user}","gists_url":"https://api.github.com/users/kailaix/gists{/gist_id}","starred_url":"https://api.github.com/users/kailaix/starred{/owner}{/repo}","subscriptions_url":"https://api.github.com/users/kailaix/subscriptions","organizations_url":"https://api.github.com/users/kailaix/orgs","repos_url":"https://api.github.com/users/kailaix/repos","events_url":"https://api.github.com/users/kailaix/events{/privacy}","received_events_url":"https://api.github.com/users/kailaix/received_events","type":"User","site_admin":false},"html_url":"https://github.com/kailaix/AdFem.jl","description":"Innovative, efficient, and computational-graph-based finite element simulator for inverse modeling","fork":false,"url":"https://api.github.com/repos/kailaix/AdFem.jl","forks_url":"https://api.github.com/repos/kailaix/AdFem.jl/forks","keys_url":"https://api.github.com/repos/kailaix/AdFem.jl/keys{/key_id}","collaborators_url":"https://api.github.com/repos/kailaix/AdFem.jl/collaborators{/collaborator}","teams_url":"https://api.github.com/repos/kailaix/AdFem.jl/teams","hooks_url":"https://api.github.com/repos/kailaix/AdFem.jl/hooks","issue_events_url":"https://api.github.com/repos/kailaix/AdFem.jl/issues/events{/number}","events_url":"https://api.github.com/repos/kailaix/AdFem.jl/events","assignees_url":"https://api.github.com/repos/kailaix/AdFem.jl/assignees{/user}","branches_url":"https://api.github.com/repos/kailaix/AdFem.jl/branches{/branch}","tags_url":"https://api.github.com/repos/kailaix/AdFem.jl/tags","blobs_url":"https://api.github.com/repos/kailaix/AdFem.jl/git/blobs{/sha}","git_tags_url":"https://api.github.com/repos/kailaix/AdFem.jl/git/tags{/sha}","git_refs_url":"https://api.github.com/repos/kailaix/AdFem.jl/git/refs{/sha}","trees_url":"https://api.github.com/repos/kailaix/AdFem.jl/git/trees{/sha}","statuses_url":"https://api.github.com/repos/kailaix/AdFem.jl/statuses/{sha}","languages_url":"https://api.github.com/repos/kailaix/AdFem.jl/languages","stargazers_url":"https://api.github.com/repos/kailaix/AdFem.jl/stargazers","contributors_url":"https://api.github.com/repos/kailaix/AdFem.jl/contributors","subscribers_url":"https://api.github.com/repos/kailaix/AdFem.jl/subscribers","subscription_url":"https://api.github.com/repos/kailaix/AdFem.jl/subscription","commits_url":"https://api.github.com/repos/kailaix/AdFem.jl/commits{/sha}","git_commits_url":"https://api.github.com/repos/kailaix/AdFem.jl/git/commits{/sha}","comments_url":"https://api.github.com/repos/kailaix/AdFem.jl/comments{/number}","issue_comment_url":"https://api.github.com/repos/kailaix/AdFem.jl/issues/comments{/number}","contents_url":"https://api.github.com/repos/kailaix/AdFem.jl/contents/{+path}","compare_url":"https://api.github.com/repos/kailaix/AdFem.jl/compare/{base}...{head}","merges_url":"https://api.github.com/repos/kailaix/AdFem.jl/merges","archive_url":"https://api.github.com/repos/kailaix/AdFem.jl/{archive_format}{/ref}","downloads_url":"https://api.github.com/repos/kailaix/AdFem.jl/downloads","issues_url":"https://api.github.com/repos/kailaix/AdFem.jl/issues{/number}","pulls_url":"https://api.github.com/repos/kailaix/AdFem.jl/pulls{/number}","milestones_url":"https://api.github.com/repos/kailaix/AdFem.jl/milestones{/number}","notifications_url":"https://api.github.com/repos/kailaix/AdFem.jl/notifications{?since,all,participating}","labels_url":"https://api.github.com/repos/kailaix/AdFem.jl/labels{/name}","releases_url":"https://api.github.com/repos/kailaix/AdFem.jl/releases{/id}","deployments_url":"https://api.github.com/repos/kailaix/AdFem.jl/deployments","created_at":"2020-01-19T00:14:46Z","updated_at":"2022-06-29T09:53:52Z","pushed_at":"2021-06-19T01:11:51Z","git_url":"git://github.com/kailaix/AdFem.jl.git","ssh_url":"git@github.com:kailaix/AdFem.jl.git","clone_url":"https://github.com/kailaix/AdFem.jl.git","svn_url":"https://github.com/kailaix/AdFem.jl","homepage":"","size":255421,"stargazers_count":54,"watchers_count":54,"language":"Julia","has_issues":true,"has_projects":false,"has_downloads":true,"has_wiki":false,"has_pages":true,"forks_count":10,"mirror_url":null,"archived":false,"disabled":false,"open_issues_count":7,"license":{"key":"mit","name":"MIT License","spdx_id":"MIT","url":"https://api.github.com/licenses/mit","node_id":"MDc6TGljZW5zZTEz"},"allow_forking":true,"is_template":false,"web_commit_signoff_required":false,"topics":["adjoint-method","automatic-differentiation","deep-neural-networks","finite-element-methods","machine-learning","numerical-pdes"],"visibility":"public","forks":10,"open_issues":7,"watchers":54,"default_branch":"master","permissions":{"admin":false,"maintain":false,"push":false,"triage":false,"pull":true},"temp_clone_token":"","network_count":10,"subscribers_count":5}