{"id":214161967,"node_id":"MDEwOlJlcG9zaXRvcnkyMTQxNjE5Njc=","name":"ARFIMA.jl","full_name":"JuliaDynamics/ARFIMA.jl","private":false,"owner":{"login":"JuliaDynamics","id":31774341,"node_id":"MDEyOk9yZ2FuaXphdGlvbjMxNzc0MzQx","avatar_url":"https://avatars.githubusercontent.com/u/31774341?v=4","gravatar_id":"","url":"https://api.github.com/users/JuliaDynamics","html_url":"https://github.com/JuliaDynamics","followers_url":"https://api.github.com/users/JuliaDynamics/followers","following_url":"https://api.github.com/users/JuliaDynamics/following{/other_user}","gists_url":"https://api.github.com/users/JuliaDynamics/gists{/gist_id}","starred_url":"https://api.github.com/users/JuliaDynamics/starred{/owner}{/repo}","subscriptions_url":"https://api.github.com/users/JuliaDynamics/subscriptions","organizations_url":"https://api.github.com/users/JuliaDynamics/orgs","repos_url":"https://api.github.com/users/JuliaDynamics/repos","events_url":"https://api.github.com/users/JuliaDynamics/events{/privacy}","received_events_url":"https://api.github.com/users/JuliaDynamics/received_events","type":"Organization","site_admin":false},"html_url":"https://github.com/JuliaDynamics/ARFIMA.jl","description":"Simulate stochastic timeseries that follow ARFIMA, ARMA, ARIMA, AR, etc. processes","fork":false,"url":"https://api.github.com/repos/JuliaDynamics/ARFIMA.jl","forks_url":"https://api.github.com/repos/JuliaDynamics/ARFIMA.jl/forks","keys_url":"https://api.github.com/repos/JuliaDynamics/ARFIMA.jl/keys{/key_id}","collaborators_url":"https://api.github.com/repos/JuliaDynamics/ARFIMA.jl/collaborators{/collaborator}","teams_url":"https://api.github.com/repos/JuliaDynamics/ARFIMA.jl/teams","hooks_url":"https://api.github.com/repos/JuliaDynamics/ARFIMA.jl/hooks","issue_events_url":"https://api.github.com/repos/JuliaDynamics/ARFIMA.jl/issues/events{/number}","events_url":"https://api.github.com/repos/JuliaDynamics/ARFIMA.jl/events","assignees_url":"https://api.github.com/repos/JuliaDynamics/ARFIMA.jl/assignees{/user}","branches_url":"https://api.github.com/repos/JuliaDynamics/ARFIMA.jl/branches{/branch}","tags_url":"https://api.github.com/repos/JuliaDynamics/ARFIMA.jl/tags","blobs_url":"https://api.github.com/repos/JuliaDynamics/ARFIMA.jl/git/blobs{/sha}","git_tags_url":"https://api.github.com/repos/JuliaDynamics/ARFIMA.jl/git/tags{/sha}","git_refs_url":"https://api.github.com/repos/JuliaDynamics/ARFIMA.jl/git/refs{/sha}","trees_url":"https://api.github.com/repos/JuliaDynamics/ARFIMA.jl/git/trees{/sha}","statuses_url":"https://api.github.com/repos/JuliaDynamics/ARFIMA.jl/statuses/{sha}","languages_url":"https://api.github.com/repos/JuliaDynamics/ARFIMA.jl/languages","stargazers_url":"https://api.github.com/repos/JuliaDynamics/ARFIMA.jl/stargazers","contributors_url":"https://api.github.com/repos/JuliaDynamics/ARFIMA.jl/contributors","subscribers_url":"https://api.github.com/repos/JuliaDynamics/ARFIMA.jl/subscribers","subscription_url":"https://api.github.com/repos/JuliaDynamics/ARFIMA.jl/subscription","commits_url":"https://api.github.com/repos/JuliaDynamics/ARFIMA.jl/commits{/sha}","git_commits_url":"https://api.github.com/repos/JuliaDynamics/ARFIMA.jl/git/commits{/sha}","comments_url":"https://api.github.com/repos/JuliaDynamics/ARFIMA.jl/comments{/number}","issue_comment_url":"https://api.github.com/repos/JuliaDynamics/ARFIMA.jl/issues/comments{/number}","contents_url":"https://api.github.com/repos/JuliaDynamics/ARFIMA.jl/contents/{+path}","compare_url":"https://api.github.com/repos/JuliaDynamics/ARFIMA.jl/compare/{base}...{head}","merges_url":"https://api.github.com/repos/JuliaDynamics/ARFIMA.jl/merges","archive_url":"https://api.github.com/repos/JuliaDynamics/ARFIMA.jl/{archive_format}{/ref}","downloads_url":"https://api.github.com/repos/JuliaDynamics/ARFIMA.jl/downloads","issues_url":"https://api.github.com/repos/JuliaDynamics/ARFIMA.jl/issues{/number}","pulls_url":"https://api.github.com/repos/JuliaDynamics/ARFIMA.jl/pulls{/number}","milestones_url":"https://api.github.com/repos/JuliaDynamics/ARFIMA.jl/milestones{/number}","notifications_url":"https://api.github.com/repos/JuliaDynamics/ARFIMA.jl/notifications{?since,all,participating}","labels_url":"https://api.github.com/repos/JuliaDynamics/ARFIMA.jl/labels{/name}","releases_url":"https://api.github.com/repos/JuliaDynamics/ARFIMA.jl/releases{/id}","deployments_url":"https://api.github.com/repos/JuliaDynamics/ARFIMA.jl/deployments","created_at":"2019-10-10T11:13:21Z","updated_at":"2022-06-26T02:24:42Z","pushed_at":"2021-06-08T09:30:32Z","git_url":"git://github.com/JuliaDynamics/ARFIMA.jl.git","ssh_url":"git@github.com:JuliaDynamics/ARFIMA.jl.git","clone_url":"https://github.com/JuliaDynamics/ARFIMA.jl.git","svn_url":"https://github.com/JuliaDynamics/ARFIMA.jl","homepage":"","size":284,"stargazers_count":42,"watchers_count":42,"language":"Julia","has_issues":true,"has_projects":true,"has_downloads":true,"has_wiki":true,"has_pages":false,"forks_count":3,"mirror_url":null,"archived":false,"disabled":false,"open_issues_count":0,"license":{"key":"mit","name":"MIT License","spdx_id":"MIT","url":"https://api.github.com/licenses/mit","node_id":"MDc6TGljZW5zZTEz"},"allow_forking":true,"is_template":false,"web_commit_signoff_required":false,"topics":["arfima","arima","arma","autoregressive","moving-average","stochastic","timeseries"],"visibility":"public","forks":3,"open_issues":0,"watchers":42,"default_branch":"master","permissions":{"admin":false,"maintain":false,"push":false,"triage":false,"pull":true},"temp_clone_token":"","organization":{"login":"JuliaDynamics","id":31774341,"node_id":"MDEyOk9yZ2FuaXphdGlvbjMxNzc0MzQx","avatar_url":"https://avatars.githubusercontent.com/u/31774341?v=4","gravatar_id":"","url":"https://api.github.com/users/JuliaDynamics","html_url":"https://github.com/JuliaDynamics","followers_url":"https://api.github.com/users/JuliaDynamics/followers","following_url":"https://api.github.com/users/JuliaDynamics/following{/other_user}","gists_url":"https://api.github.com/users/JuliaDynamics/gists{/gist_id}","starred_url":"https://api.github.com/users/JuliaDynamics/starred{/owner}{/repo}","subscriptions_url":"https://api.github.com/users/JuliaDynamics/subscriptions","organizations_url":"https://api.github.com/users/JuliaDynamics/orgs","repos_url":"https://api.github.com/users/JuliaDynamics/repos","events_url":"https://api.github.com/users/JuliaDynamics/events{/privacy}","received_events_url":"https://api.github.com/users/JuliaDynamics/received_events","type":"Organization","site_admin":false},"network_count":3,"subscribers_count":3}