{"id":237171660,"node_id":"MDEwOlJlcG9zaXRvcnkyMzcxNzE2NjA=","name":"Arblib.jl","full_name":"kalmarek/Arblib.jl","private":false,"owner":{"login":"kalmarek","id":1666118,"node_id":"MDQ6VXNlcjE2NjYxMTg=","avatar_url":"https://avatars.githubusercontent.com/u/1666118?v=4","gravatar_id":"","url":"https://api.github.com/users/kalmarek","html_url":"https://github.com/kalmarek","followers_url":"https://api.github.com/users/kalmarek/followers","following_url":"https://api.github.com/users/kalmarek/following{/other_user}","gists_url":"https://api.github.com/users/kalmarek/gists{/gist_id}","starred_url":"https://api.github.com/users/kalmarek/starred{/owner}{/repo}","subscriptions_url":"https://api.github.com/users/kalmarek/subscriptions","organizations_url":"https://api.github.com/users/kalmarek/orgs","repos_url":"https://api.github.com/users/kalmarek/repos","events_url":"https://api.github.com/users/kalmarek/events{/privacy}","received_events_url":"https://api.github.com/users/kalmarek/received_events","type":"User","site_admin":false},"html_url":"https://github.com/kalmarek/Arblib.jl","description":"Thin, efficient wrapper around Arb library (http://arblib.org/)","fork":false,"url":"https://api.github.com/repos/kalmarek/Arblib.jl","forks_url":"https://api.github.com/repos/kalmarek/Arblib.jl/forks","keys_url":"https://api.github.com/repos/kalmarek/Arblib.jl/keys{/key_id}","collaborators_url":"https://api.github.com/repos/kalmarek/Arblib.jl/collaborators{/collaborator}","teams_url":"https://api.github.com/repos/kalmarek/Arblib.jl/teams","hooks_url":"https://api.github.com/repos/kalmarek/Arblib.jl/hooks","issue_events_url":"https://api.github.com/repos/kalmarek/Arblib.jl/issues/events{/number}","events_url":"https://api.github.com/repos/kalmarek/Arblib.jl/events","assignees_url":"https://api.github.com/repos/kalmarek/Arblib.jl/assignees{/user}","branches_url":"https://api.github.com/repos/kalmarek/Arblib.jl/branches{/branch}","tags_url":"https://api.github.com/repos/kalmarek/Arblib.jl/tags","blobs_url":"https://api.github.com/repos/kalmarek/Arblib.jl/git/blobs{/sha}","git_tags_url":"https://api.github.com/repos/kalmarek/Arblib.jl/git/tags{/sha}","git_refs_url":"https://api.github.com/repos/kalmarek/Arblib.jl/git/refs{/sha}","trees_url":"https://api.github.com/repos/kalmarek/Arblib.jl/git/trees{/sha}","statuses_url":"https://api.github.com/repos/kalmarek/Arblib.jl/statuses/{sha}","languages_url":"https://api.github.com/repos/kalmarek/Arblib.jl/languages","stargazers_url":"https://api.github.com/repos/kalmarek/Arblib.jl/stargazers","contributors_url":"https://api.github.com/repos/kalmarek/Arblib.jl/contributors","subscribers_url":"https://api.github.com/repos/kalmarek/Arblib.jl/subscribers","subscription_url":"https://api.github.com/repos/kalmarek/Arblib.jl/subscription","commits_url":"https://api.github.com/repos/kalmarek/Arblib.jl/commits{/sha}","git_commits_url":"https://api.github.com/repos/kalmarek/Arblib.jl/git/commits{/sha}","comments_url":"https://api.github.com/repos/kalmarek/Arblib.jl/comments{/number}","issue_comment_url":"https://api.github.com/repos/kalmarek/Arblib.jl/issues/comments{/number}","contents_url":"https://api.github.com/repos/kalmarek/Arblib.jl/contents/{+path}","compare_url":"https://api.github.com/repos/kalmarek/Arblib.jl/compare/{base}...{head}","merges_url":"https://api.github.com/repos/kalmarek/Arblib.jl/merges","archive_url":"https://api.github.com/repos/kalmarek/Arblib.jl/{archive_format}{/ref}","downloads_url":"https://api.github.com/repos/kalmarek/Arblib.jl/downloads","issues_url":"https://api.github.com/repos/kalmarek/Arblib.jl/issues{/number}","pulls_url":"https://api.github.com/repos/kalmarek/Arblib.jl/pulls{/number}","milestones_url":"https://api.github.com/repos/kalmarek/Arblib.jl/milestones{/number}","notifications_url":"https://api.github.com/repos/kalmarek/Arblib.jl/notifications{?since,all,participating}","labels_url":"https://api.github.com/repos/kalmarek/Arblib.jl/labels{/name}","releases_url":"https://api.github.com/repos/kalmarek/Arblib.jl/releases{/id}","deployments_url":"https://api.github.com/repos/kalmarek/Arblib.jl/deployments","created_at":"2020-01-30T08:40:50Z","updated_at":"2022-06-07T07:52:18Z","pushed_at":"2022-06-21T08:51:53Z","git_url":"git://github.com/kalmarek/Arblib.jl.git","ssh_url":"git@github.com:kalmarek/Arblib.jl.git","clone_url":"https://github.com/kalmarek/Arblib.jl.git","svn_url":"https://github.com/kalmarek/Arblib.jl","homepage":"","size":627,"stargazers_count":10,"watchers_count":10,"language":"Julia","has_issues":true,"has_projects":true,"has_downloads":true,"has_wiki":true,"has_pages":false,"forks_count":4,"mirror_url":null,"archived":false,"disabled":false,"open_issues_count":12,"license":{"key":"mit","name":"MIT License","spdx_id":"MIT","url":"https://api.github.com/licenses/mit","node_id":"MDc6TGljZW5zZTEz"},"allow_forking":true,"is_template":false,"web_commit_signoff_required":false,"topics":[],"visibility":"public","forks":4,"open_issues":12,"watchers":10,"default_branch":"master","permissions":{"admin":false,"maintain":false,"push":false,"triage":false,"pull":true},"temp_clone_token":"","network_count":4,"subscribers_count":3}