{"id":443033712,"node_id":"R_kgDOGmgocA","name":"AdaptiveWindows.jl","full_name":"maarten-keijzer/AdaptiveWindows.jl","private":false,"owner":{"login":"maarten-keijzer","id":399822,"node_id":"MDQ6VXNlcjM5OTgyMg==","avatar_url":"https://avatars.githubusercontent.com/u/399822?v=4","gravatar_id":"","url":"https://api.github.com/users/maarten-keijzer","html_url":"https://github.com/maarten-keijzer","followers_url":"https://api.github.com/users/maarten-keijzer/followers","following_url":"https://api.github.com/users/maarten-keijzer/following{/other_user}","gists_url":"https://api.github.com/users/maarten-keijzer/gists{/gist_id}","starred_url":"https://api.github.com/users/maarten-keijzer/starred{/owner}{/repo}","subscriptions_url":"https://api.github.com/users/maarten-keijzer/subscriptions","organizations_url":"https://api.github.com/users/maarten-keijzer/orgs","repos_url":"https://api.github.com/users/maarten-keijzer/repos","events_url":"https://api.github.com/users/maarten-keijzer/events{/privacy}","received_events_url":"https://api.github.com/users/maarten-keijzer/received_events","type":"User","site_admin":false},"html_url":"https://github.com/maarten-keijzer/AdaptiveWindows.jl","description":"Adaptive window implementation (ADWIN2: Bifet & Gavalda) ","fork":false,"url":"https://api.github.com/repos/maarten-keijzer/AdaptiveWindows.jl","forks_url":"https://api.github.com/repos/maarten-keijzer/AdaptiveWindows.jl/forks","keys_url":"https://api.github.com/repos/maarten-keijzer/AdaptiveWindows.jl/keys{/key_id}","collaborators_url":"https://api.github.com/repos/maarten-keijzer/AdaptiveWindows.jl/collaborators{/collaborator}","teams_url":"https://api.github.com/repos/maarten-keijzer/AdaptiveWindows.jl/teams","hooks_url":"https://api.github.com/repos/maarten-keijzer/AdaptiveWindows.jl/hooks","issue_events_url":"https://api.github.com/repos/maarten-keijzer/AdaptiveWindows.jl/issues/events{/number}","events_url":"https://api.github.com/repos/maarten-keijzer/AdaptiveWindows.jl/events","assignees_url":"https://api.github.com/repos/maarten-keijzer/AdaptiveWindows.jl/assignees{/user}","branches_url":"https://api.github.com/repos/maarten-keijzer/AdaptiveWindows.jl/branches{/branch}","tags_url":"https://api.github.com/repos/maarten-keijzer/AdaptiveWindows.jl/tags","blobs_url":"https://api.github.com/repos/maarten-keijzer/AdaptiveWindows.jl/git/blobs{/sha}","git_tags_url":"https://api.github.com/repos/maarten-keijzer/AdaptiveWindows.jl/git/tags{/sha}","git_refs_url":"https://api.github.com/repos/maarten-keijzer/AdaptiveWindows.jl/git/refs{/sha}","trees_url":"https://api.github.com/repos/maarten-keijzer/AdaptiveWindows.jl/git/trees{/sha}","statuses_url":"https://api.github.com/repos/maarten-keijzer/AdaptiveWindows.jl/statuses/{sha}","languages_url":"https://api.github.com/repos/maarten-keijzer/AdaptiveWindows.jl/languages","stargazers_url":"https://api.github.com/repos/maarten-keijzer/AdaptiveWindows.jl/stargazers","contributors_url":"https://api.github.com/repos/maarten-keijzer/AdaptiveWindows.jl/contributors","subscribers_url":"https://api.github.com/repos/maarten-keijzer/AdaptiveWindows.jl/subscribers","subscription_url":"https://api.github.com/repos/maarten-keijzer/AdaptiveWindows.jl/subscription","commits_url":"https://api.github.com/repos/maarten-keijzer/AdaptiveWindows.jl/commits{/sha}","git_commits_url":"https://api.github.com/repos/maarten-keijzer/AdaptiveWindows.jl/git/commits{/sha}","comments_url":"https://api.github.com/repos/maarten-keijzer/AdaptiveWindows.jl/comments{/number}","issue_comment_url":"https://api.github.com/repos/maarten-keijzer/AdaptiveWindows.jl/issues/comments{/number}","contents_url":"https://api.github.com/repos/maarten-keijzer/AdaptiveWindows.jl/contents/{+path}","compare_url":"https://api.github.com/repos/maarten-keijzer/AdaptiveWindows.jl/compare/{base}...{head}","merges_url":"https://api.github.com/repos/maarten-keijzer/AdaptiveWindows.jl/merges","archive_url":"https://api.github.com/repos/maarten-keijzer/AdaptiveWindows.jl/{archive_format}{/ref}","downloads_url":"https://api.github.com/repos/maarten-keijzer/AdaptiveWindows.jl/downloads","issues_url":"https://api.github.com/repos/maarten-keijzer/AdaptiveWindows.jl/issues{/number}","pulls_url":"https://api.github.com/repos/maarten-keijzer/AdaptiveWindows.jl/pulls{/number}","milestones_url":"https://api.github.com/repos/maarten-keijzer/AdaptiveWindows.jl/milestones{/number}","notifications_url":"https://api.github.com/repos/maarten-keijzer/AdaptiveWindows.jl/notifications{?since,all,participating}","labels_url":"https://api.github.com/repos/maarten-keijzer/AdaptiveWindows.jl/labels{/name}","releases_url":"https://api.github.com/repos/maarten-keijzer/AdaptiveWindows.jl/releases{/id}","deployments_url":"https://api.github.com/repos/maarten-keijzer/AdaptiveWindows.jl/deployments","created_at":"2021-12-30T09:53:41Z","updated_at":"2022-06-08T13:56:17Z","pushed_at":"2022-01-08T23:31:09Z","git_url":"git://github.com/maarten-keijzer/AdaptiveWindows.jl.git","ssh_url":"git@github.com:maarten-keijzer/AdaptiveWindows.jl.git","clone_url":"https://github.com/maarten-keijzer/AdaptiveWindows.jl.git","svn_url":"https://github.com/maarten-keijzer/AdaptiveWindows.jl","homepage":null,"size":77,"stargazers_count":2,"watchers_count":2,"language":"Julia","has_issues":true,"has_projects":true,"has_downloads":true,"has_wiki":true,"has_pages":false,"forks_count":0,"mirror_url":null,"archived":false,"disabled":false,"open_issues_count":0,"license":{"key":"mit","name":"MIT License","spdx_id":"MIT","url":"https://api.github.com/licenses/mit","node_id":"MDc6TGljZW5zZTEz"},"allow_forking":true,"is_template":false,"web_commit_signoff_required":false,"topics":[],"visibility":"public","forks":0,"open_issues":0,"watchers":2,"default_branch":"main","permissions":{"admin":false,"maintain":false,"push":false,"triage":false,"pull":true},"temp_clone_token":"","network_count":0,"subscribers_count":1}