{"id":87492734,"node_id":"MDEwOlJlcG9zaXRvcnk4NzQ5MjczNA==","name":"AdjacentFloats.jl","full_name":"JeffreySarnoff/AdjacentFloats.jl","private":false,"owner":{"login":"JeffreySarnoff","id":1682118,"node_id":"MDQ6VXNlcjE2ODIxMTg=","avatar_url":"https://avatars.githubusercontent.com/u/1682118?v=4","gravatar_id":"","url":"https://api.github.com/users/JeffreySarnoff","html_url":"https://github.com/JeffreySarnoff","followers_url":"https://api.github.com/users/JeffreySarnoff/followers","following_url":"https://api.github.com/users/JeffreySarnoff/following{/other_user}","gists_url":"https://api.github.com/users/JeffreySarnoff/gists{/gist_id}","starred_url":"https://api.github.com/users/JeffreySarnoff/starred{/owner}{/repo}","subscriptions_url":"https://api.github.com/users/JeffreySarnoff/subscriptions","organizations_url":"https://api.github.com/users/JeffreySarnoff/orgs","repos_url":"https://api.github.com/users/JeffreySarnoff/repos","events_url":"https://api.github.com/users/JeffreySarnoff/events{/privacy}","received_events_url":"https://api.github.com/users/JeffreySarnoff/received_events","type":"User","site_admin":false},"html_url":"https://github.com/JeffreySarnoff/AdjacentFloats.jl","description":"!!obsolete!! Versions of nextfloat, prevfloat that are at least as fast.","fork":false,"url":"https://api.github.com/repos/JeffreySarnoff/AdjacentFloats.jl","forks_url":"https://api.github.com/repos/JeffreySarnoff/AdjacentFloats.jl/forks","keys_url":"https://api.github.com/repos/JeffreySarnoff/AdjacentFloats.jl/keys{/key_id}","collaborators_url":"https://api.github.com/repos/JeffreySarnoff/AdjacentFloats.jl/collaborators{/collaborator}","teams_url":"https://api.github.com/repos/JeffreySarnoff/AdjacentFloats.jl/teams","hooks_url":"https://api.github.com/repos/JeffreySarnoff/AdjacentFloats.jl/hooks","issue_events_url":"https://api.github.com/repos/JeffreySarnoff/AdjacentFloats.jl/issues/events{/number}","events_url":"https://api.github.com/repos/JeffreySarnoff/AdjacentFloats.jl/events","assignees_url":"https://api.github.com/repos/JeffreySarnoff/AdjacentFloats.jl/assignees{/user}","branches_url":"https://api.github.com/repos/JeffreySarnoff/AdjacentFloats.jl/branches{/branch}","tags_url":"https://api.github.com/repos/JeffreySarnoff/AdjacentFloats.jl/tags","blobs_url":"https://api.github.com/repos/JeffreySarnoff/AdjacentFloats.jl/git/blobs{/sha}","git_tags_url":"https://api.github.com/repos/JeffreySarnoff/AdjacentFloats.jl/git/tags{/sha}","git_refs_url":"https://api.github.com/repos/JeffreySarnoff/AdjacentFloats.jl/git/refs{/sha}","trees_url":"https://api.github.com/repos/JeffreySarnoff/AdjacentFloats.jl/git/trees{/sha}","statuses_url":"https://api.github.com/repos/JeffreySarnoff/AdjacentFloats.jl/statuses/{sha}","languages_url":"https://api.github.com/repos/JeffreySarnoff/AdjacentFloats.jl/languages","stargazers_url":"https://api.github.com/repos/JeffreySarnoff/AdjacentFloats.jl/stargazers","contributors_url":"https://api.github.com/repos/JeffreySarnoff/AdjacentFloats.jl/contributors","subscribers_url":"https://api.github.com/repos/JeffreySarnoff/AdjacentFloats.jl/subscribers","subscription_url":"https://api.github.com/repos/JeffreySarnoff/AdjacentFloats.jl/subscription","commits_url":"https://api.github.com/repos/JeffreySarnoff/AdjacentFloats.jl/commits{/sha}","git_commits_url":"https://api.github.com/repos/JeffreySarnoff/AdjacentFloats.jl/git/commits{/sha}","comments_url":"https://api.github.com/repos/JeffreySarnoff/AdjacentFloats.jl/comments{/number}","issue_comment_url":"https://api.github.com/repos/JeffreySarnoff/AdjacentFloats.jl/issues/comments{/number}","contents_url":"https://api.github.com/repos/JeffreySarnoff/AdjacentFloats.jl/contents/{+path}","compare_url":"https://api.github.com/repos/JeffreySarnoff/AdjacentFloats.jl/compare/{base}...{head}","merges_url":"https://api.github.com/repos/JeffreySarnoff/AdjacentFloats.jl/merges","archive_url":"https://api.github.com/repos/JeffreySarnoff/AdjacentFloats.jl/{archive_format}{/ref}","downloads_url":"https://api.github.com/repos/JeffreySarnoff/AdjacentFloats.jl/downloads","issues_url":"https://api.github.com/repos/JeffreySarnoff/AdjacentFloats.jl/issues{/number}","pulls_url":"https://api.github.com/repos/JeffreySarnoff/AdjacentFloats.jl/pulls{/number}","milestones_url":"https://api.github.com/repos/JeffreySarnoff/AdjacentFloats.jl/milestones{/number}","notifications_url":"https://api.github.com/repos/JeffreySarnoff/AdjacentFloats.jl/notifications{?since,all,participating}","labels_url":"https://api.github.com/repos/JeffreySarnoff/AdjacentFloats.jl/labels{/name}","releases_url":"https://api.github.com/repos/JeffreySarnoff/AdjacentFloats.jl/releases{/id}","deployments_url":"https://api.github.com/repos/JeffreySarnoff/AdjacentFloats.jl/deployments","created_at":"2017-04-07T01:49:14Z","updated_at":"2018-07-10T11:16:40Z","pushed_at":"2018-07-10T11:16:39Z","git_url":"git://github.com/JeffreySarnoff/AdjacentFloats.jl.git","ssh_url":"git@github.com:JeffreySarnoff/AdjacentFloats.jl.git","clone_url":"https://github.com/JeffreySarnoff/AdjacentFloats.jl.git","svn_url":"https://github.com/JeffreySarnoff/AdjacentFloats.jl","homepage":"","size":47,"stargazers_count":0,"watchers_count":0,"language":"Julia","has_issues":true,"has_projects":true,"has_downloads":true,"has_wiki":true,"has_pages":false,"forks_count":5,"mirror_url":null,"archived":false,"disabled":false,"open_issues_count":0,"license":{"key":"mit","name":"MIT License","spdx_id":"MIT","url":"https://api.github.com/licenses/mit","node_id":"MDc6TGljZW5zZTEz"},"allow_forking":true,"is_template":false,"web_commit_signoff_required":false,"topics":[],"visibility":"public","forks":5,"open_issues":0,"watchers":0,"default_branch":"master","permissions":{"admin":false,"maintain":false,"push":false,"triage":false,"pull":true},"temp_clone_token":"","network_count":5,"subscribers_count":2}