{"id":216234274,"node_id":"MDEwOlJlcG9zaXRvcnkyMTYyMzQyNzQ=","name":"Air.jl","full_name":"noahbenson/Air.jl","private":false,"owner":{"login":"noahbenson","id":2005723,"node_id":"MDQ6VXNlcjIwMDU3MjM=","avatar_url":"https://avatars.githubusercontent.com/u/2005723?v=4","gravatar_id":"","url":"https://api.github.com/users/noahbenson","html_url":"https://github.com/noahbenson","followers_url":"https://api.github.com/users/noahbenson/followers","following_url":"https://api.github.com/users/noahbenson/following{/other_user}","gists_url":"https://api.github.com/users/noahbenson/gists{/gist_id}","starred_url":"https://api.github.com/users/noahbenson/starred{/owner}{/repo}","subscriptions_url":"https://api.github.com/users/noahbenson/subscriptions","organizations_url":"https://api.github.com/users/noahbenson/orgs","repos_url":"https://api.github.com/users/noahbenson/repos","events_url":"https://api.github.com/users/noahbenson/events{/privacy}","received_events_url":"https://api.github.com/users/noahbenson/received_events","type":"User","site_admin":false},"html_url":"https://github.com/noahbenson/Air.jl","description":"Light-weight functional collections and utilities for Julia.","fork":false,"url":"https://api.github.com/repos/noahbenson/Air.jl","forks_url":"https://api.github.com/repos/noahbenson/Air.jl/forks","keys_url":"https://api.github.com/repos/noahbenson/Air.jl/keys{/key_id}","collaborators_url":"https://api.github.com/repos/noahbenson/Air.jl/collaborators{/collaborator}","teams_url":"https://api.github.com/repos/noahbenson/Air.jl/teams","hooks_url":"https://api.github.com/repos/noahbenson/Air.jl/hooks","issue_events_url":"https://api.github.com/repos/noahbenson/Air.jl/issues/events{/number}","events_url":"https://api.github.com/repos/noahbenson/Air.jl/events","assignees_url":"https://api.github.com/repos/noahbenson/Air.jl/assignees{/user}","branches_url":"https://api.github.com/repos/noahbenson/Air.jl/branches{/branch}","tags_url":"https://api.github.com/repos/noahbenson/Air.jl/tags","blobs_url":"https://api.github.com/repos/noahbenson/Air.jl/git/blobs{/sha}","git_tags_url":"https://api.github.com/repos/noahbenson/Air.jl/git/tags{/sha}","git_refs_url":"https://api.github.com/repos/noahbenson/Air.jl/git/refs{/sha}","trees_url":"https://api.github.com/repos/noahbenson/Air.jl/git/trees{/sha}","statuses_url":"https://api.github.com/repos/noahbenson/Air.jl/statuses/{sha}","languages_url":"https://api.github.com/repos/noahbenson/Air.jl/languages","stargazers_url":"https://api.github.com/repos/noahbenson/Air.jl/stargazers","contributors_url":"https://api.github.com/repos/noahbenson/Air.jl/contributors","subscribers_url":"https://api.github.com/repos/noahbenson/Air.jl/subscribers","subscription_url":"https://api.github.com/repos/noahbenson/Air.jl/subscription","commits_url":"https://api.github.com/repos/noahbenson/Air.jl/commits{/sha}","git_commits_url":"https://api.github.com/repos/noahbenson/Air.jl/git/commits{/sha}","comments_url":"https://api.github.com/repos/noahbenson/Air.jl/comments{/number}","issue_comment_url":"https://api.github.com/repos/noahbenson/Air.jl/issues/comments{/number}","contents_url":"https://api.github.com/repos/noahbenson/Air.jl/contents/{+path}","compare_url":"https://api.github.com/repos/noahbenson/Air.jl/compare/{base}...{head}","merges_url":"https://api.github.com/repos/noahbenson/Air.jl/merges","archive_url":"https://api.github.com/repos/noahbenson/Air.jl/{archive_format}{/ref}","downloads_url":"https://api.github.com/repos/noahbenson/Air.jl/downloads","issues_url":"https://api.github.com/repos/noahbenson/Air.jl/issues{/number}","pulls_url":"https://api.github.com/repos/noahbenson/Air.jl/pulls{/number}","milestones_url":"https://api.github.com/repos/noahbenson/Air.jl/milestones{/number}","notifications_url":"https://api.github.com/repos/noahbenson/Air.jl/notifications{?since,all,participating}","labels_url":"https://api.github.com/repos/noahbenson/Air.jl/labels{/name}","releases_url":"https://api.github.com/repos/noahbenson/Air.jl/releases{/id}","deployments_url":"https://api.github.com/repos/noahbenson/Air.jl/deployments","created_at":"2019-10-19T16:14:08Z","updated_at":"2022-01-11T14:15:28Z","pushed_at":"2021-11-04T01:13:25Z","git_url":"git://github.com/noahbenson/Air.jl.git","ssh_url":"git@github.com:noahbenson/Air.jl.git","clone_url":"https://github.com/noahbenson/Air.jl.git","svn_url":"https://github.com/noahbenson/Air.jl","homepage":null,"size":786,"stargazers_count":17,"watchers_count":17,"language":"Julia","has_issues":true,"has_projects":true,"has_downloads":true,"has_wiki":true,"has_pages":true,"forks_count":2,"mirror_url":null,"archived":false,"disabled":false,"open_issues_count":1,"license":{"key":"mit","name":"MIT License","spdx_id":"MIT","url":"https://api.github.com/licenses/mit","node_id":"MDc6TGljZW5zZTEz"},"allow_forking":true,"is_template":false,"web_commit_signoff_required":false,"topics":[],"visibility":"public","forks":2,"open_issues":1,"watchers":17,"default_branch":"master","permissions":{"admin":false,"maintain":false,"push":false,"triage":false,"pull":true},"temp_clone_token":"","network_count":2,"subscribers_count":3}