{"id":321608250,"node_id":"MDEwOlJlcG9zaXRvcnkzMjE2MDgyNTA=","name":"AbstractPPL.jl","full_name":"TuringLang/AbstractPPL.jl","private":false,"owner":{"login":"TuringLang","id":26261527,"node_id":"MDEyOk9yZ2FuaXphdGlvbjI2MjYxNTI3","avatar_url":"https://avatars.githubusercontent.com/u/26261527?v=4","gravatar_id":"","url":"https://api.github.com/users/TuringLang","html_url":"https://github.com/TuringLang","followers_url":"https://api.github.com/users/TuringLang/followers","following_url":"https://api.github.com/users/TuringLang/following{/other_user}","gists_url":"https://api.github.com/users/TuringLang/gists{/gist_id}","starred_url":"https://api.github.com/users/TuringLang/starred{/owner}{/repo}","subscriptions_url":"https://api.github.com/users/TuringLang/subscriptions","organizations_url":"https://api.github.com/users/TuringLang/orgs","repos_url":"https://api.github.com/users/TuringLang/repos","events_url":"https://api.github.com/users/TuringLang/events{/privacy}","received_events_url":"https://api.github.com/users/TuringLang/received_events","type":"Organization","site_admin":false},"html_url":"https://github.com/TuringLang/AbstractPPL.jl","description":"Common types and interfaces for probabilistic programming","fork":false,"url":"https://api.github.com/repos/TuringLang/AbstractPPL.jl","forks_url":"https://api.github.com/repos/TuringLang/AbstractPPL.jl/forks","keys_url":"https://api.github.com/repos/TuringLang/AbstractPPL.jl/keys{/key_id}","collaborators_url":"https://api.github.com/repos/TuringLang/AbstractPPL.jl/collaborators{/collaborator}","teams_url":"https://api.github.com/repos/TuringLang/AbstractPPL.jl/teams","hooks_url":"https://api.github.com/repos/TuringLang/AbstractPPL.jl/hooks","issue_events_url":"https://api.github.com/repos/TuringLang/AbstractPPL.jl/issues/events{/number}","events_url":"https://api.github.com/repos/TuringLang/AbstractPPL.jl/events","assignees_url":"https://api.github.com/repos/TuringLang/AbstractPPL.jl/assignees{/user}","branches_url":"https://api.github.com/repos/TuringLang/AbstractPPL.jl/branches{/branch}","tags_url":"https://api.github.com/repos/TuringLang/AbstractPPL.jl/tags","blobs_url":"https://api.github.com/repos/TuringLang/AbstractPPL.jl/git/blobs{/sha}","git_tags_url":"https://api.github.com/repos/TuringLang/AbstractPPL.jl/git/tags{/sha}","git_refs_url":"https://api.github.com/repos/TuringLang/AbstractPPL.jl/git/refs{/sha}","trees_url":"https://api.github.com/repos/TuringLang/AbstractPPL.jl/git/trees{/sha}","statuses_url":"https://api.github.com/repos/TuringLang/AbstractPPL.jl/statuses/{sha}","languages_url":"https://api.github.com/repos/TuringLang/AbstractPPL.jl/languages","stargazers_url":"https://api.github.com/repos/TuringLang/AbstractPPL.jl/stargazers","contributors_url":"https://api.github.com/repos/TuringLang/AbstractPPL.jl/contributors","subscribers_url":"https://api.github.com/repos/TuringLang/AbstractPPL.jl/subscribers","subscription_url":"https://api.github.com/repos/TuringLang/AbstractPPL.jl/subscription","commits_url":"https://api.github.com/repos/TuringLang/AbstractPPL.jl/commits{/sha}","git_commits_url":"https://api.github.com/repos/TuringLang/AbstractPPL.jl/git/commits{/sha}","comments_url":"https://api.github.com/repos/TuringLang/AbstractPPL.jl/comments{/number}","issue_comment_url":"https://api.github.com/repos/TuringLang/AbstractPPL.jl/issues/comments{/number}","contents_url":"https://api.github.com/repos/TuringLang/AbstractPPL.jl/contents/{+path}","compare_url":"https://api.github.com/repos/TuringLang/AbstractPPL.jl/compare/{base}...{head}","merges_url":"https://api.github.com/repos/TuringLang/AbstractPPL.jl/merges","archive_url":"https://api.github.com/repos/TuringLang/AbstractPPL.jl/{archive_format}{/ref}","downloads_url":"https://api.github.com/repos/TuringLang/AbstractPPL.jl/downloads","issues_url":"https://api.github.com/repos/TuringLang/AbstractPPL.jl/issues{/number}","pulls_url":"https://api.github.com/repos/TuringLang/AbstractPPL.jl/pulls{/number}","milestones_url":"https://api.github.com/repos/TuringLang/AbstractPPL.jl/milestones{/number}","notifications_url":"https://api.github.com/repos/TuringLang/AbstractPPL.jl/notifications{?since,all,participating}","labels_url":"https://api.github.com/repos/TuringLang/AbstractPPL.jl/labels{/name}","releases_url":"https://api.github.com/repos/TuringLang/AbstractPPL.jl/releases{/id}","deployments_url":"https://api.github.com/repos/TuringLang/AbstractPPL.jl/deployments","created_at":"2020-12-15T08:53:54Z","updated_at":"2022-04-19T04:12:26Z","pushed_at":"2022-06-19T19:52:32Z","git_url":"git://github.com/TuringLang/AbstractPPL.jl.git","ssh_url":"git@github.com:TuringLang/AbstractPPL.jl.git","clone_url":"https://github.com/TuringLang/AbstractPPL.jl.git","svn_url":"https://github.com/TuringLang/AbstractPPL.jl","homepage":"","size":116,"stargazers_count":20,"watchers_count":20,"language":"Julia","has_issues":true,"has_projects":false,"has_downloads":true,"has_wiki":false,"has_pages":false,"forks_count":5,"mirror_url":null,"archived":false,"disabled":false,"open_issues_count":16,"license":{"key":"mit","name":"MIT License","spdx_id":"MIT","url":"https://api.github.com/licenses/mit","node_id":"MDc6TGljZW5zZTEz"},"allow_forking":true,"is_template":false,"web_commit_signoff_required":false,"topics":["ppls","probabilistic-programming"],"visibility":"public","forks":5,"open_issues":16,"watchers":20,"default_branch":"main","permissions":{"admin":false,"maintain":false,"push":false,"triage":false,"pull":true},"temp_clone_token":"","organization":{"login":"TuringLang","id":26261527,"node_id":"MDEyOk9yZ2FuaXphdGlvbjI2MjYxNTI3","avatar_url":"https://avatars.githubusercontent.com/u/26261527?v=4","gravatar_id":"","url":"https://api.github.com/users/TuringLang","html_url":"https://github.com/TuringLang","followers_url":"https://api.github.com/users/TuringLang/followers","following_url":"https://api.github.com/users/TuringLang/following{/other_user}","gists_url":"https://api.github.com/users/TuringLang/gists{/gist_id}","starred_url":"https://api.github.com/users/TuringLang/starred{/owner}{/repo}","subscriptions_url":"https://api.github.com/users/TuringLang/subscriptions","organizations_url":"https://api.github.com/users/TuringLang/orgs","repos_url":"https://api.github.com/users/TuringLang/repos","events_url":"https://api.github.com/users/TuringLang/events{/privacy}","received_events_url":"https://api.github.com/users/TuringLang/received_events","type":"Organization","site_admin":false},"network_count":5,"subscribers_count":10}