{"id":325058854,"node_id":"MDEwOlJlcG9zaXRvcnkzMjUwNTg4NTQ=","name":"ActorInterfacesTests.jl","full_name":"JuliaActors/ActorInterfacesTests.jl","private":false,"owner":{"login":"JuliaActors","id":74127579,"node_id":"MDEyOk9yZ2FuaXphdGlvbjc0MTI3NTc5","avatar_url":"https://avatars.githubusercontent.com/u/74127579?v=4","gravatar_id":"","url":"https://api.github.com/users/JuliaActors","html_url":"https://github.com/JuliaActors","followers_url":"https://api.github.com/users/JuliaActors/followers","following_url":"https://api.github.com/users/JuliaActors/following{/other_user}","gists_url":"https://api.github.com/users/JuliaActors/gists{/gist_id}","starred_url":"https://api.github.com/users/JuliaActors/starred{/owner}{/repo}","subscriptions_url":"https://api.github.com/users/JuliaActors/subscriptions","organizations_url":"https://api.github.com/users/JuliaActors/orgs","repos_url":"https://api.github.com/users/JuliaActors/repos","events_url":"https://api.github.com/users/JuliaActors/events{/privacy}","received_events_url":"https://api.github.com/users/JuliaActors/received_events","type":"Organization","site_admin":false},"html_url":"https://github.com/JuliaActors/ActorInterfacesTests.jl","description":"Test suite for ActorInterfaces.jl","fork":false,"url":"https://api.github.com/repos/JuliaActors/ActorInterfacesTests.jl","forks_url":"https://api.github.com/repos/JuliaActors/ActorInterfacesTests.jl/forks","keys_url":"https://api.github.com/repos/JuliaActors/ActorInterfacesTests.jl/keys{/key_id}","collaborators_url":"https://api.github.com/repos/JuliaActors/ActorInterfacesTests.jl/collaborators{/collaborator}","teams_url":"https://api.github.com/repos/JuliaActors/ActorInterfacesTests.jl/teams","hooks_url":"https://api.github.com/repos/JuliaActors/ActorInterfacesTests.jl/hooks","issue_events_url":"https://api.github.com/repos/JuliaActors/ActorInterfacesTests.jl/issues/events{/number}","events_url":"https://api.github.com/repos/JuliaActors/ActorInterfacesTests.jl/events","assignees_url":"https://api.github.com/repos/JuliaActors/ActorInterfacesTests.jl/assignees{/user}","branches_url":"https://api.github.com/repos/JuliaActors/ActorInterfacesTests.jl/branches{/branch}","tags_url":"https://api.github.com/repos/JuliaActors/ActorInterfacesTests.jl/tags","blobs_url":"https://api.github.com/repos/JuliaActors/ActorInterfacesTests.jl/git/blobs{/sha}","git_tags_url":"https://api.github.com/repos/JuliaActors/ActorInterfacesTests.jl/git/tags{/sha}","git_refs_url":"https://api.github.com/repos/JuliaActors/ActorInterfacesTests.jl/git/refs{/sha}","trees_url":"https://api.github.com/repos/JuliaActors/ActorInterfacesTests.jl/git/trees{/sha}","statuses_url":"https://api.github.com/repos/JuliaActors/ActorInterfacesTests.jl/statuses/{sha}","languages_url":"https://api.github.com/repos/JuliaActors/ActorInterfacesTests.jl/languages","stargazers_url":"https://api.github.com/repos/JuliaActors/ActorInterfacesTests.jl/stargazers","contributors_url":"https://api.github.com/repos/JuliaActors/ActorInterfacesTests.jl/contributors","subscribers_url":"https://api.github.com/repos/JuliaActors/ActorInterfacesTests.jl/subscribers","subscription_url":"https://api.github.com/repos/JuliaActors/ActorInterfacesTests.jl/subscription","commits_url":"https://api.github.com/repos/JuliaActors/ActorInterfacesTests.jl/commits{/sha}","git_commits_url":"https://api.github.com/repos/JuliaActors/ActorInterfacesTests.jl/git/commits{/sha}","comments_url":"https://api.github.com/repos/JuliaActors/ActorInterfacesTests.jl/comments{/number}","issue_comment_url":"https://api.github.com/repos/JuliaActors/ActorInterfacesTests.jl/issues/comments{/number}","contents_url":"https://api.github.com/repos/JuliaActors/ActorInterfacesTests.jl/contents/{+path}","compare_url":"https://api.github.com/repos/JuliaActors/ActorInterfacesTests.jl/compare/{base}...{head}","merges_url":"https://api.github.com/repos/JuliaActors/ActorInterfacesTests.jl/merges","archive_url":"https://api.github.com/repos/JuliaActors/ActorInterfacesTests.jl/{archive_format}{/ref}","downloads_url":"https://api.github.com/repos/JuliaActors/ActorInterfacesTests.jl/downloads","issues_url":"https://api.github.com/repos/JuliaActors/ActorInterfacesTests.jl/issues{/number}","pulls_url":"https://api.github.com/repos/JuliaActors/ActorInterfacesTests.jl/pulls{/number}","milestones_url":"https://api.github.com/repos/JuliaActors/ActorInterfacesTests.jl/milestones{/number}","notifications_url":"https://api.github.com/repos/JuliaActors/ActorInterfacesTests.jl/notifications{?since,all,participating}","labels_url":"https://api.github.com/repos/JuliaActors/ActorInterfacesTests.jl/labels{/name}","releases_url":"https://api.github.com/repos/JuliaActors/ActorInterfacesTests.jl/releases{/id}","deployments_url":"https://api.github.com/repos/JuliaActors/ActorInterfacesTests.jl/deployments","created_at":"2020-12-28T16:18:50Z","updated_at":"2021-02-15T12:26:17Z","pushed_at":"2021-02-15T12:26:14Z","git_url":"git://github.com/JuliaActors/ActorInterfacesTests.jl.git","ssh_url":"git@github.com:JuliaActors/ActorInterfacesTests.jl.git","clone_url":"https://github.com/JuliaActors/ActorInterfacesTests.jl.git","svn_url":"https://github.com/JuliaActors/ActorInterfacesTests.jl","homepage":null,"size":13,"stargazers_count":0,"watchers_count":0,"language":"Julia","has_issues":true,"has_projects":true,"has_downloads":true,"has_wiki":true,"has_pages":false,"forks_count":0,"mirror_url":null,"archived":false,"disabled":false,"open_issues_count":0,"license":{"key":"other","name":"Other","spdx_id":"NOASSERTION","url":null,"node_id":"MDc6TGljZW5zZTA="},"allow_forking":true,"is_template":false,"web_commit_signoff_required":false,"topics":[],"visibility":"public","forks":0,"open_issues":0,"watchers":0,"default_branch":"main","permissions":{"admin":false,"maintain":false,"push":false,"triage":false,"pull":true},"temp_clone_token":"","organization":{"login":"JuliaActors","id":74127579,"node_id":"MDEyOk9yZ2FuaXphdGlvbjc0MTI3NTc5","avatar_url":"https://avatars.githubusercontent.com/u/74127579?v=4","gravatar_id":"","url":"https://api.github.com/users/JuliaActors","html_url":"https://github.com/JuliaActors","followers_url":"https://api.github.com/users/JuliaActors/followers","following_url":"https://api.github.com/users/JuliaActors/following{/other_user}","gists_url":"https://api.github.com/users/JuliaActors/gists{/gist_id}","starred_url":"https://api.github.com/users/JuliaActors/starred{/owner}{/repo}","subscriptions_url":"https://api.github.com/users/JuliaActors/subscriptions","organizations_url":"https://api.github.com/users/JuliaActors/orgs","repos_url":"https://api.github.com/users/JuliaActors/repos","events_url":"https://api.github.com/users/JuliaActors/events{/privacy}","received_events_url":"https://api.github.com/users/JuliaActors/received_events","type":"Organization","site_admin":false},"network_count":0,"subscribers_count":3}