{"id":202180591,"node_id":"MDEwOlJlcG9zaXRvcnkyMDIxODA1OTE=","name":"AD4SM.jl","full_name":"avigliotti/AD4SM.jl","private":false,"owner":{"login":"avigliotti","id":11613632,"node_id":"MDQ6VXNlcjExNjEzNjMy","avatar_url":"https://avatars.githubusercontent.com/u/11613632?v=4","gravatar_id":"","url":"https://api.github.com/users/avigliotti","html_url":"https://github.com/avigliotti","followers_url":"https://api.github.com/users/avigliotti/followers","following_url":"https://api.github.com/users/avigliotti/following{/other_user}","gists_url":"https://api.github.com/users/avigliotti/gists{/gist_id}","starred_url":"https://api.github.com/users/avigliotti/starred{/owner}{/repo}","subscriptions_url":"https://api.github.com/users/avigliotti/subscriptions","organizations_url":"https://api.github.com/users/avigliotti/orgs","repos_url":"https://api.github.com/users/avigliotti/repos","events_url":"https://api.github.com/users/avigliotti/events{/privacy}","received_events_url":"https://api.github.com/users/avigliotti/received_events","type":"User","site_admin":false},"html_url":"https://github.com/avigliotti/AD4SM.jl","description":"Automatic Differentiation for Solid Mechanics","fork":false,"url":"https://api.github.com/repos/avigliotti/AD4SM.jl","forks_url":"https://api.github.com/repos/avigliotti/AD4SM.jl/forks","keys_url":"https://api.github.com/repos/avigliotti/AD4SM.jl/keys{/key_id}","collaborators_url":"https://api.github.com/repos/avigliotti/AD4SM.jl/collaborators{/collaborator}","teams_url":"https://api.github.com/repos/avigliotti/AD4SM.jl/teams","hooks_url":"https://api.github.com/repos/avigliotti/AD4SM.jl/hooks","issue_events_url":"https://api.github.com/repos/avigliotti/AD4SM.jl/issues/events{/number}","events_url":"https://api.github.com/repos/avigliotti/AD4SM.jl/events","assignees_url":"https://api.github.com/repos/avigliotti/AD4SM.jl/assignees{/user}","branches_url":"https://api.github.com/repos/avigliotti/AD4SM.jl/branches{/branch}","tags_url":"https://api.github.com/repos/avigliotti/AD4SM.jl/tags","blobs_url":"https://api.github.com/repos/avigliotti/AD4SM.jl/git/blobs{/sha}","git_tags_url":"https://api.github.com/repos/avigliotti/AD4SM.jl/git/tags{/sha}","git_refs_url":"https://api.github.com/repos/avigliotti/AD4SM.jl/git/refs{/sha}","trees_url":"https://api.github.com/repos/avigliotti/AD4SM.jl/git/trees{/sha}","statuses_url":"https://api.github.com/repos/avigliotti/AD4SM.jl/statuses/{sha}","languages_url":"https://api.github.com/repos/avigliotti/AD4SM.jl/languages","stargazers_url":"https://api.github.com/repos/avigliotti/AD4SM.jl/stargazers","contributors_url":"https://api.github.com/repos/avigliotti/AD4SM.jl/contributors","subscribers_url":"https://api.github.com/repos/avigliotti/AD4SM.jl/subscribers","subscription_url":"https://api.github.com/repos/avigliotti/AD4SM.jl/subscription","commits_url":"https://api.github.com/repos/avigliotti/AD4SM.jl/commits{/sha}","git_commits_url":"https://api.github.com/repos/avigliotti/AD4SM.jl/git/commits{/sha}","comments_url":"https://api.github.com/repos/avigliotti/AD4SM.jl/comments{/number}","issue_comment_url":"https://api.github.com/repos/avigliotti/AD4SM.jl/issues/comments{/number}","contents_url":"https://api.github.com/repos/avigliotti/AD4SM.jl/contents/{+path}","compare_url":"https://api.github.com/repos/avigliotti/AD4SM.jl/compare/{base}...{head}","merges_url":"https://api.github.com/repos/avigliotti/AD4SM.jl/merges","archive_url":"https://api.github.com/repos/avigliotti/AD4SM.jl/{archive_format}{/ref}","downloads_url":"https://api.github.com/repos/avigliotti/AD4SM.jl/downloads","issues_url":"https://api.github.com/repos/avigliotti/AD4SM.jl/issues{/number}","pulls_url":"https://api.github.com/repos/avigliotti/AD4SM.jl/pulls{/number}","milestones_url":"https://api.github.com/repos/avigliotti/AD4SM.jl/milestones{/number}","notifications_url":"https://api.github.com/repos/avigliotti/AD4SM.jl/notifications{?since,all,participating}","labels_url":"https://api.github.com/repos/avigliotti/AD4SM.jl/labels{/name}","releases_url":"https://api.github.com/repos/avigliotti/AD4SM.jl/releases{/id}","deployments_url":"https://api.github.com/repos/avigliotti/AD4SM.jl/deployments","created_at":"2019-08-13T16:10:30Z","updated_at":"2022-02-11T17:06:44Z","pushed_at":"2022-01-16T11:59:31Z","git_url":"git://github.com/avigliotti/AD4SM.jl.git","ssh_url":"git@github.com:avigliotti/AD4SM.jl.git","clone_url":"https://github.com/avigliotti/AD4SM.jl.git","svn_url":"https://github.com/avigliotti/AD4SM.jl","homepage":"","size":48760,"stargazers_count":43,"watchers_count":43,"language":"Jupyter Notebook","has_issues":true,"has_projects":true,"has_downloads":true,"has_wiki":true,"has_pages":false,"forks_count":6,"mirror_url":null,"archived":false,"disabled":false,"open_issues_count":0,"license":{"key":"mit","name":"MIT License","spdx_id":"MIT","url":"https://api.github.com/licenses/mit","node_id":"MDc6TGljZW5zZTEz"},"allow_forking":true,"is_template":false,"web_commit_signoff_required":false,"topics":["automatic-differentiation","finite-element-methods","julia-language","solid-mechanics"],"visibility":"public","forks":6,"open_issues":0,"watchers":43,"default_branch":"master","permissions":{"admin":false,"maintain":false,"push":false,"triage":false,"pull":true},"temp_clone_token":"","network_count":6,"subscribers_count":4}