{"id":373755627,"node_id":"MDEwOlJlcG9zaXRvcnkzNzM3NTU2Mjc=","name":"ArgDecomposition.jl","full_name":"JuliaSIMD/ArgDecomposition.jl","private":false,"owner":{"login":"JuliaSIMD","id":80543003,"node_id":"MDEyOk9yZ2FuaXphdGlvbjgwNTQzMDAz","avatar_url":"https://avatars.githubusercontent.com/u/80543003?v=4","gravatar_id":"","url":"https://api.github.com/users/JuliaSIMD","html_url":"https://github.com/JuliaSIMD","followers_url":"https://api.github.com/users/JuliaSIMD/followers","following_url":"https://api.github.com/users/JuliaSIMD/following{/other_user}","gists_url":"https://api.github.com/users/JuliaSIMD/gists{/gist_id}","starred_url":"https://api.github.com/users/JuliaSIMD/starred{/owner}{/repo}","subscriptions_url":"https://api.github.com/users/JuliaSIMD/subscriptions","organizations_url":"https://api.github.com/users/JuliaSIMD/orgs","repos_url":"https://api.github.com/users/JuliaSIMD/repos","events_url":"https://api.github.com/users/JuliaSIMD/events{/privacy}","received_events_url":"https://api.github.com/users/JuliaSIMD/received_events","type":"Organization","site_admin":false},"html_url":"https://github.com/JuliaSIMD/ArgDecomposition.jl","description":"Break structs down into tuples and then reassemble them.","fork":false,"url":"https://api.github.com/repos/JuliaSIMD/ArgDecomposition.jl","forks_url":"https://api.github.com/repos/JuliaSIMD/ArgDecomposition.jl/forks","keys_url":"https://api.github.com/repos/JuliaSIMD/ArgDecomposition.jl/keys{/key_id}","collaborators_url":"https://api.github.com/repos/JuliaSIMD/ArgDecomposition.jl/collaborators{/collaborator}","teams_url":"https://api.github.com/repos/JuliaSIMD/ArgDecomposition.jl/teams","hooks_url":"https://api.github.com/repos/JuliaSIMD/ArgDecomposition.jl/hooks","issue_events_url":"https://api.github.com/repos/JuliaSIMD/ArgDecomposition.jl/issues/events{/number}","events_url":"https://api.github.com/repos/JuliaSIMD/ArgDecomposition.jl/events","assignees_url":"https://api.github.com/repos/JuliaSIMD/ArgDecomposition.jl/assignees{/user}","branches_url":"https://api.github.com/repos/JuliaSIMD/ArgDecomposition.jl/branches{/branch}","tags_url":"https://api.github.com/repos/JuliaSIMD/ArgDecomposition.jl/tags","blobs_url":"https://api.github.com/repos/JuliaSIMD/ArgDecomposition.jl/git/blobs{/sha}","git_tags_url":"https://api.github.com/repos/JuliaSIMD/ArgDecomposition.jl/git/tags{/sha}","git_refs_url":"https://api.github.com/repos/JuliaSIMD/ArgDecomposition.jl/git/refs{/sha}","trees_url":"https://api.github.com/repos/JuliaSIMD/ArgDecomposition.jl/git/trees{/sha}","statuses_url":"https://api.github.com/repos/JuliaSIMD/ArgDecomposition.jl/statuses/{sha}","languages_url":"https://api.github.com/repos/JuliaSIMD/ArgDecomposition.jl/languages","stargazers_url":"https://api.github.com/repos/JuliaSIMD/ArgDecomposition.jl/stargazers","contributors_url":"https://api.github.com/repos/JuliaSIMD/ArgDecomposition.jl/contributors","subscribers_url":"https://api.github.com/repos/JuliaSIMD/ArgDecomposition.jl/subscribers","subscription_url":"https://api.github.com/repos/JuliaSIMD/ArgDecomposition.jl/subscription","commits_url":"https://api.github.com/repos/JuliaSIMD/ArgDecomposition.jl/commits{/sha}","git_commits_url":"https://api.github.com/repos/JuliaSIMD/ArgDecomposition.jl/git/commits{/sha}","comments_url":"https://api.github.com/repos/JuliaSIMD/ArgDecomposition.jl/comments{/number}","issue_comment_url":"https://api.github.com/repos/JuliaSIMD/ArgDecomposition.jl/issues/comments{/number}","contents_url":"https://api.github.com/repos/JuliaSIMD/ArgDecomposition.jl/contents/{+path}","compare_url":"https://api.github.com/repos/JuliaSIMD/ArgDecomposition.jl/compare/{base}...{head}","merges_url":"https://api.github.com/repos/JuliaSIMD/ArgDecomposition.jl/merges","archive_url":"https://api.github.com/repos/JuliaSIMD/ArgDecomposition.jl/{archive_format}{/ref}","downloads_url":"https://api.github.com/repos/JuliaSIMD/ArgDecomposition.jl/downloads","issues_url":"https://api.github.com/repos/JuliaSIMD/ArgDecomposition.jl/issues{/number}","pulls_url":"https://api.github.com/repos/JuliaSIMD/ArgDecomposition.jl/pulls{/number}","milestones_url":"https://api.github.com/repos/JuliaSIMD/ArgDecomposition.jl/milestones{/number}","notifications_url":"https://api.github.com/repos/JuliaSIMD/ArgDecomposition.jl/notifications{?since,all,participating}","labels_url":"https://api.github.com/repos/JuliaSIMD/ArgDecomposition.jl/labels{/name}","releases_url":"https://api.github.com/repos/JuliaSIMD/ArgDecomposition.jl/releases{/id}","deployments_url":"https://api.github.com/repos/JuliaSIMD/ArgDecomposition.jl/deployments","created_at":"2021-06-04T07:19:36Z","updated_at":"2021-08-11T13:03:51Z","pushed_at":"2021-06-07T07:33:28Z","git_url":"git://github.com/JuliaSIMD/ArgDecomposition.jl.git","ssh_url":"git@github.com:JuliaSIMD/ArgDecomposition.jl.git","clone_url":"https://github.com/JuliaSIMD/ArgDecomposition.jl.git","svn_url":"https://github.com/JuliaSIMD/ArgDecomposition.jl","homepage":null,"size":7,"stargazers_count":1,"watchers_count":1,"language":"Julia","has_issues":true,"has_projects":true,"has_downloads":true,"has_wiki":true,"has_pages":false,"forks_count":0,"mirror_url":null,"archived":false,"disabled":false,"open_issues_count":0,"license":{"key":"mit","name":"MIT License","spdx_id":"MIT","url":"https://api.github.com/licenses/mit","node_id":"MDc6TGljZW5zZTEz"},"allow_forking":true,"is_template":false,"web_commit_signoff_required":false,"topics":[],"visibility":"public","forks":0,"open_issues":0,"watchers":1,"default_branch":"main","permissions":{"admin":false,"maintain":false,"push":false,"triage":false,"pull":true},"temp_clone_token":"","organization":{"login":"JuliaSIMD","id":80543003,"node_id":"MDEyOk9yZ2FuaXphdGlvbjgwNTQzMDAz","avatar_url":"https://avatars.githubusercontent.com/u/80543003?v=4","gravatar_id":"","url":"https://api.github.com/users/JuliaSIMD","html_url":"https://github.com/JuliaSIMD","followers_url":"https://api.github.com/users/JuliaSIMD/followers","following_url":"https://api.github.com/users/JuliaSIMD/following{/other_user}","gists_url":"https://api.github.com/users/JuliaSIMD/gists{/gist_id}","starred_url":"https://api.github.com/users/JuliaSIMD/starred{/owner}{/repo}","subscriptions_url":"https://api.github.com/users/JuliaSIMD/subscriptions","organizations_url":"https://api.github.com/users/JuliaSIMD/orgs","repos_url":"https://api.github.com/users/JuliaSIMD/repos","events_url":"https://api.github.com/users/JuliaSIMD/events{/privacy}","received_events_url":"https://api.github.com/users/JuliaSIMD/received_events","type":"Organization","site_admin":false},"network_count":0,"subscribers_count":3}