{"id":194440722,"node_id":"MDEwOlJlcG9zaXRvcnkxOTQ0NDA3MjI=","name":"Amb.jl","full_name":"shashi/Amb.jl","private":false,"owner":{"login":"shashi","id":25916,"node_id":"MDQ6VXNlcjI1OTE2","avatar_url":"https://avatars.githubusercontent.com/u/25916?v=4","gravatar_id":"","url":"https://api.github.com/users/shashi","html_url":"https://github.com/shashi","followers_url":"https://api.github.com/users/shashi/followers","following_url":"https://api.github.com/users/shashi/following{/other_user}","gists_url":"https://api.github.com/users/shashi/gists{/gist_id}","starred_url":"https://api.github.com/users/shashi/starred{/owner}{/repo}","subscriptions_url":"https://api.github.com/users/shashi/subscriptions","organizations_url":"https://api.github.com/users/shashi/orgs","repos_url":"https://api.github.com/users/shashi/repos","events_url":"https://api.github.com/users/shashi/events{/privacy}","received_events_url":"https://api.github.com/users/shashi/received_events","type":"User","site_admin":false},"html_url":"https://github.com/shashi/Amb.jl","description":"Lisp amb operator in Julia","fork":false,"url":"https://api.github.com/repos/shashi/Amb.jl","forks_url":"https://api.github.com/repos/shashi/Amb.jl/forks","keys_url":"https://api.github.com/repos/shashi/Amb.jl/keys{/key_id}","collaborators_url":"https://api.github.com/repos/shashi/Amb.jl/collaborators{/collaborator}","teams_url":"https://api.github.com/repos/shashi/Amb.jl/teams","hooks_url":"https://api.github.com/repos/shashi/Amb.jl/hooks","issue_events_url":"https://api.github.com/repos/shashi/Amb.jl/issues/events{/number}","events_url":"https://api.github.com/repos/shashi/Amb.jl/events","assignees_url":"https://api.github.com/repos/shashi/Amb.jl/assignees{/user}","branches_url":"https://api.github.com/repos/shashi/Amb.jl/branches{/branch}","tags_url":"https://api.github.com/repos/shashi/Amb.jl/tags","blobs_url":"https://api.github.com/repos/shashi/Amb.jl/git/blobs{/sha}","git_tags_url":"https://api.github.com/repos/shashi/Amb.jl/git/tags{/sha}","git_refs_url":"https://api.github.com/repos/shashi/Amb.jl/git/refs{/sha}","trees_url":"https://api.github.com/repos/shashi/Amb.jl/git/trees{/sha}","statuses_url":"https://api.github.com/repos/shashi/Amb.jl/statuses/{sha}","languages_url":"https://api.github.com/repos/shashi/Amb.jl/languages","stargazers_url":"https://api.github.com/repos/shashi/Amb.jl/stargazers","contributors_url":"https://api.github.com/repos/shashi/Amb.jl/contributors","subscribers_url":"https://api.github.com/repos/shashi/Amb.jl/subscribers","subscription_url":"https://api.github.com/repos/shashi/Amb.jl/subscription","commits_url":"https://api.github.com/repos/shashi/Amb.jl/commits{/sha}","git_commits_url":"https://api.github.com/repos/shashi/Amb.jl/git/commits{/sha}","comments_url":"https://api.github.com/repos/shashi/Amb.jl/comments{/number}","issue_comment_url":"https://api.github.com/repos/shashi/Amb.jl/issues/comments{/number}","contents_url":"https://api.github.com/repos/shashi/Amb.jl/contents/{+path}","compare_url":"https://api.github.com/repos/shashi/Amb.jl/compare/{base}...{head}","merges_url":"https://api.github.com/repos/shashi/Amb.jl/merges","archive_url":"https://api.github.com/repos/shashi/Amb.jl/{archive_format}{/ref}","downloads_url":"https://api.github.com/repos/shashi/Amb.jl/downloads","issues_url":"https://api.github.com/repos/shashi/Amb.jl/issues{/number}","pulls_url":"https://api.github.com/repos/shashi/Amb.jl/pulls{/number}","milestones_url":"https://api.github.com/repos/shashi/Amb.jl/milestones{/number}","notifications_url":"https://api.github.com/repos/shashi/Amb.jl/notifications{?since,all,participating}","labels_url":"https://api.github.com/repos/shashi/Amb.jl/labels{/name}","releases_url":"https://api.github.com/repos/shashi/Amb.jl/releases{/id}","deployments_url":"https://api.github.com/repos/shashi/Amb.jl/deployments","created_at":"2019-06-29T19:17:34Z","updated_at":"2021-11-07T22:48:44Z","pushed_at":"2020-02-08T16:19:55Z","git_url":"git://github.com/shashi/Amb.jl.git","ssh_url":"git@github.com:shashi/Amb.jl.git","clone_url":"https://github.com/shashi/Amb.jl.git","svn_url":"https://github.com/shashi/Amb.jl","homepage":null,"size":8,"stargazers_count":6,"watchers_count":6,"language":"Julia","has_issues":true,"has_projects":true,"has_downloads":true,"has_wiki":true,"has_pages":false,"forks_count":0,"mirror_url":null,"archived":false,"disabled":false,"open_issues_count":0,"license":{"key":"mit","name":"MIT License","spdx_id":"MIT","url":"https://api.github.com/licenses/mit","node_id":"MDc6TGljZW5zZTEz"},"allow_forking":true,"is_template":false,"web_commit_signoff_required":false,"topics":[],"visibility":"public","forks":0,"open_issues":0,"watchers":6,"default_branch":"master","permissions":{"admin":false,"maintain":false,"push":false,"triage":false,"pull":true},"temp_clone_token":"","network_count":0,"subscribers_count":3}