{"id":336473211,"node_id":"MDEwOlJlcG9zaXRvcnkzMzY0NzMyMTE=","name":"AbstractDifferentiation.jl","full_name":"JuliaDiff/AbstractDifferentiation.jl","private":false,"owner":{"login":"JuliaDiff","id":7750915,"node_id":"MDEyOk9yZ2FuaXphdGlvbjc3NTA5MTU=","avatar_url":"https://avatars.githubusercontent.com/u/7750915?v=4","gravatar_id":"","url":"https://api.github.com/users/JuliaDiff","html_url":"https://github.com/JuliaDiff","followers_url":"https://api.github.com/users/JuliaDiff/followers","following_url":"https://api.github.com/users/JuliaDiff/following{/other_user}","gists_url":"https://api.github.com/users/JuliaDiff/gists{/gist_id}","starred_url":"https://api.github.com/users/JuliaDiff/starred{/owner}{/repo}","subscriptions_url":"https://api.github.com/users/JuliaDiff/subscriptions","organizations_url":"https://api.github.com/users/JuliaDiff/orgs","repos_url":"https://api.github.com/users/JuliaDiff/repos","events_url":"https://api.github.com/users/JuliaDiff/events{/privacy}","received_events_url":"https://api.github.com/users/JuliaDiff/received_events","type":"Organization","site_admin":false},"html_url":"https://github.com/JuliaDiff/AbstractDifferentiation.jl","description":"An abstract interface for automatic differentiation.","fork":false,"url":"https://api.github.com/repos/JuliaDiff/AbstractDifferentiation.jl","forks_url":"https://api.github.com/repos/JuliaDiff/AbstractDifferentiation.jl/forks","keys_url":"https://api.github.com/repos/JuliaDiff/AbstractDifferentiation.jl/keys{/key_id}","collaborators_url":"https://api.github.com/repos/JuliaDiff/AbstractDifferentiation.jl/collaborators{/collaborator}","teams_url":"https://api.github.com/repos/JuliaDiff/AbstractDifferentiation.jl/teams","hooks_url":"https://api.github.com/repos/JuliaDiff/AbstractDifferentiation.jl/hooks","issue_events_url":"https://api.github.com/repos/JuliaDiff/AbstractDifferentiation.jl/issues/events{/number}","events_url":"https://api.github.com/repos/JuliaDiff/AbstractDifferentiation.jl/events","assignees_url":"https://api.github.com/repos/JuliaDiff/AbstractDifferentiation.jl/assignees{/user}","branches_url":"https://api.github.com/repos/JuliaDiff/AbstractDifferentiation.jl/branches{/branch}","tags_url":"https://api.github.com/repos/JuliaDiff/AbstractDifferentiation.jl/tags","blobs_url":"https://api.github.com/repos/JuliaDiff/AbstractDifferentiation.jl/git/blobs{/sha}","git_tags_url":"https://api.github.com/repos/JuliaDiff/AbstractDifferentiation.jl/git/tags{/sha}","git_refs_url":"https://api.github.com/repos/JuliaDiff/AbstractDifferentiation.jl/git/refs{/sha}","trees_url":"https://api.github.com/repos/JuliaDiff/AbstractDifferentiation.jl/git/trees{/sha}","statuses_url":"https://api.github.com/repos/JuliaDiff/AbstractDifferentiation.jl/statuses/{sha}","languages_url":"https://api.github.com/repos/JuliaDiff/AbstractDifferentiation.jl/languages","stargazers_url":"https://api.github.com/repos/JuliaDiff/AbstractDifferentiation.jl/stargazers","contributors_url":"https://api.github.com/repos/JuliaDiff/AbstractDifferentiation.jl/contributors","subscribers_url":"https://api.github.com/repos/JuliaDiff/AbstractDifferentiation.jl/subscribers","subscription_url":"https://api.github.com/repos/JuliaDiff/AbstractDifferentiation.jl/subscription","commits_url":"https://api.github.com/repos/JuliaDiff/AbstractDifferentiation.jl/commits{/sha}","git_commits_url":"https://api.github.com/repos/JuliaDiff/AbstractDifferentiation.jl/git/commits{/sha}","comments_url":"https://api.github.com/repos/JuliaDiff/AbstractDifferentiation.jl/comments{/number}","issue_comment_url":"https://api.github.com/repos/JuliaDiff/AbstractDifferentiation.jl/issues/comments{/number}","contents_url":"https://api.github.com/repos/JuliaDiff/AbstractDifferentiation.jl/contents/{+path}","compare_url":"https://api.github.com/repos/JuliaDiff/AbstractDifferentiation.jl/compare/{base}...{head}","merges_url":"https://api.github.com/repos/JuliaDiff/AbstractDifferentiation.jl/merges","archive_url":"https://api.github.com/repos/JuliaDiff/AbstractDifferentiation.jl/{archive_format}{/ref}","downloads_url":"https://api.github.com/repos/JuliaDiff/AbstractDifferentiation.jl/downloads","issues_url":"https://api.github.com/repos/JuliaDiff/AbstractDifferentiation.jl/issues{/number}","pulls_url":"https://api.github.com/repos/JuliaDiff/AbstractDifferentiation.jl/pulls{/number}","milestones_url":"https://api.github.com/repos/JuliaDiff/AbstractDifferentiation.jl/milestones{/number}","notifications_url":"https://api.github.com/repos/JuliaDiff/AbstractDifferentiation.jl/notifications{?since,all,participating}","labels_url":"https://api.github.com/repos/JuliaDiff/AbstractDifferentiation.jl/labels{/name}","releases_url":"https://api.github.com/repos/JuliaDiff/AbstractDifferentiation.jl/releases{/id}","deployments_url":"https://api.github.com/repos/JuliaDiff/AbstractDifferentiation.jl/deployments","created_at":"2021-02-06T06:36:38Z","updated_at":"2022-06-26T16:54:30Z","pushed_at":"2022-05-24T06:13:03Z","git_url":"git://github.com/JuliaDiff/AbstractDifferentiation.jl.git","ssh_url":"git@github.com:JuliaDiff/AbstractDifferentiation.jl.git","clone_url":"https://github.com/JuliaDiff/AbstractDifferentiation.jl.git","svn_url":"https://github.com/JuliaDiff/AbstractDifferentiation.jl","homepage":null,"size":70,"stargazers_count":89,"watchers_count":89,"language":"Julia","has_issues":true,"has_projects":true,"has_downloads":true,"has_wiki":true,"has_pages":false,"forks_count":7,"mirror_url":null,"archived":false,"disabled":false,"open_issues_count":30,"license":{"key":"mit","name":"MIT License","spdx_id":"MIT","url":"https://api.github.com/licenses/mit","node_id":"MDc6TGljZW5zZTEz"},"allow_forking":true,"is_template":false,"web_commit_signoff_required":false,"topics":[],"visibility":"public","forks":7,"open_issues":30,"watchers":89,"default_branch":"master","permissions":{"admin":false,"maintain":false,"push":false,"triage":false,"pull":true},"temp_clone_token":"","organization":{"login":"JuliaDiff","id":7750915,"node_id":"MDEyOk9yZ2FuaXphdGlvbjc3NTA5MTU=","avatar_url":"https://avatars.githubusercontent.com/u/7750915?v=4","gravatar_id":"","url":"https://api.github.com/users/JuliaDiff","html_url":"https://github.com/JuliaDiff","followers_url":"https://api.github.com/users/JuliaDiff/followers","following_url":"https://api.github.com/users/JuliaDiff/following{/other_user}","gists_url":"https://api.github.com/users/JuliaDiff/gists{/gist_id}","starred_url":"https://api.github.com/users/JuliaDiff/starred{/owner}{/repo}","subscriptions_url":"https://api.github.com/users/JuliaDiff/subscriptions","organizations_url":"https://api.github.com/users/JuliaDiff/orgs","repos_url":"https://api.github.com/users/JuliaDiff/repos","events_url":"https://api.github.com/users/JuliaDiff/events{/privacy}","received_events_url":"https://api.github.com/users/JuliaDiff/received_events","type":"Organization","site_admin":false},"network_count":7,"subscribers_count":14}