{"id":11110027,"node_id":"MDEwOlJlcG9zaXRvcnkxMTExMDAyNw==","name":"ApproxFun.jl","full_name":"JuliaApproximation/ApproxFun.jl","private":false,"owner":{"login":"JuliaApproximation","id":10121696,"node_id":"MDEyOk9yZ2FuaXphdGlvbjEwMTIxNjk2","avatar_url":"https://avatars.githubusercontent.com/u/10121696?v=4","gravatar_id":"","url":"https://api.github.com/users/JuliaApproximation","html_url":"https://github.com/JuliaApproximation","followers_url":"https://api.github.com/users/JuliaApproximation/followers","following_url":"https://api.github.com/users/JuliaApproximation/following{/other_user}","gists_url":"https://api.github.com/users/JuliaApproximation/gists{/gist_id}","starred_url":"https://api.github.com/users/JuliaApproximation/starred{/owner}{/repo}","subscriptions_url":"https://api.github.com/users/JuliaApproximation/subscriptions","organizations_url":"https://api.github.com/users/JuliaApproximation/orgs","repos_url":"https://api.github.com/users/JuliaApproximation/repos","events_url":"https://api.github.com/users/JuliaApproximation/events{/privacy}","received_events_url":"https://api.github.com/users/JuliaApproximation/received_events","type":"Organization","site_admin":false},"html_url":"https://github.com/JuliaApproximation/ApproxFun.jl","description":"Julia package for function approximation","fork":false,"url":"https://api.github.com/repos/JuliaApproximation/ApproxFun.jl","forks_url":"https://api.github.com/repos/JuliaApproximation/ApproxFun.jl/forks","keys_url":"https://api.github.com/repos/JuliaApproximation/ApproxFun.jl/keys{/key_id}","collaborators_url":"https://api.github.com/repos/JuliaApproximation/ApproxFun.jl/collaborators{/collaborator}","teams_url":"https://api.github.com/repos/JuliaApproximation/ApproxFun.jl/teams","hooks_url":"https://api.github.com/repos/JuliaApproximation/ApproxFun.jl/hooks","issue_events_url":"https://api.github.com/repos/JuliaApproximation/ApproxFun.jl/issues/events{/number}","events_url":"https://api.github.com/repos/JuliaApproximation/ApproxFun.jl/events","assignees_url":"https://api.github.com/repos/JuliaApproximation/ApproxFun.jl/assignees{/user}","branches_url":"https://api.github.com/repos/JuliaApproximation/ApproxFun.jl/branches{/branch}","tags_url":"https://api.github.com/repos/JuliaApproximation/ApproxFun.jl/tags","blobs_url":"https://api.github.com/repos/JuliaApproximation/ApproxFun.jl/git/blobs{/sha}","git_tags_url":"https://api.github.com/repos/JuliaApproximation/ApproxFun.jl/git/tags{/sha}","git_refs_url":"https://api.github.com/repos/JuliaApproximation/ApproxFun.jl/git/refs{/sha}","trees_url":"https://api.github.com/repos/JuliaApproximation/ApproxFun.jl/git/trees{/sha}","statuses_url":"https://api.github.com/repos/JuliaApproximation/ApproxFun.jl/statuses/{sha}","languages_url":"https://api.github.com/repos/JuliaApproximation/ApproxFun.jl/languages","stargazers_url":"https://api.github.com/repos/JuliaApproximation/ApproxFun.jl/stargazers","contributors_url":"https://api.github.com/repos/JuliaApproximation/ApproxFun.jl/contributors","subscribers_url":"https://api.github.com/repos/JuliaApproximation/ApproxFun.jl/subscribers","subscription_url":"https://api.github.com/repos/JuliaApproximation/ApproxFun.jl/subscription","commits_url":"https://api.github.com/repos/JuliaApproximation/ApproxFun.jl/commits{/sha}","git_commits_url":"https://api.github.com/repos/JuliaApproximation/ApproxFun.jl/git/commits{/sha}","comments_url":"https://api.github.com/repos/JuliaApproximation/ApproxFun.jl/comments{/number}","issue_comment_url":"https://api.github.com/repos/JuliaApproximation/ApproxFun.jl/issues/comments{/number}","contents_url":"https://api.github.com/repos/JuliaApproximation/ApproxFun.jl/contents/{+path}","compare_url":"https://api.github.com/repos/JuliaApproximation/ApproxFun.jl/compare/{base}...{head}","merges_url":"https://api.github.com/repos/JuliaApproximation/ApproxFun.jl/merges","archive_url":"https://api.github.com/repos/JuliaApproximation/ApproxFun.jl/{archive_format}{/ref}","downloads_url":"https://api.github.com/repos/JuliaApproximation/ApproxFun.jl/downloads","issues_url":"https://api.github.com/repos/JuliaApproximation/ApproxFun.jl/issues{/number}","pulls_url":"https://api.github.com/repos/JuliaApproximation/ApproxFun.jl/pulls{/number}","milestones_url":"https://api.github.com/repos/JuliaApproximation/ApproxFun.jl/milestones{/number}","notifications_url":"https://api.github.com/repos/JuliaApproximation/ApproxFun.jl/notifications{?since,all,participating}","labels_url":"https://api.github.com/repos/JuliaApproximation/ApproxFun.jl/labels{/name}","releases_url":"https://api.github.com/repos/JuliaApproximation/ApproxFun.jl/releases{/id}","deployments_url":"https://api.github.com/repos/JuliaApproximation/ApproxFun.jl/deployments","created_at":"2013-07-01T23:28:23Z","updated_at":"2022-06-08T07:18:29Z","pushed_at":"2022-05-11T16:34:43Z","git_url":"git://github.com/JuliaApproximation/ApproxFun.jl.git","ssh_url":"git@github.com:JuliaApproximation/ApproxFun.jl.git","clone_url":"https://github.com/JuliaApproximation/ApproxFun.jl.git","svn_url":"https://github.com/JuliaApproximation/ApproxFun.jl","homepage":"","size":111244,"stargazers_count":415,"watchers_count":415,"language":"Julia","has_issues":true,"has_projects":true,"has_downloads":true,"has_wiki":true,"has_pages":true,"forks_count":65,"mirror_url":null,"archived":false,"disabled":false,"open_issues_count":171,"license":{"key":"other","name":"Other","spdx_id":"NOASSERTION","url":null,"node_id":"MDc6TGljZW5zZTA="},"allow_forking":true,"is_template":false,"web_commit_signoff_required":false,"topics":["approximation","julia","partial-differential-equations"],"visibility":"public","forks":65,"open_issues":171,"watchers":415,"default_branch":"master","permissions":{"admin":false,"maintain":false,"push":false,"triage":false,"pull":true},"temp_clone_token":"","organization":{"login":"JuliaApproximation","id":10121696,"node_id":"MDEyOk9yZ2FuaXphdGlvbjEwMTIxNjk2","avatar_url":"https://avatars.githubusercontent.com/u/10121696?v=4","gravatar_id":"","url":"https://api.github.com/users/JuliaApproximation","html_url":"https://github.com/JuliaApproximation","followers_url":"https://api.github.com/users/JuliaApproximation/followers","following_url":"https://api.github.com/users/JuliaApproximation/following{/other_user}","gists_url":"https://api.github.com/users/JuliaApproximation/gists{/gist_id}","starred_url":"https://api.github.com/users/JuliaApproximation/starred{/owner}{/repo}","subscriptions_url":"https://api.github.com/users/JuliaApproximation/subscriptions","organizations_url":"https://api.github.com/users/JuliaApproximation/orgs","repos_url":"https://api.github.com/users/JuliaApproximation/repos","events_url":"https://api.github.com/users/JuliaApproximation/events{/privacy}","received_events_url":"https://api.github.com/users/JuliaApproximation/received_events","type":"Organization","site_admin":false},"network_count":65,"subscribers_count":21}