{"id":207887099,"node_id":"MDEwOlJlcG9zaXRvcnkyMDc4ODcwOTk=","name":"AnyMOD.jl","full_name":"leonardgoeke/AnyMOD.jl","private":false,"owner":{"login":"leonardgoeke","id":55208856,"node_id":"MDQ6VXNlcjU1MjA4ODU2","avatar_url":"https://avatars.githubusercontent.com/u/55208856?v=4","gravatar_id":"","url":"https://api.github.com/users/leonardgoeke","html_url":"https://github.com/leonardgoeke","followers_url":"https://api.github.com/users/leonardgoeke/followers","following_url":"https://api.github.com/users/leonardgoeke/following{/other_user}","gists_url":"https://api.github.com/users/leonardgoeke/gists{/gist_id}","starred_url":"https://api.github.com/users/leonardgoeke/starred{/owner}{/repo}","subscriptions_url":"https://api.github.com/users/leonardgoeke/subscriptions","organizations_url":"https://api.github.com/users/leonardgoeke/orgs","repos_url":"https://api.github.com/users/leonardgoeke/repos","events_url":"https://api.github.com/users/leonardgoeke/events{/privacy}","received_events_url":"https://api.github.com/users/leonardgoeke/received_events","type":"User","site_admin":false},"html_url":"https://github.com/leonardgoeke/AnyMOD.jl","description":"Julia framework for energy system models with a focus on multi-period capacity expansion","fork":false,"url":"https://api.github.com/repos/leonardgoeke/AnyMOD.jl","forks_url":"https://api.github.com/repos/leonardgoeke/AnyMOD.jl/forks","keys_url":"https://api.github.com/repos/leonardgoeke/AnyMOD.jl/keys{/key_id}","collaborators_url":"https://api.github.com/repos/leonardgoeke/AnyMOD.jl/collaborators{/collaborator}","teams_url":"https://api.github.com/repos/leonardgoeke/AnyMOD.jl/teams","hooks_url":"https://api.github.com/repos/leonardgoeke/AnyMOD.jl/hooks","issue_events_url":"https://api.github.com/repos/leonardgoeke/AnyMOD.jl/issues/events{/number}","events_url":"https://api.github.com/repos/leonardgoeke/AnyMOD.jl/events","assignees_url":"https://api.github.com/repos/leonardgoeke/AnyMOD.jl/assignees{/user}","branches_url":"https://api.github.com/repos/leonardgoeke/AnyMOD.jl/branches{/branch}","tags_url":"https://api.github.com/repos/leonardgoeke/AnyMOD.jl/tags","blobs_url":"https://api.github.com/repos/leonardgoeke/AnyMOD.jl/git/blobs{/sha}","git_tags_url":"https://api.github.com/repos/leonardgoeke/AnyMOD.jl/git/tags{/sha}","git_refs_url":"https://api.github.com/repos/leonardgoeke/AnyMOD.jl/git/refs{/sha}","trees_url":"https://api.github.com/repos/leonardgoeke/AnyMOD.jl/git/trees{/sha}","statuses_url":"https://api.github.com/repos/leonardgoeke/AnyMOD.jl/statuses/{sha}","languages_url":"https://api.github.com/repos/leonardgoeke/AnyMOD.jl/languages","stargazers_url":"https://api.github.com/repos/leonardgoeke/AnyMOD.jl/stargazers","contributors_url":"https://api.github.com/repos/leonardgoeke/AnyMOD.jl/contributors","subscribers_url":"https://api.github.com/repos/leonardgoeke/AnyMOD.jl/subscribers","subscription_url":"https://api.github.com/repos/leonardgoeke/AnyMOD.jl/subscription","commits_url":"https://api.github.com/repos/leonardgoeke/AnyMOD.jl/commits{/sha}","git_commits_url":"https://api.github.com/repos/leonardgoeke/AnyMOD.jl/git/commits{/sha}","comments_url":"https://api.github.com/repos/leonardgoeke/AnyMOD.jl/comments{/number}","issue_comment_url":"https://api.github.com/repos/leonardgoeke/AnyMOD.jl/issues/comments{/number}","contents_url":"https://api.github.com/repos/leonardgoeke/AnyMOD.jl/contents/{+path}","compare_url":"https://api.github.com/repos/leonardgoeke/AnyMOD.jl/compare/{base}...{head}","merges_url":"https://api.github.com/repos/leonardgoeke/AnyMOD.jl/merges","archive_url":"https://api.github.com/repos/leonardgoeke/AnyMOD.jl/{archive_format}{/ref}","downloads_url":"https://api.github.com/repos/leonardgoeke/AnyMOD.jl/downloads","issues_url":"https://api.github.com/repos/leonardgoeke/AnyMOD.jl/issues{/number}","pulls_url":"https://api.github.com/repos/leonardgoeke/AnyMOD.jl/pulls{/number}","milestones_url":"https://api.github.com/repos/leonardgoeke/AnyMOD.jl/milestones{/number}","notifications_url":"https://api.github.com/repos/leonardgoeke/AnyMOD.jl/notifications{?since,all,participating}","labels_url":"https://api.github.com/repos/leonardgoeke/AnyMOD.jl/labels{/name}","releases_url":"https://api.github.com/repos/leonardgoeke/AnyMOD.jl/releases{/id}","deployments_url":"https://api.github.com/repos/leonardgoeke/AnyMOD.jl/deployments","created_at":"2019-09-11T19:08:21Z","updated_at":"2022-06-20T09:40:47Z","pushed_at":"2022-06-26T11:56:00Z","git_url":"git://github.com/leonardgoeke/AnyMOD.jl.git","ssh_url":"git@github.com:leonardgoeke/AnyMOD.jl.git","clone_url":"https://github.com/leonardgoeke/AnyMOD.jl.git","svn_url":"https://github.com/leonardgoeke/AnyMOD.jl","homepage":"","size":16853,"stargazers_count":47,"watchers_count":47,"language":"Julia","has_issues":true,"has_projects":true,"has_downloads":true,"has_wiki":true,"has_pages":true,"forks_count":13,"mirror_url":null,"archived":false,"disabled":false,"open_issues_count":4,"license":{"key":"mit","name":"MIT License","spdx_id":"MIT","url":"https://api.github.com/licenses/mit","node_id":"MDc6TGljZW5zZTEz"},"allow_forking":true,"is_template":false,"web_commit_signoff_required":false,"topics":["capacity-expansion-planning","energy","julia","linear-programming","optimization"],"visibility":"public","forks":13,"open_issues":4,"watchers":47,"default_branch":"master","permissions":{"admin":false,"maintain":false,"push":false,"triage":false,"pull":true},"temp_clone_token":"","network_count":13,"subscribers_count":5}