{"id":368374490,"node_id":"MDEwOlJlcG9zaXRvcnkzNjgzNzQ0OTA=","name":"ADIOS2.jl","full_name":"eschnett/ADIOS2.jl","private":false,"owner":{"login":"eschnett","id":213514,"node_id":"MDQ6VXNlcjIxMzUxNA==","avatar_url":"https://avatars.githubusercontent.com/u/213514?v=4","gravatar_id":"","url":"https://api.github.com/users/eschnett","html_url":"https://github.com/eschnett","followers_url":"https://api.github.com/users/eschnett/followers","following_url":"https://api.github.com/users/eschnett/following{/other_user}","gists_url":"https://api.github.com/users/eschnett/gists{/gist_id}","starred_url":"https://api.github.com/users/eschnett/starred{/owner}{/repo}","subscriptions_url":"https://api.github.com/users/eschnett/subscriptions","organizations_url":"https://api.github.com/users/eschnett/orgs","repos_url":"https://api.github.com/users/eschnett/repos","events_url":"https://api.github.com/users/eschnett/events{/privacy}","received_events_url":"https://api.github.com/users/eschnett/received_events","type":"User","site_admin":false},"html_url":"https://github.com/eschnett/ADIOS2.jl","description":"A Julia interface to ADIOS2","fork":false,"url":"https://api.github.com/repos/eschnett/ADIOS2.jl","forks_url":"https://api.github.com/repos/eschnett/ADIOS2.jl/forks","keys_url":"https://api.github.com/repos/eschnett/ADIOS2.jl/keys{/key_id}","collaborators_url":"https://api.github.com/repos/eschnett/ADIOS2.jl/collaborators{/collaborator}","teams_url":"https://api.github.com/repos/eschnett/ADIOS2.jl/teams","hooks_url":"https://api.github.com/repos/eschnett/ADIOS2.jl/hooks","issue_events_url":"https://api.github.com/repos/eschnett/ADIOS2.jl/issues/events{/number}","events_url":"https://api.github.com/repos/eschnett/ADIOS2.jl/events","assignees_url":"https://api.github.com/repos/eschnett/ADIOS2.jl/assignees{/user}","branches_url":"https://api.github.com/repos/eschnett/ADIOS2.jl/branches{/branch}","tags_url":"https://api.github.com/repos/eschnett/ADIOS2.jl/tags","blobs_url":"https://api.github.com/repos/eschnett/ADIOS2.jl/git/blobs{/sha}","git_tags_url":"https://api.github.com/repos/eschnett/ADIOS2.jl/git/tags{/sha}","git_refs_url":"https://api.github.com/repos/eschnett/ADIOS2.jl/git/refs{/sha}","trees_url":"https://api.github.com/repos/eschnett/ADIOS2.jl/git/trees{/sha}","statuses_url":"https://api.github.com/repos/eschnett/ADIOS2.jl/statuses/{sha}","languages_url":"https://api.github.com/repos/eschnett/ADIOS2.jl/languages","stargazers_url":"https://api.github.com/repos/eschnett/ADIOS2.jl/stargazers","contributors_url":"https://api.github.com/repos/eschnett/ADIOS2.jl/contributors","subscribers_url":"https://api.github.com/repos/eschnett/ADIOS2.jl/subscribers","subscription_url":"https://api.github.com/repos/eschnett/ADIOS2.jl/subscription","commits_url":"https://api.github.com/repos/eschnett/ADIOS2.jl/commits{/sha}","git_commits_url":"https://api.github.com/repos/eschnett/ADIOS2.jl/git/commits{/sha}","comments_url":"https://api.github.com/repos/eschnett/ADIOS2.jl/comments{/number}","issue_comment_url":"https://api.github.com/repos/eschnett/ADIOS2.jl/issues/comments{/number}","contents_url":"https://api.github.com/repos/eschnett/ADIOS2.jl/contents/{+path}","compare_url":"https://api.github.com/repos/eschnett/ADIOS2.jl/compare/{base}...{head}","merges_url":"https://api.github.com/repos/eschnett/ADIOS2.jl/merges","archive_url":"https://api.github.com/repos/eschnett/ADIOS2.jl/{archive_format}{/ref}","downloads_url":"https://api.github.com/repos/eschnett/ADIOS2.jl/downloads","issues_url":"https://api.github.com/repos/eschnett/ADIOS2.jl/issues{/number}","pulls_url":"https://api.github.com/repos/eschnett/ADIOS2.jl/pulls{/number}","milestones_url":"https://api.github.com/repos/eschnett/ADIOS2.jl/milestones{/number}","notifications_url":"https://api.github.com/repos/eschnett/ADIOS2.jl/notifications{?since,all,participating}","labels_url":"https://api.github.com/repos/eschnett/ADIOS2.jl/labels{/name}","releases_url":"https://api.github.com/repos/eschnett/ADIOS2.jl/releases{/id}","deployments_url":"https://api.github.com/repos/eschnett/ADIOS2.jl/deployments","created_at":"2021-05-18T02:10:25Z","updated_at":"2022-02-23T13:22:09Z","pushed_at":"2022-02-23T19:30:42Z","git_url":"git://github.com/eschnett/ADIOS2.jl.git","ssh_url":"git@github.com:eschnett/ADIOS2.jl.git","clone_url":"https://github.com/eschnett/ADIOS2.jl.git","svn_url":"https://github.com/eschnett/ADIOS2.jl","homepage":null,"size":318,"stargazers_count":9,"watchers_count":9,"language":"Julia","has_issues":true,"has_projects":true,"has_downloads":true,"has_wiki":true,"has_pages":true,"forks_count":3,"mirror_url":null,"archived":false,"disabled":false,"open_issues_count":0,"license":{"key":"mit","name":"MIT License","spdx_id":"MIT","url":"https://api.github.com/licenses/mit","node_id":"MDc6TGljZW5zZTEz"},"allow_forking":true,"is_template":false,"web_commit_signoff_required":false,"topics":[],"visibility":"public","forks":3,"open_issues":0,"watchers":9,"default_branch":"main","permissions":{"admin":false,"maintain":false,"push":false,"triage":false,"pull":true},"temp_clone_token":"","network_count":3,"subscribers_count":7}