{"id":257211979,"node_id":"MDEwOlJlcG9zaXRvcnkyNTcyMTE5Nzk=","name":"AbstractSDRs.jl","full_name":"JuliaTelecom/AbstractSDRs.jl","private":false,"owner":{"login":"JuliaTelecom","id":74202318,"node_id":"MDEyOk9yZ2FuaXphdGlvbjc0MjAyMzE4","avatar_url":"https://avatars.githubusercontent.com/u/74202318?v=4","gravatar_id":"","url":"https://api.github.com/users/JuliaTelecom","html_url":"https://github.com/JuliaTelecom","followers_url":"https://api.github.com/users/JuliaTelecom/followers","following_url":"https://api.github.com/users/JuliaTelecom/following{/other_user}","gists_url":"https://api.github.com/users/JuliaTelecom/gists{/gist_id}","starred_url":"https://api.github.com/users/JuliaTelecom/starred{/owner}{/repo}","subscriptions_url":"https://api.github.com/users/JuliaTelecom/subscriptions","organizations_url":"https://api.github.com/users/JuliaTelecom/orgs","repos_url":"https://api.github.com/users/JuliaTelecom/repos","events_url":"https://api.github.com/users/JuliaTelecom/events{/privacy}","received_events_url":"https://api.github.com/users/JuliaTelecom/received_events","type":"Organization","site_admin":false},"html_url":"https://github.com/JuliaTelecom/AbstractSDRs.jl","description":"Julia package to monitor various Software Defined Radios in a common API","fork":false,"url":"https://api.github.com/repos/JuliaTelecom/AbstractSDRs.jl","forks_url":"https://api.github.com/repos/JuliaTelecom/AbstractSDRs.jl/forks","keys_url":"https://api.github.com/repos/JuliaTelecom/AbstractSDRs.jl/keys{/key_id}","collaborators_url":"https://api.github.com/repos/JuliaTelecom/AbstractSDRs.jl/collaborators{/collaborator}","teams_url":"https://api.github.com/repos/JuliaTelecom/AbstractSDRs.jl/teams","hooks_url":"https://api.github.com/repos/JuliaTelecom/AbstractSDRs.jl/hooks","issue_events_url":"https://api.github.com/repos/JuliaTelecom/AbstractSDRs.jl/issues/events{/number}","events_url":"https://api.github.com/repos/JuliaTelecom/AbstractSDRs.jl/events","assignees_url":"https://api.github.com/repos/JuliaTelecom/AbstractSDRs.jl/assignees{/user}","branches_url":"https://api.github.com/repos/JuliaTelecom/AbstractSDRs.jl/branches{/branch}","tags_url":"https://api.github.com/repos/JuliaTelecom/AbstractSDRs.jl/tags","blobs_url":"https://api.github.com/repos/JuliaTelecom/AbstractSDRs.jl/git/blobs{/sha}","git_tags_url":"https://api.github.com/repos/JuliaTelecom/AbstractSDRs.jl/git/tags{/sha}","git_refs_url":"https://api.github.com/repos/JuliaTelecom/AbstractSDRs.jl/git/refs{/sha}","trees_url":"https://api.github.com/repos/JuliaTelecom/AbstractSDRs.jl/git/trees{/sha}","statuses_url":"https://api.github.com/repos/JuliaTelecom/AbstractSDRs.jl/statuses/{sha}","languages_url":"https://api.github.com/repos/JuliaTelecom/AbstractSDRs.jl/languages","stargazers_url":"https://api.github.com/repos/JuliaTelecom/AbstractSDRs.jl/stargazers","contributors_url":"https://api.github.com/repos/JuliaTelecom/AbstractSDRs.jl/contributors","subscribers_url":"https://api.github.com/repos/JuliaTelecom/AbstractSDRs.jl/subscribers","subscription_url":"https://api.github.com/repos/JuliaTelecom/AbstractSDRs.jl/subscription","commits_url":"https://api.github.com/repos/JuliaTelecom/AbstractSDRs.jl/commits{/sha}","git_commits_url":"https://api.github.com/repos/JuliaTelecom/AbstractSDRs.jl/git/commits{/sha}","comments_url":"https://api.github.com/repos/JuliaTelecom/AbstractSDRs.jl/comments{/number}","issue_comment_url":"https://api.github.com/repos/JuliaTelecom/AbstractSDRs.jl/issues/comments{/number}","contents_url":"https://api.github.com/repos/JuliaTelecom/AbstractSDRs.jl/contents/{+path}","compare_url":"https://api.github.com/repos/JuliaTelecom/AbstractSDRs.jl/compare/{base}...{head}","merges_url":"https://api.github.com/repos/JuliaTelecom/AbstractSDRs.jl/merges","archive_url":"https://api.github.com/repos/JuliaTelecom/AbstractSDRs.jl/{archive_format}{/ref}","downloads_url":"https://api.github.com/repos/JuliaTelecom/AbstractSDRs.jl/downloads","issues_url":"https://api.github.com/repos/JuliaTelecom/AbstractSDRs.jl/issues{/number}","pulls_url":"https://api.github.com/repos/JuliaTelecom/AbstractSDRs.jl/pulls{/number}","milestones_url":"https://api.github.com/repos/JuliaTelecom/AbstractSDRs.jl/milestones{/number}","notifications_url":"https://api.github.com/repos/JuliaTelecom/AbstractSDRs.jl/notifications{?since,all,participating}","labels_url":"https://api.github.com/repos/JuliaTelecom/AbstractSDRs.jl/labels{/name}","releases_url":"https://api.github.com/repos/JuliaTelecom/AbstractSDRs.jl/releases{/id}","deployments_url":"https://api.github.com/repos/JuliaTelecom/AbstractSDRs.jl/deployments","created_at":"2020-04-20T08:02:03Z","updated_at":"2022-05-21T02:18:22Z","pushed_at":"2022-06-10T07:58:07Z","git_url":"git://github.com/JuliaTelecom/AbstractSDRs.jl.git","ssh_url":"git@github.com:JuliaTelecom/AbstractSDRs.jl.git","clone_url":"https://github.com/JuliaTelecom/AbstractSDRs.jl.git","svn_url":"https://github.com/JuliaTelecom/AbstractSDRs.jl","homepage":"","size":501,"stargazers_count":13,"watchers_count":13,"language":"Julia","has_issues":true,"has_projects":true,"has_downloads":true,"has_wiki":true,"has_pages":true,"forks_count":1,"mirror_url":null,"archived":false,"disabled":false,"open_issues_count":2,"license":{"key":"mit","name":"MIT License","spdx_id":"MIT","url":"https://api.github.com/licenses/mit","node_id":"MDc6TGljZW5zZTEz"},"allow_forking":true,"is_template":false,"web_commit_signoff_required":false,"topics":["julia","sdr","usrp"],"visibility":"public","forks":1,"open_issues":2,"watchers":13,"default_branch":"master","permissions":{"admin":false,"maintain":false,"push":false,"triage":false,"pull":true},"temp_clone_token":"","organization":{"login":"JuliaTelecom","id":74202318,"node_id":"MDEyOk9yZ2FuaXphdGlvbjc0MjAyMzE4","avatar_url":"https://avatars.githubusercontent.com/u/74202318?v=4","gravatar_id":"","url":"https://api.github.com/users/JuliaTelecom","html_url":"https://github.com/JuliaTelecom","followers_url":"https://api.github.com/users/JuliaTelecom/followers","following_url":"https://api.github.com/users/JuliaTelecom/following{/other_user}","gists_url":"https://api.github.com/users/JuliaTelecom/gists{/gist_id}","starred_url":"https://api.github.com/users/JuliaTelecom/starred{/owner}{/repo}","subscriptions_url":"https://api.github.com/users/JuliaTelecom/subscriptions","organizations_url":"https://api.github.com/users/JuliaTelecom/orgs","repos_url":"https://api.github.com/users/JuliaTelecom/repos","events_url":"https://api.github.com/users/JuliaTelecom/events{/privacy}","received_events_url":"https://api.github.com/users/JuliaTelecom/received_events","type":"Organization","site_admin":false},"network_count":1,"subscribers_count":3}