{"id":101971156,"node_id":"MDEwOlJlcG9zaXRvcnkxMDE5NzExNTY=","name":"AdobeGlyphList.jl","full_name":"sambitdash/AdobeGlyphList.jl","private":false,"owner":{"login":"sambitdash","id":28453165,"node_id":"MDQ6VXNlcjI4NDUzMTY1","avatar_url":"https://avatars.githubusercontent.com/u/28453165?v=4","gravatar_id":"","url":"https://api.github.com/users/sambitdash","html_url":"https://github.com/sambitdash","followers_url":"https://api.github.com/users/sambitdash/followers","following_url":"https://api.github.com/users/sambitdash/following{/other_user}","gists_url":"https://api.github.com/users/sambitdash/gists{/gist_id}","starred_url":"https://api.github.com/users/sambitdash/starred{/owner}{/repo}","subscriptions_url":"https://api.github.com/users/sambitdash/subscriptions","organizations_url":"https://api.github.com/users/sambitdash/orgs","repos_url":"https://api.github.com/users/sambitdash/repos","events_url":"https://api.github.com/users/sambitdash/events{/privacy}","received_events_url":"https://api.github.com/users/sambitdash/received_events","type":"User","site_admin":false},"html_url":"https://github.com/sambitdash/AdobeGlyphList.jl","description":"AGL & AGLFN","fork":true,"url":"https://api.github.com/repos/sambitdash/AdobeGlyphList.jl","forks_url":"https://api.github.com/repos/sambitdash/AdobeGlyphList.jl/forks","keys_url":"https://api.github.com/repos/sambitdash/AdobeGlyphList.jl/keys{/key_id}","collaborators_url":"https://api.github.com/repos/sambitdash/AdobeGlyphList.jl/collaborators{/collaborator}","teams_url":"https://api.github.com/repos/sambitdash/AdobeGlyphList.jl/teams","hooks_url":"https://api.github.com/repos/sambitdash/AdobeGlyphList.jl/hooks","issue_events_url":"https://api.github.com/repos/sambitdash/AdobeGlyphList.jl/issues/events{/number}","events_url":"https://api.github.com/repos/sambitdash/AdobeGlyphList.jl/events","assignees_url":"https://api.github.com/repos/sambitdash/AdobeGlyphList.jl/assignees{/user}","branches_url":"https://api.github.com/repos/sambitdash/AdobeGlyphList.jl/branches{/branch}","tags_url":"https://api.github.com/repos/sambitdash/AdobeGlyphList.jl/tags","blobs_url":"https://api.github.com/repos/sambitdash/AdobeGlyphList.jl/git/blobs{/sha}","git_tags_url":"https://api.github.com/repos/sambitdash/AdobeGlyphList.jl/git/tags{/sha}","git_refs_url":"https://api.github.com/repos/sambitdash/AdobeGlyphList.jl/git/refs{/sha}","trees_url":"https://api.github.com/repos/sambitdash/AdobeGlyphList.jl/git/trees{/sha}","statuses_url":"https://api.github.com/repos/sambitdash/AdobeGlyphList.jl/statuses/{sha}","languages_url":"https://api.github.com/repos/sambitdash/AdobeGlyphList.jl/languages","stargazers_url":"https://api.github.com/repos/sambitdash/AdobeGlyphList.jl/stargazers","contributors_url":"https://api.github.com/repos/sambitdash/AdobeGlyphList.jl/contributors","subscribers_url":"https://api.github.com/repos/sambitdash/AdobeGlyphList.jl/subscribers","subscription_url":"https://api.github.com/repos/sambitdash/AdobeGlyphList.jl/subscription","commits_url":"https://api.github.com/repos/sambitdash/AdobeGlyphList.jl/commits{/sha}","git_commits_url":"https://api.github.com/repos/sambitdash/AdobeGlyphList.jl/git/commits{/sha}","comments_url":"https://api.github.com/repos/sambitdash/AdobeGlyphList.jl/comments{/number}","issue_comment_url":"https://api.github.com/repos/sambitdash/AdobeGlyphList.jl/issues/comments{/number}","contents_url":"https://api.github.com/repos/sambitdash/AdobeGlyphList.jl/contents/{+path}","compare_url":"https://api.github.com/repos/sambitdash/AdobeGlyphList.jl/compare/{base}...{head}","merges_url":"https://api.github.com/repos/sambitdash/AdobeGlyphList.jl/merges","archive_url":"https://api.github.com/repos/sambitdash/AdobeGlyphList.jl/{archive_format}{/ref}","downloads_url":"https://api.github.com/repos/sambitdash/AdobeGlyphList.jl/downloads","issues_url":"https://api.github.com/repos/sambitdash/AdobeGlyphList.jl/issues{/number}","pulls_url":"https://api.github.com/repos/sambitdash/AdobeGlyphList.jl/pulls{/number}","milestones_url":"https://api.github.com/repos/sambitdash/AdobeGlyphList.jl/milestones{/number}","notifications_url":"https://api.github.com/repos/sambitdash/AdobeGlyphList.jl/notifications{?since,all,participating}","labels_url":"https://api.github.com/repos/sambitdash/AdobeGlyphList.jl/labels{/name}","releases_url":"https://api.github.com/repos/sambitdash/AdobeGlyphList.jl/releases{/id}","deployments_url":"https://api.github.com/repos/sambitdash/AdobeGlyphList.jl/deployments","created_at":"2017-08-31T07:13:32Z","updated_at":"2021-07-22T07:48:41Z","pushed_at":"2021-07-22T08:04:43Z","git_url":"git://github.com/sambitdash/AdobeGlyphList.jl.git","ssh_url":"git@github.com:sambitdash/AdobeGlyphList.jl.git","clone_url":"https://github.com/sambitdash/AdobeGlyphList.jl.git","svn_url":"https://github.com/sambitdash/AdobeGlyphList.jl","homepage":null,"size":67,"stargazers_count":0,"watchers_count":0,"language":"Julia","has_issues":true,"has_projects":true,"has_downloads":true,"has_wiki":true,"has_pages":false,"forks_count":3,"mirror_url":null,"archived":false,"disabled":false,"open_issues_count":1,"license":{"key":"bsd-3-clause","name":"BSD 3-Clause \"New\" or \"Revised\" License","spdx_id":"BSD-3-Clause","url":"https://api.github.com/licenses/bsd-3-clause","node_id":"MDc6TGljZW5zZTU="},"allow_forking":true,"is_template":false,"web_commit_signoff_required":false,"topics":[],"visibility":"public","forks":3,"open_issues":1,"watchers":0,"default_branch":"master","permissions":{"admin":false,"maintain":false,"push":false,"triage":false,"pull":true},"temp_clone_token":"","parent":{"id":33033994,"node_id":"MDEwOlJlcG9zaXRvcnkzMzAzMzk5NA==","name":"agl-aglfn","full_name":"adobe-type-tools/agl-aglfn","private":false,"owner":{"login":"adobe-type-tools","id":2768660,"node_id":"MDEyOk9yZ2FuaXphdGlvbjI3Njg2NjA=","avatar_url":"https://avatars.githubusercontent.com/u/2768660?v=4","gravatar_id":"","url":"https://api.github.com/users/adobe-type-tools","html_url":"https://github.com/adobe-type-tools","followers_url":"https://api.github.com/users/adobe-type-tools/followers","following_url":"https://api.github.com/users/adobe-type-tools/following{/other_user}","gists_url":"https://api.github.com/users/adobe-type-tools/gists{/gist_id}","starred_url":"https://api.github.com/users/adobe-type-tools/starred{/owner}{/repo}","subscriptions_url":"https://api.github.com/users/adobe-type-tools/subscriptions","organizations_url":"https://api.github.com/users/adobe-type-tools/orgs","repos_url":"https://api.github.com/users/adobe-type-tools/repos","events_url":"https://api.github.com/users/adobe-type-tools/events{/privacy}","received_events_url":"https://api.github.com/users/adobe-type-tools/received_events","type":"Organization","site_admin":false},"html_url":"https://github.com/adobe-type-tools/agl-aglfn","description":"AGL & AGLFN","fork":false,"url":"https://api.github.com/repos/adobe-type-tools/agl-aglfn","forks_url":"https://api.github.com/repos/adobe-type-tools/agl-aglfn/forks","keys_url":"https://api.github.com/repos/adobe-type-tools/agl-aglfn/keys{/key_id}","collaborators_url":"https://api.github.com/repos/adobe-type-tools/agl-aglfn/collaborators{/collaborator}","teams_url":"https://api.github.com/repos/adobe-type-tools/agl-aglfn/teams","hooks_url":"https://api.github.com/repos/adobe-type-tools/agl-aglfn/hooks","issue_events_url":"https://api.github.com/repos/adobe-type-tools/agl-aglfn/issues/events{/number}","events_url":"https://api.github.com/repos/adobe-type-tools/agl-aglfn/events","assignees_url":"https://api.github.com/repos/adobe-type-tools/agl-aglfn/assignees{/user}","branches_url":"https://api.github.com/repos/adobe-type-tools/agl-aglfn/branches{/branch}","tags_url":"https://api.github.com/repos/adobe-type-tools/agl-aglfn/tags","blobs_url":"https://api.github.com/repos/adobe-type-tools/agl-aglfn/git/blobs{/sha}","git_tags_url":"https://api.github.com/repos/adobe-type-tools/agl-aglfn/git/tags{/sha}","git_refs_url":"https://api.github.com/repos/adobe-type-tools/agl-aglfn/git/refs{/sha}","trees_url":"https://api.github.com/repos/adobe-type-tools/agl-aglfn/git/trees{/sha}","statuses_url":"https://api.github.com/repos/adobe-type-tools/agl-aglfn/statuses/{sha}","languages_url":"https://api.github.com/repos/adobe-type-tools/agl-aglfn/languages","stargazers_url":"https://api.github.com/repos/adobe-type-tools/agl-aglfn/stargazers","contributors_url":"https://api.github.com/repos/adobe-type-tools/agl-aglfn/contributors","subscribers_url":"https://api.github.com/repos/adobe-type-tools/agl-aglfn/subscribers","subscription_url":"https://api.github.com/repos/adobe-type-tools/agl-aglfn/subscription","commits_url":"https://api.github.com/repos/adobe-type-tools/agl-aglfn/commits{/sha}","git_commits_url":"https://api.github.com/repos/adobe-type-tools/agl-aglfn/git/commits{/sha}","comments_url":"https://api.github.com/repos/adobe-type-tools/agl-aglfn/comments{/number}","issue_comment_url":"https://api.github.com/repos/adobe-type-tools/agl-aglfn/issues/comments{/number}","contents_url":"https://api.github.com/repos/adobe-type-tools/agl-aglfn/contents/{+path}","compare_url":"https://api.github.com/repos/adobe-type-tools/agl-aglfn/compare/{base}...{head}","merges_url":"https://api.github.com/repos/adobe-type-tools/agl-aglfn/merges","archive_url":"https://api.github.com/repos/adobe-type-tools/agl-aglfn/{archive_format}{/ref}","downloads_url":"https://api.github.com/repos/adobe-type-tools/agl-aglfn/downloads","issues_url":"https://api.github.com/repos/adobe-type-tools/agl-aglfn/issues{/number}","pulls_url":"https://api.github.com/repos/adobe-type-tools/agl-aglfn/pulls{/number}","milestones_url":"https://api.github.com/repos/adobe-type-tools/agl-aglfn/milestones{/number}","notifications_url":"https://api.github.com/repos/adobe-type-tools/agl-aglfn/notifications{?since,all,participating}","labels_url":"https://api.github.com/repos/adobe-type-tools/agl-aglfn/labels{/name}","releases_url":"https://api.github.com/repos/adobe-type-tools/agl-aglfn/releases{/id}","deployments_url":"https://api.github.com/repos/adobe-type-tools/agl-aglfn/deployments","created_at":"2015-03-28T13:16:27Z","updated_at":"2022-06-19T15:41:07Z","pushed_at":"2019-10-31T23:06:26Z","git_url":"git://github.com/adobe-type-tools/agl-aglfn.git","ssh_url":"git@github.com:adobe-type-tools/agl-aglfn.git","clone_url":"https://github.com/adobe-type-tools/agl-aglfn.git","svn_url":"https://github.com/adobe-type-tools/agl-aglfn","homepage":null,"size":48,"stargazers_count":83,"watchers_count":83,"language":null,"has_issues":true,"has_projects":true,"has_downloads":true,"has_wiki":true,"has_pages":false,"forks_count":27,"mirror_url":null,"archived":false,"disabled":false,"open_issues_count":2,"license":{"key":"bsd-3-clause","name":"BSD 3-Clause \"New\" or \"Revised\" License","spdx_id":"BSD-3-Clause","url":"https://api.github.com/licenses/bsd-3-clause","node_id":"MDc6TGljZW5zZTU="},"allow_forking":true,"is_template":false,"web_commit_signoff_required":false,"topics":[],"visibility":"public","forks":27,"open_issues":2,"watchers":83,"default_branch":"master"},"source":{"id":33033994,"node_id":"MDEwOlJlcG9zaXRvcnkzMzAzMzk5NA==","name":"agl-aglfn","full_name":"adobe-type-tools/agl-aglfn","private":false,"owner":{"login":"adobe-type-tools","id":2768660,"node_id":"MDEyOk9yZ2FuaXphdGlvbjI3Njg2NjA=","avatar_url":"https://avatars.githubusercontent.com/u/2768660?v=4","gravatar_id":"","url":"https://api.github.com/users/adobe-type-tools","html_url":"https://github.com/adobe-type-tools","followers_url":"https://api.github.com/users/adobe-type-tools/followers","following_url":"https://api.github.com/users/adobe-type-tools/following{/other_user}","gists_url":"https://api.github.com/users/adobe-type-tools/gists{/gist_id}","starred_url":"https://api.github.com/users/adobe-type-tools/starred{/owner}{/repo}","subscriptions_url":"https://api.github.com/users/adobe-type-tools/subscriptions","organizations_url":"https://api.github.com/users/adobe-type-tools/orgs","repos_url":"https://api.github.com/users/adobe-type-tools/repos","events_url":"https://api.github.com/users/adobe-type-tools/events{/privacy}","received_events_url":"https://api.github.com/users/adobe-type-tools/received_events","type":"Organization","site_admin":false},"html_url":"https://github.com/adobe-type-tools/agl-aglfn","description":"AGL & AGLFN","fork":false,"url":"https://api.github.com/repos/adobe-type-tools/agl-aglfn","forks_url":"https://api.github.com/repos/adobe-type-tools/agl-aglfn/forks","keys_url":"https://api.github.com/repos/adobe-type-tools/agl-aglfn/keys{/key_id}","collaborators_url":"https://api.github.com/repos/adobe-type-tools/agl-aglfn/collaborators{/collaborator}","teams_url":"https://api.github.com/repos/adobe-type-tools/agl-aglfn/teams","hooks_url":"https://api.github.com/repos/adobe-type-tools/agl-aglfn/hooks","issue_events_url":"https://api.github.com/repos/adobe-type-tools/agl-aglfn/issues/events{/number}","events_url":"https://api.github.com/repos/adobe-type-tools/agl-aglfn/events","assignees_url":"https://api.github.com/repos/adobe-type-tools/agl-aglfn/assignees{/user}","branches_url":"https://api.github.com/repos/adobe-type-tools/agl-aglfn/branches{/branch}","tags_url":"https://api.github.com/repos/adobe-type-tools/agl-aglfn/tags","blobs_url":"https://api.github.com/repos/adobe-type-tools/agl-aglfn/git/blobs{/sha}","git_tags_url":"https://api.github.com/repos/adobe-type-tools/agl-aglfn/git/tags{/sha}","git_refs_url":"https://api.github.com/repos/adobe-type-tools/agl-aglfn/git/refs{/sha}","trees_url":"https://api.github.com/repos/adobe-type-tools/agl-aglfn/git/trees{/sha}","statuses_url":"https://api.github.com/repos/adobe-type-tools/agl-aglfn/statuses/{sha}","languages_url":"https://api.github.com/repos/adobe-type-tools/agl-aglfn/languages","stargazers_url":"https://api.github.com/repos/adobe-type-tools/agl-aglfn/stargazers","contributors_url":"https://api.github.com/repos/adobe-type-tools/agl-aglfn/contributors","subscribers_url":"https://api.github.com/repos/adobe-type-tools/agl-aglfn/subscribers","subscription_url":"https://api.github.com/repos/adobe-type-tools/agl-aglfn/subscription","commits_url":"https://api.github.com/repos/adobe-type-tools/agl-aglfn/commits{/sha}","git_commits_url":"https://api.github.com/repos/adobe-type-tools/agl-aglfn/git/commits{/sha}","comments_url":"https://api.github.com/repos/adobe-type-tools/agl-aglfn/comments{/number}","issue_comment_url":"https://api.github.com/repos/adobe-type-tools/agl-aglfn/issues/comments{/number}","contents_url":"https://api.github.com/repos/adobe-type-tools/agl-aglfn/contents/{+path}","compare_url":"https://api.github.com/repos/adobe-type-tools/agl-aglfn/compare/{base}...{head}","merges_url":"https://api.github.com/repos/adobe-type-tools/agl-aglfn/merges","archive_url":"https://api.github.com/repos/adobe-type-tools/agl-aglfn/{archive_format}{/ref}","downloads_url":"https://api.github.com/repos/adobe-type-tools/agl-aglfn/downloads","issues_url":"https://api.github.com/repos/adobe-type-tools/agl-aglfn/issues{/number}","pulls_url":"https://api.github.com/repos/adobe-type-tools/agl-aglfn/pulls{/number}","milestones_url":"https://api.github.com/repos/adobe-type-tools/agl-aglfn/milestones{/number}","notifications_url":"https://api.github.com/repos/adobe-type-tools/agl-aglfn/notifications{?since,all,participating}","labels_url":"https://api.github.com/repos/adobe-type-tools/agl-aglfn/labels{/name}","releases_url":"https://api.github.com/repos/adobe-type-tools/agl-aglfn/releases{/id}","deployments_url":"https://api.github.com/repos/adobe-type-tools/agl-aglfn/deployments","created_at":"2015-03-28T13:16:27Z","updated_at":"2022-06-19T15:41:07Z","pushed_at":"2019-10-31T23:06:26Z","git_url":"git://github.com/adobe-type-tools/agl-aglfn.git","ssh_url":"git@github.com:adobe-type-tools/agl-aglfn.git","clone_url":"https://github.com/adobe-type-tools/agl-aglfn.git","svn_url":"https://github.com/adobe-type-tools/agl-aglfn","homepage":null,"size":48,"stargazers_count":83,"watchers_count":83,"language":null,"has_issues":true,"has_projects":true,"has_downloads":true,"has_wiki":true,"has_pages":false,"forks_count":27,"mirror_url":null,"archived":false,"disabled":false,"open_issues_count":2,"license":{"key":"bsd-3-clause","name":"BSD 3-Clause \"New\" or \"Revised\" License","spdx_id":"BSD-3-Clause","url":"https://api.github.com/licenses/bsd-3-clause","node_id":"MDc6TGljZW5zZTU="},"allow_forking":true,"is_template":false,"web_commit_signoff_required":false,"topics":[],"visibility":"public","forks":27,"open_issues":2,"watchers":83,"default_branch":"master"},"network_count":27,"subscribers_count":0}