{"id":508462030,"node_id":"R_kgDOHk6Dzg","name":"AlgebraicRL.jl","full_name":"bakirtzisg/AlgebraicRL.jl","private":false,"owner":{"login":"bakirtzisg","id":1077101,"node_id":"MDQ6VXNlcjEwNzcxMDE=","avatar_url":"https://avatars.githubusercontent.com/u/1077101?v=4","gravatar_id":"","url":"https://api.github.com/users/bakirtzisg","html_url":"https://github.com/bakirtzisg","followers_url":"https://api.github.com/users/bakirtzisg/followers","following_url":"https://api.github.com/users/bakirtzisg/following{/other_user}","gists_url":"https://api.github.com/users/bakirtzisg/gists{/gist_id}","starred_url":"https://api.github.com/users/bakirtzisg/starred{/owner}{/repo}","subscriptions_url":"https://api.github.com/users/bakirtzisg/subscriptions","organizations_url":"https://api.github.com/users/bakirtzisg/orgs","repos_url":"https://api.github.com/users/bakirtzisg/repos","events_url":"https://api.github.com/users/bakirtzisg/events{/privacy}","received_events_url":"https://api.github.com/users/bakirtzisg/received_events","type":"User","site_admin":false},"html_url":"https://github.com/bakirtzisg/AlgebraicRL.jl","description":"Reinforcement learning, compositionally","fork":false,"url":"https://api.github.com/repos/bakirtzisg/AlgebraicRL.jl","forks_url":"https://api.github.com/repos/bakirtzisg/AlgebraicRL.jl/forks","keys_url":"https://api.github.com/repos/bakirtzisg/AlgebraicRL.jl/keys{/key_id}","collaborators_url":"https://api.github.com/repos/bakirtzisg/AlgebraicRL.jl/collaborators{/collaborator}","teams_url":"https://api.github.com/repos/bakirtzisg/AlgebraicRL.jl/teams","hooks_url":"https://api.github.com/repos/bakirtzisg/AlgebraicRL.jl/hooks","issue_events_url":"https://api.github.com/repos/bakirtzisg/AlgebraicRL.jl/issues/events{/number}","events_url":"https://api.github.com/repos/bakirtzisg/AlgebraicRL.jl/events","assignees_url":"https://api.github.com/repos/bakirtzisg/AlgebraicRL.jl/assignees{/user}","branches_url":"https://api.github.com/repos/bakirtzisg/AlgebraicRL.jl/branches{/branch}","tags_url":"https://api.github.com/repos/bakirtzisg/AlgebraicRL.jl/tags","blobs_url":"https://api.github.com/repos/bakirtzisg/AlgebraicRL.jl/git/blobs{/sha}","git_tags_url":"https://api.github.com/repos/bakirtzisg/AlgebraicRL.jl/git/tags{/sha}","git_refs_url":"https://api.github.com/repos/bakirtzisg/AlgebraicRL.jl/git/refs{/sha}","trees_url":"https://api.github.com/repos/bakirtzisg/AlgebraicRL.jl/git/trees{/sha}","statuses_url":"https://api.github.com/repos/bakirtzisg/AlgebraicRL.jl/statuses/{sha}","languages_url":"https://api.github.com/repos/bakirtzisg/AlgebraicRL.jl/languages","stargazers_url":"https://api.github.com/repos/bakirtzisg/AlgebraicRL.jl/stargazers","contributors_url":"https://api.github.com/repos/bakirtzisg/AlgebraicRL.jl/contributors","subscribers_url":"https://api.github.com/repos/bakirtzisg/AlgebraicRL.jl/subscribers","subscription_url":"https://api.github.com/repos/bakirtzisg/AlgebraicRL.jl/subscription","commits_url":"https://api.github.com/repos/bakirtzisg/AlgebraicRL.jl/commits{/sha}","git_commits_url":"https://api.github.com/repos/bakirtzisg/AlgebraicRL.jl/git/commits{/sha}","comments_url":"https://api.github.com/repos/bakirtzisg/AlgebraicRL.jl/comments{/number}","issue_comment_url":"https://api.github.com/repos/bakirtzisg/AlgebraicRL.jl/issues/comments{/number}","contents_url":"https://api.github.com/repos/bakirtzisg/AlgebraicRL.jl/contents/{+path}","compare_url":"https://api.github.com/repos/bakirtzisg/AlgebraicRL.jl/compare/{base}...{head}","merges_url":"https://api.github.com/repos/bakirtzisg/AlgebraicRL.jl/merges","archive_url":"https://api.github.com/repos/bakirtzisg/AlgebraicRL.jl/{archive_format}{/ref}","downloads_url":"https://api.github.com/repos/bakirtzisg/AlgebraicRL.jl/downloads","issues_url":"https://api.github.com/repos/bakirtzisg/AlgebraicRL.jl/issues{/number}","pulls_url":"https://api.github.com/repos/bakirtzisg/AlgebraicRL.jl/pulls{/number}","milestones_url":"https://api.github.com/repos/bakirtzisg/AlgebraicRL.jl/milestones{/number}","notifications_url":"https://api.github.com/repos/bakirtzisg/AlgebraicRL.jl/notifications{?since,all,participating}","labels_url":"https://api.github.com/repos/bakirtzisg/AlgebraicRL.jl/labels{/name}","releases_url":"https://api.github.com/repos/bakirtzisg/AlgebraicRL.jl/releases{/id}","deployments_url":"https://api.github.com/repos/bakirtzisg/AlgebraicRL.jl/deployments","created_at":"2022-06-28T21:36:41Z","updated_at":"2022-07-13T13:06:12Z","pushed_at":"2022-07-14T02:09:34Z","git_url":"git://github.com/bakirtzisg/AlgebraicRL.jl.git","ssh_url":"git@github.com:bakirtzisg/AlgebraicRL.jl.git","clone_url":"https://github.com/bakirtzisg/AlgebraicRL.jl.git","svn_url":"https://github.com/bakirtzisg/AlgebraicRL.jl","homepage":null,"size":228,"stargazers_count":7,"watchers_count":7,"language":"Julia","has_issues":true,"has_projects":true,"has_downloads":true,"has_wiki":true,"has_pages":true,"forks_count":0,"mirror_url":null,"archived":false,"disabled":false,"open_issues_count":2,"license":{"key":"bsd-3-clause","name":"BSD 3-Clause \"New\" or \"Revised\" License","spdx_id":"BSD-3-Clause","url":"https://api.github.com/licenses/bsd-3-clause","node_id":"MDc6TGljZW5zZTU="},"allow_forking":true,"is_template":false,"web_commit_signoff_required":false,"topics":[],"visibility":"public","forks":0,"open_issues":2,"watchers":7,"default_branch":"main","permissions":{"admin":false,"maintain":false,"push":false,"triage":false,"pull":true},"temp_clone_token":"","network_count":0,"subscribers_count":1}