{"id":267627218,"node_id":"MDEwOlJlcG9zaXRvcnkyNjc2MjcyMTg=","name":"Alert.jl","full_name":"haberdashPI/Alert.jl","private":false,"owner":{"login":"haberdashPI","id":7861592,"node_id":"MDQ6VXNlcjc4NjE1OTI=","avatar_url":"https://avatars.githubusercontent.com/u/7861592?v=4","gravatar_id":"","url":"https://api.github.com/users/haberdashPI","html_url":"https://github.com/haberdashPI","followers_url":"https://api.github.com/users/haberdashPI/followers","following_url":"https://api.github.com/users/haberdashPI/following{/other_user}","gists_url":"https://api.github.com/users/haberdashPI/gists{/gist_id}","starred_url":"https://api.github.com/users/haberdashPI/starred{/owner}{/repo}","subscriptions_url":"https://api.github.com/users/haberdashPI/subscriptions","organizations_url":"https://api.github.com/users/haberdashPI/orgs","repos_url":"https://api.github.com/users/haberdashPI/repos","events_url":"https://api.github.com/users/haberdashPI/events{/privacy}","received_events_url":"https://api.github.com/users/haberdashPI/received_events","type":"User","site_admin":false},"html_url":"https://github.com/haberdashPI/Alert.jl","description":"Send cross-platform desktop notifications from Julia","fork":false,"url":"https://api.github.com/repos/haberdashPI/Alert.jl","forks_url":"https://api.github.com/repos/haberdashPI/Alert.jl/forks","keys_url":"https://api.github.com/repos/haberdashPI/Alert.jl/keys{/key_id}","collaborators_url":"https://api.github.com/repos/haberdashPI/Alert.jl/collaborators{/collaborator}","teams_url":"https://api.github.com/repos/haberdashPI/Alert.jl/teams","hooks_url":"https://api.github.com/repos/haberdashPI/Alert.jl/hooks","issue_events_url":"https://api.github.com/repos/haberdashPI/Alert.jl/issues/events{/number}","events_url":"https://api.github.com/repos/haberdashPI/Alert.jl/events","assignees_url":"https://api.github.com/repos/haberdashPI/Alert.jl/assignees{/user}","branches_url":"https://api.github.com/repos/haberdashPI/Alert.jl/branches{/branch}","tags_url":"https://api.github.com/repos/haberdashPI/Alert.jl/tags","blobs_url":"https://api.github.com/repos/haberdashPI/Alert.jl/git/blobs{/sha}","git_tags_url":"https://api.github.com/repos/haberdashPI/Alert.jl/git/tags{/sha}","git_refs_url":"https://api.github.com/repos/haberdashPI/Alert.jl/git/refs{/sha}","trees_url":"https://api.github.com/repos/haberdashPI/Alert.jl/git/trees{/sha}","statuses_url":"https://api.github.com/repos/haberdashPI/Alert.jl/statuses/{sha}","languages_url":"https://api.github.com/repos/haberdashPI/Alert.jl/languages","stargazers_url":"https://api.github.com/repos/haberdashPI/Alert.jl/stargazers","contributors_url":"https://api.github.com/repos/haberdashPI/Alert.jl/contributors","subscribers_url":"https://api.github.com/repos/haberdashPI/Alert.jl/subscribers","subscription_url":"https://api.github.com/repos/haberdashPI/Alert.jl/subscription","commits_url":"https://api.github.com/repos/haberdashPI/Alert.jl/commits{/sha}","git_commits_url":"https://api.github.com/repos/haberdashPI/Alert.jl/git/commits{/sha}","comments_url":"https://api.github.com/repos/haberdashPI/Alert.jl/comments{/number}","issue_comment_url":"https://api.github.com/repos/haberdashPI/Alert.jl/issues/comments{/number}","contents_url":"https://api.github.com/repos/haberdashPI/Alert.jl/contents/{+path}","compare_url":"https://api.github.com/repos/haberdashPI/Alert.jl/compare/{base}...{head}","merges_url":"https://api.github.com/repos/haberdashPI/Alert.jl/merges","archive_url":"https://api.github.com/repos/haberdashPI/Alert.jl/{archive_format}{/ref}","downloads_url":"https://api.github.com/repos/haberdashPI/Alert.jl/downloads","issues_url":"https://api.github.com/repos/haberdashPI/Alert.jl/issues{/number}","pulls_url":"https://api.github.com/repos/haberdashPI/Alert.jl/pulls{/number}","milestones_url":"https://api.github.com/repos/haberdashPI/Alert.jl/milestones{/number}","notifications_url":"https://api.github.com/repos/haberdashPI/Alert.jl/notifications{?since,all,participating}","labels_url":"https://api.github.com/repos/haberdashPI/Alert.jl/labels{/name}","releases_url":"https://api.github.com/repos/haberdashPI/Alert.jl/releases{/id}","deployments_url":"https://api.github.com/repos/haberdashPI/Alert.jl/deployments","created_at":"2020-05-28T15:31:22Z","updated_at":"2022-04-22T04:39:32Z","pushed_at":"2021-12-01T15:45:23Z","git_url":"git://github.com/haberdashPI/Alert.jl.git","ssh_url":"git@github.com:haberdashPI/Alert.jl.git","clone_url":"https://github.com/haberdashPI/Alert.jl.git","svn_url":"https://github.com/haberdashPI/Alert.jl","homepage":"","size":71,"stargazers_count":38,"watchers_count":38,"language":"Julia","has_issues":true,"has_projects":true,"has_downloads":true,"has_wiki":true,"has_pages":false,"forks_count":3,"mirror_url":null,"archived":false,"disabled":false,"open_issues_count":0,"license":{"key":"mit","name":"MIT License","spdx_id":"MIT","url":"https://api.github.com/licenses/mit","node_id":"MDc6TGljZW5zZTEz"},"allow_forking":true,"is_template":false,"web_commit_signoff_required":false,"topics":[],"visibility":"public","forks":3,"open_issues":0,"watchers":38,"default_branch":"main","permissions":{"admin":false,"maintain":false,"push":false,"triage":false,"pull":true},"temp_clone_token":"","network_count":3,"subscribers_count":1}