{"id":268535378,"node_id":"MDEwOlJlcG9zaXRvcnkyNjg1MzUzNzg=","name":"ArgTools.jl","full_name":"JuliaIO/ArgTools.jl","private":false,"owner":{"login":"JuliaIO","id":11489324,"node_id":"MDEyOk9yZ2FuaXphdGlvbjExNDg5MzI0","avatar_url":"https://avatars.githubusercontent.com/u/11489324?v=4","gravatar_id":"","url":"https://api.github.com/users/JuliaIO","html_url":"https://github.com/JuliaIO","followers_url":"https://api.github.com/users/JuliaIO/followers","following_url":"https://api.github.com/users/JuliaIO/following{/other_user}","gists_url":"https://api.github.com/users/JuliaIO/gists{/gist_id}","starred_url":"https://api.github.com/users/JuliaIO/starred{/owner}{/repo}","subscriptions_url":"https://api.github.com/users/JuliaIO/subscriptions","organizations_url":"https://api.github.com/users/JuliaIO/orgs","repos_url":"https://api.github.com/users/JuliaIO/repos","events_url":"https://api.github.com/users/JuliaIO/events{/privacy}","received_events_url":"https://api.github.com/users/JuliaIO/received_events","type":"Organization","site_admin":false},"html_url":"https://github.com/JuliaIO/ArgTools.jl","description":"Tools for writing functions that handle many kinds of IO arguments","fork":false,"url":"https://api.github.com/repos/JuliaIO/ArgTools.jl","forks_url":"https://api.github.com/repos/JuliaIO/ArgTools.jl/forks","keys_url":"https://api.github.com/repos/JuliaIO/ArgTools.jl/keys{/key_id}","collaborators_url":"https://api.github.com/repos/JuliaIO/ArgTools.jl/collaborators{/collaborator}","teams_url":"https://api.github.com/repos/JuliaIO/ArgTools.jl/teams","hooks_url":"https://api.github.com/repos/JuliaIO/ArgTools.jl/hooks","issue_events_url":"https://api.github.com/repos/JuliaIO/ArgTools.jl/issues/events{/number}","events_url":"https://api.github.com/repos/JuliaIO/ArgTools.jl/events","assignees_url":"https://api.github.com/repos/JuliaIO/ArgTools.jl/assignees{/user}","branches_url":"https://api.github.com/repos/JuliaIO/ArgTools.jl/branches{/branch}","tags_url":"https://api.github.com/repos/JuliaIO/ArgTools.jl/tags","blobs_url":"https://api.github.com/repos/JuliaIO/ArgTools.jl/git/blobs{/sha}","git_tags_url":"https://api.github.com/repos/JuliaIO/ArgTools.jl/git/tags{/sha}","git_refs_url":"https://api.github.com/repos/JuliaIO/ArgTools.jl/git/refs{/sha}","trees_url":"https://api.github.com/repos/JuliaIO/ArgTools.jl/git/trees{/sha}","statuses_url":"https://api.github.com/repos/JuliaIO/ArgTools.jl/statuses/{sha}","languages_url":"https://api.github.com/repos/JuliaIO/ArgTools.jl/languages","stargazers_url":"https://api.github.com/repos/JuliaIO/ArgTools.jl/stargazers","contributors_url":"https://api.github.com/repos/JuliaIO/ArgTools.jl/contributors","subscribers_url":"https://api.github.com/repos/JuliaIO/ArgTools.jl/subscribers","subscription_url":"https://api.github.com/repos/JuliaIO/ArgTools.jl/subscription","commits_url":"https://api.github.com/repos/JuliaIO/ArgTools.jl/commits{/sha}","git_commits_url":"https://api.github.com/repos/JuliaIO/ArgTools.jl/git/commits{/sha}","comments_url":"https://api.github.com/repos/JuliaIO/ArgTools.jl/comments{/number}","issue_comment_url":"https://api.github.com/repos/JuliaIO/ArgTools.jl/issues/comments{/number}","contents_url":"https://api.github.com/repos/JuliaIO/ArgTools.jl/contents/{+path}","compare_url":"https://api.github.com/repos/JuliaIO/ArgTools.jl/compare/{base}...{head}","merges_url":"https://api.github.com/repos/JuliaIO/ArgTools.jl/merges","archive_url":"https://api.github.com/repos/JuliaIO/ArgTools.jl/{archive_format}{/ref}","downloads_url":"https://api.github.com/repos/JuliaIO/ArgTools.jl/downloads","issues_url":"https://api.github.com/repos/JuliaIO/ArgTools.jl/issues{/number}","pulls_url":"https://api.github.com/repos/JuliaIO/ArgTools.jl/pulls{/number}","milestones_url":"https://api.github.com/repos/JuliaIO/ArgTools.jl/milestones{/number}","notifications_url":"https://api.github.com/repos/JuliaIO/ArgTools.jl/notifications{?since,all,participating}","labels_url":"https://api.github.com/repos/JuliaIO/ArgTools.jl/labels{/name}","releases_url":"https://api.github.com/repos/JuliaIO/ArgTools.jl/releases{/id}","deployments_url":"https://api.github.com/repos/JuliaIO/ArgTools.jl/deployments","created_at":"2020-06-01T13:49:58Z","updated_at":"2022-06-19T13:57:22Z","pushed_at":"2021-10-21T15:47:02Z","git_url":"git://github.com/JuliaIO/ArgTools.jl.git","ssh_url":"git@github.com:JuliaIO/ArgTools.jl.git","clone_url":"https://github.com/JuliaIO/ArgTools.jl.git","svn_url":"https://github.com/JuliaIO/ArgTools.jl","homepage":"","size":58,"stargazers_count":9,"watchers_count":9,"language":"Julia","has_issues":true,"has_projects":true,"has_downloads":true,"has_wiki":true,"has_pages":false,"forks_count":4,"mirror_url":null,"archived":false,"disabled":false,"open_issues_count":0,"license":{"key":"mit","name":"MIT License","spdx_id":"MIT","url":"https://api.github.com/licenses/mit","node_id":"MDc6TGljZW5zZTEz"},"allow_forking":true,"is_template":false,"web_commit_signoff_required":false,"topics":[],"visibility":"public","forks":4,"open_issues":0,"watchers":9,"default_branch":"master","permissions":{"admin":false,"maintain":false,"push":false,"triage":false,"pull":true},"temp_clone_token":"","organization":{"login":"JuliaIO","id":11489324,"node_id":"MDEyOk9yZ2FuaXphdGlvbjExNDg5MzI0","avatar_url":"https://avatars.githubusercontent.com/u/11489324?v=4","gravatar_id":"","url":"https://api.github.com/users/JuliaIO","html_url":"https://github.com/JuliaIO","followers_url":"https://api.github.com/users/JuliaIO/followers","following_url":"https://api.github.com/users/JuliaIO/following{/other_user}","gists_url":"https://api.github.com/users/JuliaIO/gists{/gist_id}","starred_url":"https://api.github.com/users/JuliaIO/starred{/owner}{/repo}","subscriptions_url":"https://api.github.com/users/JuliaIO/subscriptions","organizations_url":"https://api.github.com/users/JuliaIO/orgs","repos_url":"https://api.github.com/users/JuliaIO/repos","events_url":"https://api.github.com/users/JuliaIO/events{/privacy}","received_events_url":"https://api.github.com/users/JuliaIO/received_events","type":"Organization","site_admin":false},"network_count":4,"subscribers_count":2}