{"id":208901464,"node_id":"MDEwOlJlcG9zaXRvcnkyMDg5MDE0NjQ=","name":"AdvancedPS.jl","full_name":"TuringLang/AdvancedPS.jl","private":false,"owner":{"login":"TuringLang","id":26261527,"node_id":"MDEyOk9yZ2FuaXphdGlvbjI2MjYxNTI3","avatar_url":"https://avatars.githubusercontent.com/u/26261527?v=4","gravatar_id":"","url":"https://api.github.com/users/TuringLang","html_url":"https://github.com/TuringLang","followers_url":"https://api.github.com/users/TuringLang/followers","following_url":"https://api.github.com/users/TuringLang/following{/other_user}","gists_url":"https://api.github.com/users/TuringLang/gists{/gist_id}","starred_url":"https://api.github.com/users/TuringLang/starred{/owner}{/repo}","subscriptions_url":"https://api.github.com/users/TuringLang/subscriptions","organizations_url":"https://api.github.com/users/TuringLang/orgs","repos_url":"https://api.github.com/users/TuringLang/repos","events_url":"https://api.github.com/users/TuringLang/events{/privacy}","received_events_url":"https://api.github.com/users/TuringLang/received_events","type":"Organization","site_admin":false},"html_url":"https://github.com/TuringLang/AdvancedPS.jl","description":"Implementation of advanced Sequential Monte Carlo and particle MCMC algorithms","fork":false,"url":"https://api.github.com/repos/TuringLang/AdvancedPS.jl","forks_url":"https://api.github.com/repos/TuringLang/AdvancedPS.jl/forks","keys_url":"https://api.github.com/repos/TuringLang/AdvancedPS.jl/keys{/key_id}","collaborators_url":"https://api.github.com/repos/TuringLang/AdvancedPS.jl/collaborators{/collaborator}","teams_url":"https://api.github.com/repos/TuringLang/AdvancedPS.jl/teams","hooks_url":"https://api.github.com/repos/TuringLang/AdvancedPS.jl/hooks","issue_events_url":"https://api.github.com/repos/TuringLang/AdvancedPS.jl/issues/events{/number}","events_url":"https://api.github.com/repos/TuringLang/AdvancedPS.jl/events","assignees_url":"https://api.github.com/repos/TuringLang/AdvancedPS.jl/assignees{/user}","branches_url":"https://api.github.com/repos/TuringLang/AdvancedPS.jl/branches{/branch}","tags_url":"https://api.github.com/repos/TuringLang/AdvancedPS.jl/tags","blobs_url":"https://api.github.com/repos/TuringLang/AdvancedPS.jl/git/blobs{/sha}","git_tags_url":"https://api.github.com/repos/TuringLang/AdvancedPS.jl/git/tags{/sha}","git_refs_url":"https://api.github.com/repos/TuringLang/AdvancedPS.jl/git/refs{/sha}","trees_url":"https://api.github.com/repos/TuringLang/AdvancedPS.jl/git/trees{/sha}","statuses_url":"https://api.github.com/repos/TuringLang/AdvancedPS.jl/statuses/{sha}","languages_url":"https://api.github.com/repos/TuringLang/AdvancedPS.jl/languages","stargazers_url":"https://api.github.com/repos/TuringLang/AdvancedPS.jl/stargazers","contributors_url":"https://api.github.com/repos/TuringLang/AdvancedPS.jl/contributors","subscribers_url":"https://api.github.com/repos/TuringLang/AdvancedPS.jl/subscribers","subscription_url":"https://api.github.com/repos/TuringLang/AdvancedPS.jl/subscription","commits_url":"https://api.github.com/repos/TuringLang/AdvancedPS.jl/commits{/sha}","git_commits_url":"https://api.github.com/repos/TuringLang/AdvancedPS.jl/git/commits{/sha}","comments_url":"https://api.github.com/repos/TuringLang/AdvancedPS.jl/comments{/number}","issue_comment_url":"https://api.github.com/repos/TuringLang/AdvancedPS.jl/issues/comments{/number}","contents_url":"https://api.github.com/repos/TuringLang/AdvancedPS.jl/contents/{+path}","compare_url":"https://api.github.com/repos/TuringLang/AdvancedPS.jl/compare/{base}...{head}","merges_url":"https://api.github.com/repos/TuringLang/AdvancedPS.jl/merges","archive_url":"https://api.github.com/repos/TuringLang/AdvancedPS.jl/{archive_format}{/ref}","downloads_url":"https://api.github.com/repos/TuringLang/AdvancedPS.jl/downloads","issues_url":"https://api.github.com/repos/TuringLang/AdvancedPS.jl/issues{/number}","pulls_url":"https://api.github.com/repos/TuringLang/AdvancedPS.jl/pulls{/number}","milestones_url":"https://api.github.com/repos/TuringLang/AdvancedPS.jl/milestones{/number}","notifications_url":"https://api.github.com/repos/TuringLang/AdvancedPS.jl/notifications{?since,all,participating}","labels_url":"https://api.github.com/repos/TuringLang/AdvancedPS.jl/labels{/name}","releases_url":"https://api.github.com/repos/TuringLang/AdvancedPS.jl/releases{/id}","deployments_url":"https://api.github.com/repos/TuringLang/AdvancedPS.jl/deployments","created_at":"2019-09-16T21:29:16Z","updated_at":"2022-06-03T16:29:36Z","pushed_at":"2022-06-26T20:14:01Z","git_url":"git://github.com/TuringLang/AdvancedPS.jl.git","ssh_url":"git@github.com:TuringLang/AdvancedPS.jl.git","clone_url":"https://github.com/TuringLang/AdvancedPS.jl.git","svn_url":"https://github.com/TuringLang/AdvancedPS.jl","homepage":"","size":5495,"stargazers_count":39,"watchers_count":39,"language":"Julia","has_issues":true,"has_projects":true,"has_downloads":true,"has_wiki":true,"has_pages":true,"forks_count":7,"mirror_url":null,"archived":false,"disabled":false,"open_issues_count":8,"license":{"key":"mit","name":"MIT License","spdx_id":"MIT","url":"https://api.github.com/licenses/mit","node_id":"MDc6TGljZW5zZTEz"},"allow_forking":true,"is_template":false,"web_commit_signoff_required":false,"topics":["particle-filter","particle-mcmc","sequential-monte-carlo"],"visibility":"public","forks":7,"open_issues":8,"watchers":39,"default_branch":"master","permissions":{"admin":false,"maintain":false,"push":false,"triage":false,"pull":true},"temp_clone_token":"","organization":{"login":"TuringLang","id":26261527,"node_id":"MDEyOk9yZ2FuaXphdGlvbjI2MjYxNTI3","avatar_url":"https://avatars.githubusercontent.com/u/26261527?v=4","gravatar_id":"","url":"https://api.github.com/users/TuringLang","html_url":"https://github.com/TuringLang","followers_url":"https://api.github.com/users/TuringLang/followers","following_url":"https://api.github.com/users/TuringLang/following{/other_user}","gists_url":"https://api.github.com/users/TuringLang/gists{/gist_id}","starred_url":"https://api.github.com/users/TuringLang/starred{/owner}{/repo}","subscriptions_url":"https://api.github.com/users/TuringLang/subscriptions","organizations_url":"https://api.github.com/users/TuringLang/orgs","repos_url":"https://api.github.com/users/TuringLang/repos","events_url":"https://api.github.com/users/TuringLang/events{/privacy}","received_events_url":"https://api.github.com/users/TuringLang/received_events","type":"Organization","site_admin":false},"network_count":7,"subscribers_count":8}