{"id":218436667,"node_id":"MDEwOlJlcG9zaXRvcnkyMTg0MzY2Njc=","name":"AbstractWallets.jl","full_name":"bhgomes/AbstractWallets.jl","private":false,"owner":{"login":"bhgomes","id":9126085,"node_id":"MDQ6VXNlcjkxMjYwODU=","avatar_url":"https://avatars.githubusercontent.com/u/9126085?v=4","gravatar_id":"","url":"https://api.github.com/users/bhgomes","html_url":"https://github.com/bhgomes","followers_url":"https://api.github.com/users/bhgomes/followers","following_url":"https://api.github.com/users/bhgomes/following{/other_user}","gists_url":"https://api.github.com/users/bhgomes/gists{/gist_id}","starred_url":"https://api.github.com/users/bhgomes/starred{/owner}{/repo}","subscriptions_url":"https://api.github.com/users/bhgomes/subscriptions","organizations_url":"https://api.github.com/users/bhgomes/orgs","repos_url":"https://api.github.com/users/bhgomes/repos","events_url":"https://api.github.com/users/bhgomes/events{/privacy}","received_events_url":"https://api.github.com/users/bhgomes/received_events","type":"User","site_admin":false},"html_url":"https://github.com/bhgomes/AbstractWallets.jl","description":"Abstractions for Digital Wallets in Julia","fork":false,"url":"https://api.github.com/repos/bhgomes/AbstractWallets.jl","forks_url":"https://api.github.com/repos/bhgomes/AbstractWallets.jl/forks","keys_url":"https://api.github.com/repos/bhgomes/AbstractWallets.jl/keys{/key_id}","collaborators_url":"https://api.github.com/repos/bhgomes/AbstractWallets.jl/collaborators{/collaborator}","teams_url":"https://api.github.com/repos/bhgomes/AbstractWallets.jl/teams","hooks_url":"https://api.github.com/repos/bhgomes/AbstractWallets.jl/hooks","issue_events_url":"https://api.github.com/repos/bhgomes/AbstractWallets.jl/issues/events{/number}","events_url":"https://api.github.com/repos/bhgomes/AbstractWallets.jl/events","assignees_url":"https://api.github.com/repos/bhgomes/AbstractWallets.jl/assignees{/user}","branches_url":"https://api.github.com/repos/bhgomes/AbstractWallets.jl/branches{/branch}","tags_url":"https://api.github.com/repos/bhgomes/AbstractWallets.jl/tags","blobs_url":"https://api.github.com/repos/bhgomes/AbstractWallets.jl/git/blobs{/sha}","git_tags_url":"https://api.github.com/repos/bhgomes/AbstractWallets.jl/git/tags{/sha}","git_refs_url":"https://api.github.com/repos/bhgomes/AbstractWallets.jl/git/refs{/sha}","trees_url":"https://api.github.com/repos/bhgomes/AbstractWallets.jl/git/trees{/sha}","statuses_url":"https://api.github.com/repos/bhgomes/AbstractWallets.jl/statuses/{sha}","languages_url":"https://api.github.com/repos/bhgomes/AbstractWallets.jl/languages","stargazers_url":"https://api.github.com/repos/bhgomes/AbstractWallets.jl/stargazers","contributors_url":"https://api.github.com/repos/bhgomes/AbstractWallets.jl/contributors","subscribers_url":"https://api.github.com/repos/bhgomes/AbstractWallets.jl/subscribers","subscription_url":"https://api.github.com/repos/bhgomes/AbstractWallets.jl/subscription","commits_url":"https://api.github.com/repos/bhgomes/AbstractWallets.jl/commits{/sha}","git_commits_url":"https://api.github.com/repos/bhgomes/AbstractWallets.jl/git/commits{/sha}","comments_url":"https://api.github.com/repos/bhgomes/AbstractWallets.jl/comments{/number}","issue_comment_url":"https://api.github.com/repos/bhgomes/AbstractWallets.jl/issues/comments{/number}","contents_url":"https://api.github.com/repos/bhgomes/AbstractWallets.jl/contents/{+path}","compare_url":"https://api.github.com/repos/bhgomes/AbstractWallets.jl/compare/{base}...{head}","merges_url":"https://api.github.com/repos/bhgomes/AbstractWallets.jl/merges","archive_url":"https://api.github.com/repos/bhgomes/AbstractWallets.jl/{archive_format}{/ref}","downloads_url":"https://api.github.com/repos/bhgomes/AbstractWallets.jl/downloads","issues_url":"https://api.github.com/repos/bhgomes/AbstractWallets.jl/issues{/number}","pulls_url":"https://api.github.com/repos/bhgomes/AbstractWallets.jl/pulls{/number}","milestones_url":"https://api.github.com/repos/bhgomes/AbstractWallets.jl/milestones{/number}","notifications_url":"https://api.github.com/repos/bhgomes/AbstractWallets.jl/notifications{?since,all,participating}","labels_url":"https://api.github.com/repos/bhgomes/AbstractWallets.jl/labels{/name}","releases_url":"https://api.github.com/repos/bhgomes/AbstractWallets.jl/releases{/id}","deployments_url":"https://api.github.com/repos/bhgomes/AbstractWallets.jl/deployments","created_at":"2019-10-30T03:34:20Z","updated_at":"2020-10-17T18:17:26Z","pushed_at":"2020-10-17T18:17:23Z","git_url":"git://github.com/bhgomes/AbstractWallets.jl.git","ssh_url":"git@github.com:bhgomes/AbstractWallets.jl.git","clone_url":"https://github.com/bhgomes/AbstractWallets.jl.git","svn_url":"https://github.com/bhgomes/AbstractWallets.jl","homepage":"","size":61,"stargazers_count":3,"watchers_count":3,"language":"Julia","has_issues":true,"has_projects":false,"has_downloads":true,"has_wiki":false,"has_pages":true,"forks_count":3,"mirror_url":null,"archived":false,"disabled":false,"open_issues_count":0,"license":{"key":"unlicense","name":"The Unlicense","spdx_id":"Unlicense","url":"https://api.github.com/licenses/unlicense","node_id":"MDc6TGljZW5zZTE1"},"allow_forking":true,"is_template":false,"web_commit_signoff_required":false,"topics":["abstract","abstract-data-structures","abstract-data-types","abstraction","abstraction-layer","cryptocurrency","currency","deterministic-wallets","digital-asset-management","digital-assets","digital-currency","digital-wallet","digital-wallets","finance","julia","julia-language","portfolio","portfolio-management","wallet","wallets"],"visibility":"public","forks":3,"open_issues":0,"watchers":3,"default_branch":"master","permissions":{"admin":false,"maintain":false,"push":false,"triage":false,"pull":true},"temp_clone_token":"","network_count":3,"subscribers_count":1}