{"id":349464183,"node_id":"MDEwOlJlcG9zaXRvcnkzNDk0NjQxODM=","name":"AffyCelFiles.jl","full_name":"oheil/AffyCelFiles.jl","private":false,"owner":{"login":"oheil","id":5408557,"node_id":"MDQ6VXNlcjU0MDg1NTc=","avatar_url":"https://avatars.githubusercontent.com/u/5408557?v=4","gravatar_id":"","url":"https://api.github.com/users/oheil","html_url":"https://github.com/oheil","followers_url":"https://api.github.com/users/oheil/followers","following_url":"https://api.github.com/users/oheil/following{/other_user}","gists_url":"https://api.github.com/users/oheil/gists{/gist_id}","starred_url":"https://api.github.com/users/oheil/starred{/owner}{/repo}","subscriptions_url":"https://api.github.com/users/oheil/subscriptions","organizations_url":"https://api.github.com/users/oheil/orgs","repos_url":"https://api.github.com/users/oheil/repos","events_url":"https://api.github.com/users/oheil/events{/privacy}","received_events_url":"https://api.github.com/users/oheil/received_events","type":"User","site_admin":false},"html_url":"https://github.com/oheil/AffyCelFiles.jl","description":"read Affymetrix .CEL files","fork":false,"url":"https://api.github.com/repos/oheil/AffyCelFiles.jl","forks_url":"https://api.github.com/repos/oheil/AffyCelFiles.jl/forks","keys_url":"https://api.github.com/repos/oheil/AffyCelFiles.jl/keys{/key_id}","collaborators_url":"https://api.github.com/repos/oheil/AffyCelFiles.jl/collaborators{/collaborator}","teams_url":"https://api.github.com/repos/oheil/AffyCelFiles.jl/teams","hooks_url":"https://api.github.com/repos/oheil/AffyCelFiles.jl/hooks","issue_events_url":"https://api.github.com/repos/oheil/AffyCelFiles.jl/issues/events{/number}","events_url":"https://api.github.com/repos/oheil/AffyCelFiles.jl/events","assignees_url":"https://api.github.com/repos/oheil/AffyCelFiles.jl/assignees{/user}","branches_url":"https://api.github.com/repos/oheil/AffyCelFiles.jl/branches{/branch}","tags_url":"https://api.github.com/repos/oheil/AffyCelFiles.jl/tags","blobs_url":"https://api.github.com/repos/oheil/AffyCelFiles.jl/git/blobs{/sha}","git_tags_url":"https://api.github.com/repos/oheil/AffyCelFiles.jl/git/tags{/sha}","git_refs_url":"https://api.github.com/repos/oheil/AffyCelFiles.jl/git/refs{/sha}","trees_url":"https://api.github.com/repos/oheil/AffyCelFiles.jl/git/trees{/sha}","statuses_url":"https://api.github.com/repos/oheil/AffyCelFiles.jl/statuses/{sha}","languages_url":"https://api.github.com/repos/oheil/AffyCelFiles.jl/languages","stargazers_url":"https://api.github.com/repos/oheil/AffyCelFiles.jl/stargazers","contributors_url":"https://api.github.com/repos/oheil/AffyCelFiles.jl/contributors","subscribers_url":"https://api.github.com/repos/oheil/AffyCelFiles.jl/subscribers","subscription_url":"https://api.github.com/repos/oheil/AffyCelFiles.jl/subscription","commits_url":"https://api.github.com/repos/oheil/AffyCelFiles.jl/commits{/sha}","git_commits_url":"https://api.github.com/repos/oheil/AffyCelFiles.jl/git/commits{/sha}","comments_url":"https://api.github.com/repos/oheil/AffyCelFiles.jl/comments{/number}","issue_comment_url":"https://api.github.com/repos/oheil/AffyCelFiles.jl/issues/comments{/number}","contents_url":"https://api.github.com/repos/oheil/AffyCelFiles.jl/contents/{+path}","compare_url":"https://api.github.com/repos/oheil/AffyCelFiles.jl/compare/{base}...{head}","merges_url":"https://api.github.com/repos/oheil/AffyCelFiles.jl/merges","archive_url":"https://api.github.com/repos/oheil/AffyCelFiles.jl/{archive_format}{/ref}","downloads_url":"https://api.github.com/repos/oheil/AffyCelFiles.jl/downloads","issues_url":"https://api.github.com/repos/oheil/AffyCelFiles.jl/issues{/number}","pulls_url":"https://api.github.com/repos/oheil/AffyCelFiles.jl/pulls{/number}","milestones_url":"https://api.github.com/repos/oheil/AffyCelFiles.jl/milestones{/number}","notifications_url":"https://api.github.com/repos/oheil/AffyCelFiles.jl/notifications{?since,all,participating}","labels_url":"https://api.github.com/repos/oheil/AffyCelFiles.jl/labels{/name}","releases_url":"https://api.github.com/repos/oheil/AffyCelFiles.jl/releases{/id}","deployments_url":"https://api.github.com/repos/oheil/AffyCelFiles.jl/deployments","created_at":"2021-03-19T15:10:32Z","updated_at":"2022-03-10T13:37:48Z","pushed_at":"2022-04-19T10:11:16Z","git_url":"git://github.com/oheil/AffyCelFiles.jl.git","ssh_url":"git@github.com:oheil/AffyCelFiles.jl.git","clone_url":"https://github.com/oheil/AffyCelFiles.jl.git","svn_url":"https://github.com/oheil/AffyCelFiles.jl","homepage":"","size":49,"stargazers_count":0,"watchers_count":0,"language":"Julia","has_issues":true,"has_projects":true,"has_downloads":true,"has_wiki":true,"has_pages":false,"forks_count":0,"mirror_url":null,"archived":false,"disabled":false,"open_issues_count":0,"license":{"key":"mit","name":"MIT License","spdx_id":"MIT","url":"https://api.github.com/licenses/mit","node_id":"MDc6TGljZW5zZTEz"},"allow_forking":true,"is_template":false,"web_commit_signoff_required":false,"topics":["affy","affymetrix","cel","cel-files","microarray","microarrays","thermofisher"],"visibility":"public","forks":0,"open_issues":0,"watchers":0,"default_branch":"main","permissions":{"admin":false,"maintain":false,"push":false,"triage":false,"pull":true},"temp_clone_token":"","network_count":0,"subscribers_count":2}