{"id":322262394,"node_id":"MDEwOlJlcG9zaXRvcnkzMjIyNjIzOTQ=","name":"AdalmPluto.jl","full_name":"JuliaTelecom/AdalmPluto.jl","private":false,"owner":{"login":"JuliaTelecom","id":74202318,"node_id":"MDEyOk9yZ2FuaXphdGlvbjc0MjAyMzE4","avatar_url":"https://avatars.githubusercontent.com/u/74202318?v=4","gravatar_id":"","url":"https://api.github.com/users/JuliaTelecom","html_url":"https://github.com/JuliaTelecom","followers_url":"https://api.github.com/users/JuliaTelecom/followers","following_url":"https://api.github.com/users/JuliaTelecom/following{/other_user}","gists_url":"https://api.github.com/users/JuliaTelecom/gists{/gist_id}","starred_url":"https://api.github.com/users/JuliaTelecom/starred{/owner}{/repo}","subscriptions_url":"https://api.github.com/users/JuliaTelecom/subscriptions","organizations_url":"https://api.github.com/users/JuliaTelecom/orgs","repos_url":"https://api.github.com/users/JuliaTelecom/repos","events_url":"https://api.github.com/users/JuliaTelecom/events{/privacy}","received_events_url":"https://api.github.com/users/JuliaTelecom/received_events","type":"Organization","site_admin":false},"html_url":"https://github.com/JuliaTelecom/AdalmPluto.jl","description":"Julia Bindings of IIO to monitor ADALM-Pluto SDR from Analog Devices","fork":false,"url":"https://api.github.com/repos/JuliaTelecom/AdalmPluto.jl","forks_url":"https://api.github.com/repos/JuliaTelecom/AdalmPluto.jl/forks","keys_url":"https://api.github.com/repos/JuliaTelecom/AdalmPluto.jl/keys{/key_id}","collaborators_url":"https://api.github.com/repos/JuliaTelecom/AdalmPluto.jl/collaborators{/collaborator}","teams_url":"https://api.github.com/repos/JuliaTelecom/AdalmPluto.jl/teams","hooks_url":"https://api.github.com/repos/JuliaTelecom/AdalmPluto.jl/hooks","issue_events_url":"https://api.github.com/repos/JuliaTelecom/AdalmPluto.jl/issues/events{/number}","events_url":"https://api.github.com/repos/JuliaTelecom/AdalmPluto.jl/events","assignees_url":"https://api.github.com/repos/JuliaTelecom/AdalmPluto.jl/assignees{/user}","branches_url":"https://api.github.com/repos/JuliaTelecom/AdalmPluto.jl/branches{/branch}","tags_url":"https://api.github.com/repos/JuliaTelecom/AdalmPluto.jl/tags","blobs_url":"https://api.github.com/repos/JuliaTelecom/AdalmPluto.jl/git/blobs{/sha}","git_tags_url":"https://api.github.com/repos/JuliaTelecom/AdalmPluto.jl/git/tags{/sha}","git_refs_url":"https://api.github.com/repos/JuliaTelecom/AdalmPluto.jl/git/refs{/sha}","trees_url":"https://api.github.com/repos/JuliaTelecom/AdalmPluto.jl/git/trees{/sha}","statuses_url":"https://api.github.com/repos/JuliaTelecom/AdalmPluto.jl/statuses/{sha}","languages_url":"https://api.github.com/repos/JuliaTelecom/AdalmPluto.jl/languages","stargazers_url":"https://api.github.com/repos/JuliaTelecom/AdalmPluto.jl/stargazers","contributors_url":"https://api.github.com/repos/JuliaTelecom/AdalmPluto.jl/contributors","subscribers_url":"https://api.github.com/repos/JuliaTelecom/AdalmPluto.jl/subscribers","subscription_url":"https://api.github.com/repos/JuliaTelecom/AdalmPluto.jl/subscription","commits_url":"https://api.github.com/repos/JuliaTelecom/AdalmPluto.jl/commits{/sha}","git_commits_url":"https://api.github.com/repos/JuliaTelecom/AdalmPluto.jl/git/commits{/sha}","comments_url":"https://api.github.com/repos/JuliaTelecom/AdalmPluto.jl/comments{/number}","issue_comment_url":"https://api.github.com/repos/JuliaTelecom/AdalmPluto.jl/issues/comments{/number}","contents_url":"https://api.github.com/repos/JuliaTelecom/AdalmPluto.jl/contents/{+path}","compare_url":"https://api.github.com/repos/JuliaTelecom/AdalmPluto.jl/compare/{base}...{head}","merges_url":"https://api.github.com/repos/JuliaTelecom/AdalmPluto.jl/merges","archive_url":"https://api.github.com/repos/JuliaTelecom/AdalmPluto.jl/{archive_format}{/ref}","downloads_url":"https://api.github.com/repos/JuliaTelecom/AdalmPluto.jl/downloads","issues_url":"https://api.github.com/repos/JuliaTelecom/AdalmPluto.jl/issues{/number}","pulls_url":"https://api.github.com/repos/JuliaTelecom/AdalmPluto.jl/pulls{/number}","milestones_url":"https://api.github.com/repos/JuliaTelecom/AdalmPluto.jl/milestones{/number}","notifications_url":"https://api.github.com/repos/JuliaTelecom/AdalmPluto.jl/notifications{?since,all,participating}","labels_url":"https://api.github.com/repos/JuliaTelecom/AdalmPluto.jl/labels{/name}","releases_url":"https://api.github.com/repos/JuliaTelecom/AdalmPluto.jl/releases{/id}","deployments_url":"https://api.github.com/repos/JuliaTelecom/AdalmPluto.jl/deployments","created_at":"2020-12-17T10:39:49Z","updated_at":"2022-05-03T23:48:22Z","pushed_at":"2022-06-10T07:32:38Z","git_url":"git://github.com/JuliaTelecom/AdalmPluto.jl.git","ssh_url":"git@github.com:JuliaTelecom/AdalmPluto.jl.git","clone_url":"https://github.com/JuliaTelecom/AdalmPluto.jl.git","svn_url":"https://github.com/JuliaTelecom/AdalmPluto.jl","homepage":"","size":5059,"stargazers_count":4,"watchers_count":4,"language":"Julia","has_issues":true,"has_projects":true,"has_downloads":true,"has_wiki":true,"has_pages":true,"forks_count":0,"mirror_url":null,"archived":false,"disabled":false,"open_issues_count":0,"license":{"key":"mit","name":"MIT License","spdx_id":"MIT","url":"https://api.github.com/licenses/mit","node_id":"MDc6TGljZW5zZTEz"},"allow_forking":true,"is_template":false,"web_commit_signoff_required":false,"topics":["iio-devices","julia","sdr"],"visibility":"public","forks":0,"open_issues":0,"watchers":4,"default_branch":"main","permissions":{"admin":false,"maintain":false,"push":false,"triage":false,"pull":true},"temp_clone_token":"","organization":{"login":"JuliaTelecom","id":74202318,"node_id":"MDEyOk9yZ2FuaXphdGlvbjc0MjAyMzE4","avatar_url":"https://avatars.githubusercontent.com/u/74202318?v=4","gravatar_id":"","url":"https://api.github.com/users/JuliaTelecom","html_url":"https://github.com/JuliaTelecom","followers_url":"https://api.github.com/users/JuliaTelecom/followers","following_url":"https://api.github.com/users/JuliaTelecom/following{/other_user}","gists_url":"https://api.github.com/users/JuliaTelecom/gists{/gist_id}","starred_url":"https://api.github.com/users/JuliaTelecom/starred{/owner}{/repo}","subscriptions_url":"https://api.github.com/users/JuliaTelecom/subscriptions","organizations_url":"https://api.github.com/users/JuliaTelecom/orgs","repos_url":"https://api.github.com/users/JuliaTelecom/repos","events_url":"https://api.github.com/users/JuliaTelecom/events{/privacy}","received_events_url":"https://api.github.com/users/JuliaTelecom/received_events","type":"Organization","site_admin":false},"network_count":0,"subscribers_count":2}