{"id":217945278,"node_id":"MDEwOlJlcG9zaXRvcnkyMTc5NDUyNzg=","name":"ArviZ.jl","full_name":"arviz-devs/ArviZ.jl","private":false,"owner":{"login":"arviz-devs","id":13554846,"node_id":"MDEyOk9yZ2FuaXphdGlvbjEzNTU0ODQ2","avatar_url":"https://avatars.githubusercontent.com/u/13554846?v=4","gravatar_id":"","url":"https://api.github.com/users/arviz-devs","html_url":"https://github.com/arviz-devs","followers_url":"https://api.github.com/users/arviz-devs/followers","following_url":"https://api.github.com/users/arviz-devs/following{/other_user}","gists_url":"https://api.github.com/users/arviz-devs/gists{/gist_id}","starred_url":"https://api.github.com/users/arviz-devs/starred{/owner}{/repo}","subscriptions_url":"https://api.github.com/users/arviz-devs/subscriptions","organizations_url":"https://api.github.com/users/arviz-devs/orgs","repos_url":"https://api.github.com/users/arviz-devs/repos","events_url":"https://api.github.com/users/arviz-devs/events{/privacy}","received_events_url":"https://api.github.com/users/arviz-devs/received_events","type":"Organization","site_admin":false},"html_url":"https://github.com/arviz-devs/ArviZ.jl","description":"Exploratory analysis of Bayesian models with ArviZ in Julia","fork":false,"url":"https://api.github.com/repos/arviz-devs/ArviZ.jl","forks_url":"https://api.github.com/repos/arviz-devs/ArviZ.jl/forks","keys_url":"https://api.github.com/repos/arviz-devs/ArviZ.jl/keys{/key_id}","collaborators_url":"https://api.github.com/repos/arviz-devs/ArviZ.jl/collaborators{/collaborator}","teams_url":"https://api.github.com/repos/arviz-devs/ArviZ.jl/teams","hooks_url":"https://api.github.com/repos/arviz-devs/ArviZ.jl/hooks","issue_events_url":"https://api.github.com/repos/arviz-devs/ArviZ.jl/issues/events{/number}","events_url":"https://api.github.com/repos/arviz-devs/ArviZ.jl/events","assignees_url":"https://api.github.com/repos/arviz-devs/ArviZ.jl/assignees{/user}","branches_url":"https://api.github.com/repos/arviz-devs/ArviZ.jl/branches{/branch}","tags_url":"https://api.github.com/repos/arviz-devs/ArviZ.jl/tags","blobs_url":"https://api.github.com/repos/arviz-devs/ArviZ.jl/git/blobs{/sha}","git_tags_url":"https://api.github.com/repos/arviz-devs/ArviZ.jl/git/tags{/sha}","git_refs_url":"https://api.github.com/repos/arviz-devs/ArviZ.jl/git/refs{/sha}","trees_url":"https://api.github.com/repos/arviz-devs/ArviZ.jl/git/trees{/sha}","statuses_url":"https://api.github.com/repos/arviz-devs/ArviZ.jl/statuses/{sha}","languages_url":"https://api.github.com/repos/arviz-devs/ArviZ.jl/languages","stargazers_url":"https://api.github.com/repos/arviz-devs/ArviZ.jl/stargazers","contributors_url":"https://api.github.com/repos/arviz-devs/ArviZ.jl/contributors","subscribers_url":"https://api.github.com/repos/arviz-devs/ArviZ.jl/subscribers","subscription_url":"https://api.github.com/repos/arviz-devs/ArviZ.jl/subscription","commits_url":"https://api.github.com/repos/arviz-devs/ArviZ.jl/commits{/sha}","git_commits_url":"https://api.github.com/repos/arviz-devs/ArviZ.jl/git/commits{/sha}","comments_url":"https://api.github.com/repos/arviz-devs/ArviZ.jl/comments{/number}","issue_comment_url":"https://api.github.com/repos/arviz-devs/ArviZ.jl/issues/comments{/number}","contents_url":"https://api.github.com/repos/arviz-devs/ArviZ.jl/contents/{+path}","compare_url":"https://api.github.com/repos/arviz-devs/ArviZ.jl/compare/{base}...{head}","merges_url":"https://api.github.com/repos/arviz-devs/ArviZ.jl/merges","archive_url":"https://api.github.com/repos/arviz-devs/ArviZ.jl/{archive_format}{/ref}","downloads_url":"https://api.github.com/repos/arviz-devs/ArviZ.jl/downloads","issues_url":"https://api.github.com/repos/arviz-devs/ArviZ.jl/issues{/number}","pulls_url":"https://api.github.com/repos/arviz-devs/ArviZ.jl/pulls{/number}","milestones_url":"https://api.github.com/repos/arviz-devs/ArviZ.jl/milestones{/number}","notifications_url":"https://api.github.com/repos/arviz-devs/ArviZ.jl/notifications{?since,all,participating}","labels_url":"https://api.github.com/repos/arviz-devs/ArviZ.jl/labels{/name}","releases_url":"https://api.github.com/repos/arviz-devs/ArviZ.jl/releases{/id}","deployments_url":"https://api.github.com/repos/arviz-devs/ArviZ.jl/deployments","created_at":"2019-10-28T01:50:24Z","updated_at":"2022-06-21T06:15:06Z","pushed_at":"2022-06-26T19:56:38Z","git_url":"git://github.com/arviz-devs/ArviZ.jl.git","ssh_url":"git@github.com:arviz-devs/ArviZ.jl.git","clone_url":"https://github.com/arviz-devs/ArviZ.jl.git","svn_url":"https://github.com/arviz-devs/ArviZ.jl","homepage":"https://julia.arviz.org","size":414203,"stargazers_count":57,"watchers_count":57,"language":"Julia","has_issues":true,"has_projects":true,"has_downloads":true,"has_wiki":true,"has_pages":true,"forks_count":7,"mirror_url":null,"archived":false,"disabled":false,"open_issues_count":22,"license":{"key":"other","name":"Other","spdx_id":"NOASSERTION","url":null,"node_id":"MDc6TGljZW5zZTA="},"allow_forking":true,"is_template":false,"web_commit_signoff_required":false,"topics":[],"visibility":"public","forks":7,"open_issues":22,"watchers":57,"default_branch":"main","permissions":{"admin":false,"maintain":false,"push":false,"triage":false,"pull":true},"temp_clone_token":"","organization":{"login":"arviz-devs","id":13554846,"node_id":"MDEyOk9yZ2FuaXphdGlvbjEzNTU0ODQ2","avatar_url":"https://avatars.githubusercontent.com/u/13554846?v=4","gravatar_id":"","url":"https://api.github.com/users/arviz-devs","html_url":"https://github.com/arviz-devs","followers_url":"https://api.github.com/users/arviz-devs/followers","following_url":"https://api.github.com/users/arviz-devs/following{/other_user}","gists_url":"https://api.github.com/users/arviz-devs/gists{/gist_id}","starred_url":"https://api.github.com/users/arviz-devs/starred{/owner}{/repo}","subscriptions_url":"https://api.github.com/users/arviz-devs/subscriptions","organizations_url":"https://api.github.com/users/arviz-devs/orgs","repos_url":"https://api.github.com/users/arviz-devs/repos","events_url":"https://api.github.com/users/arviz-devs/events{/privacy}","received_events_url":"https://api.github.com/users/arviz-devs/received_events","type":"Organization","site_admin":false},"network_count":7,"subscribers_count":3}