{"id":305954445,"node_id":"MDEwOlJlcG9zaXRvcnkzMDU5NTQ0NDU=","name":"ApproximateVI.jl","full_name":"ngiann/ApproximateVI.jl","private":false,"owner":{"login":"ngiann","id":6739784,"node_id":"MDQ6VXNlcjY3Mzk3ODQ=","avatar_url":"https://avatars.githubusercontent.com/u/6739784?v=4","gravatar_id":"","url":"https://api.github.com/users/ngiann","html_url":"https://github.com/ngiann","followers_url":"https://api.github.com/users/ngiann/followers","following_url":"https://api.github.com/users/ngiann/following{/other_user}","gists_url":"https://api.github.com/users/ngiann/gists{/gist_id}","starred_url":"https://api.github.com/users/ngiann/starred{/owner}{/repo}","subscriptions_url":"https://api.github.com/users/ngiann/subscriptions","organizations_url":"https://api.github.com/users/ngiann/orgs","repos_url":"https://api.github.com/users/ngiann/repos","events_url":"https://api.github.com/users/ngiann/events{/privacy}","received_events_url":"https://api.github.com/users/ngiann/received_events","type":"User","site_admin":false},"html_url":"https://github.com/ngiann/ApproximateVI.jl","description":"Approximate variational inference in Julia","fork":false,"url":"https://api.github.com/repos/ngiann/ApproximateVI.jl","forks_url":"https://api.github.com/repos/ngiann/ApproximateVI.jl/forks","keys_url":"https://api.github.com/repos/ngiann/ApproximateVI.jl/keys{/key_id}","collaborators_url":"https://api.github.com/repos/ngiann/ApproximateVI.jl/collaborators{/collaborator}","teams_url":"https://api.github.com/repos/ngiann/ApproximateVI.jl/teams","hooks_url":"https://api.github.com/repos/ngiann/ApproximateVI.jl/hooks","issue_events_url":"https://api.github.com/repos/ngiann/ApproximateVI.jl/issues/events{/number}","events_url":"https://api.github.com/repos/ngiann/ApproximateVI.jl/events","assignees_url":"https://api.github.com/repos/ngiann/ApproximateVI.jl/assignees{/user}","branches_url":"https://api.github.com/repos/ngiann/ApproximateVI.jl/branches{/branch}","tags_url":"https://api.github.com/repos/ngiann/ApproximateVI.jl/tags","blobs_url":"https://api.github.com/repos/ngiann/ApproximateVI.jl/git/blobs{/sha}","git_tags_url":"https://api.github.com/repos/ngiann/ApproximateVI.jl/git/tags{/sha}","git_refs_url":"https://api.github.com/repos/ngiann/ApproximateVI.jl/git/refs{/sha}","trees_url":"https://api.github.com/repos/ngiann/ApproximateVI.jl/git/trees{/sha}","statuses_url":"https://api.github.com/repos/ngiann/ApproximateVI.jl/statuses/{sha}","languages_url":"https://api.github.com/repos/ngiann/ApproximateVI.jl/languages","stargazers_url":"https://api.github.com/repos/ngiann/ApproximateVI.jl/stargazers","contributors_url":"https://api.github.com/repos/ngiann/ApproximateVI.jl/contributors","subscribers_url":"https://api.github.com/repos/ngiann/ApproximateVI.jl/subscribers","subscription_url":"https://api.github.com/repos/ngiann/ApproximateVI.jl/subscription","commits_url":"https://api.github.com/repos/ngiann/ApproximateVI.jl/commits{/sha}","git_commits_url":"https://api.github.com/repos/ngiann/ApproximateVI.jl/git/commits{/sha}","comments_url":"https://api.github.com/repos/ngiann/ApproximateVI.jl/comments{/number}","issue_comment_url":"https://api.github.com/repos/ngiann/ApproximateVI.jl/issues/comments{/number}","contents_url":"https://api.github.com/repos/ngiann/ApproximateVI.jl/contents/{+path}","compare_url":"https://api.github.com/repos/ngiann/ApproximateVI.jl/compare/{base}...{head}","merges_url":"https://api.github.com/repos/ngiann/ApproximateVI.jl/merges","archive_url":"https://api.github.com/repos/ngiann/ApproximateVI.jl/{archive_format}{/ref}","downloads_url":"https://api.github.com/repos/ngiann/ApproximateVI.jl/downloads","issues_url":"https://api.github.com/repos/ngiann/ApproximateVI.jl/issues{/number}","pulls_url":"https://api.github.com/repos/ngiann/ApproximateVI.jl/pulls{/number}","milestones_url":"https://api.github.com/repos/ngiann/ApproximateVI.jl/milestones{/number}","notifications_url":"https://api.github.com/repos/ngiann/ApproximateVI.jl/notifications{?since,all,participating}","labels_url":"https://api.github.com/repos/ngiann/ApproximateVI.jl/labels{/name}","releases_url":"https://api.github.com/repos/ngiann/ApproximateVI.jl/releases{/id}","deployments_url":"https://api.github.com/repos/ngiann/ApproximateVI.jl/deployments","created_at":"2020-10-21T08:14:31Z","updated_at":"2022-01-20T10:36:00Z","pushed_at":"2022-03-19T22:35:04Z","git_url":"git://github.com/ngiann/ApproximateVI.jl.git","ssh_url":"git@github.com:ngiann/ApproximateVI.jl.git","clone_url":"https://github.com/ngiann/ApproximateVI.jl.git","svn_url":"https://github.com/ngiann/ApproximateVI.jl","homepage":"","size":138,"stargazers_count":0,"watchers_count":0,"language":"Julia","has_issues":true,"has_projects":true,"has_downloads":true,"has_wiki":true,"has_pages":false,"forks_count":0,"mirror_url":null,"archived":false,"disabled":false,"open_issues_count":0,"license":{"key":"mit","name":"MIT License","spdx_id":"MIT","url":"https://api.github.com/licenses/mit","node_id":"MDc6TGljZW5zZTEz"},"allow_forking":true,"is_template":false,"web_commit_signoff_required":false,"topics":["bayesian-inference","julia-language","machine-learning","variational-inference"],"visibility":"public","forks":0,"open_issues":0,"watchers":0,"default_branch":"master","permissions":{"admin":false,"maintain":false,"push":false,"triage":false,"pull":true},"temp_clone_token":"","network_count":0,"subscribers_count":1}