{"id":155633786,"node_id":"MDEwOlJlcG9zaXRvcnkxNTU2MzM3ODY=","name":"ArrayInterface.jl","full_name":"JuliaArrays/ArrayInterface.jl","private":false,"owner":{"login":"JuliaArrays","id":21312771,"node_id":"MDEyOk9yZ2FuaXphdGlvbjIxMzEyNzcx","avatar_url":"https://avatars.githubusercontent.com/u/21312771?v=4","gravatar_id":"","url":"https://api.github.com/users/JuliaArrays","html_url":"https://github.com/JuliaArrays","followers_url":"https://api.github.com/users/JuliaArrays/followers","following_url":"https://api.github.com/users/JuliaArrays/following{/other_user}","gists_url":"https://api.github.com/users/JuliaArrays/gists{/gist_id}","starred_url":"https://api.github.com/users/JuliaArrays/starred{/owner}{/repo}","subscriptions_url":"https://api.github.com/users/JuliaArrays/subscriptions","organizations_url":"https://api.github.com/users/JuliaArrays/orgs","repos_url":"https://api.github.com/users/JuliaArrays/repos","events_url":"https://api.github.com/users/JuliaArrays/events{/privacy}","received_events_url":"https://api.github.com/users/JuliaArrays/received_events","type":"Organization","site_admin":false},"html_url":"https://github.com/JuliaArrays/ArrayInterface.jl","description":"Designs for new Base array interface primitives, used widely through scientific machine learning (SciML) and other organizations","fork":false,"url":"https://api.github.com/repos/JuliaArrays/ArrayInterface.jl","forks_url":"https://api.github.com/repos/JuliaArrays/ArrayInterface.jl/forks","keys_url":"https://api.github.com/repos/JuliaArrays/ArrayInterface.jl/keys{/key_id}","collaborators_url":"https://api.github.com/repos/JuliaArrays/ArrayInterface.jl/collaborators{/collaborator}","teams_url":"https://api.github.com/repos/JuliaArrays/ArrayInterface.jl/teams","hooks_url":"https://api.github.com/repos/JuliaArrays/ArrayInterface.jl/hooks","issue_events_url":"https://api.github.com/repos/JuliaArrays/ArrayInterface.jl/issues/events{/number}","events_url":"https://api.github.com/repos/JuliaArrays/ArrayInterface.jl/events","assignees_url":"https://api.github.com/repos/JuliaArrays/ArrayInterface.jl/assignees{/user}","branches_url":"https://api.github.com/repos/JuliaArrays/ArrayInterface.jl/branches{/branch}","tags_url":"https://api.github.com/repos/JuliaArrays/ArrayInterface.jl/tags","blobs_url":"https://api.github.com/repos/JuliaArrays/ArrayInterface.jl/git/blobs{/sha}","git_tags_url":"https://api.github.com/repos/JuliaArrays/ArrayInterface.jl/git/tags{/sha}","git_refs_url":"https://api.github.com/repos/JuliaArrays/ArrayInterface.jl/git/refs{/sha}","trees_url":"https://api.github.com/repos/JuliaArrays/ArrayInterface.jl/git/trees{/sha}","statuses_url":"https://api.github.com/repos/JuliaArrays/ArrayInterface.jl/statuses/{sha}","languages_url":"https://api.github.com/repos/JuliaArrays/ArrayInterface.jl/languages","stargazers_url":"https://api.github.com/repos/JuliaArrays/ArrayInterface.jl/stargazers","contributors_url":"https://api.github.com/repos/JuliaArrays/ArrayInterface.jl/contributors","subscribers_url":"https://api.github.com/repos/JuliaArrays/ArrayInterface.jl/subscribers","subscription_url":"https://api.github.com/repos/JuliaArrays/ArrayInterface.jl/subscription","commits_url":"https://api.github.com/repos/JuliaArrays/ArrayInterface.jl/commits{/sha}","git_commits_url":"https://api.github.com/repos/JuliaArrays/ArrayInterface.jl/git/commits{/sha}","comments_url":"https://api.github.com/repos/JuliaArrays/ArrayInterface.jl/comments{/number}","issue_comment_url":"https://api.github.com/repos/JuliaArrays/ArrayInterface.jl/issues/comments{/number}","contents_url":"https://api.github.com/repos/JuliaArrays/ArrayInterface.jl/contents/{+path}","compare_url":"https://api.github.com/repos/JuliaArrays/ArrayInterface.jl/compare/{base}...{head}","merges_url":"https://api.github.com/repos/JuliaArrays/ArrayInterface.jl/merges","archive_url":"https://api.github.com/repos/JuliaArrays/ArrayInterface.jl/{archive_format}{/ref}","downloads_url":"https://api.github.com/repos/JuliaArrays/ArrayInterface.jl/downloads","issues_url":"https://api.github.com/repos/JuliaArrays/ArrayInterface.jl/issues{/number}","pulls_url":"https://api.github.com/repos/JuliaArrays/ArrayInterface.jl/pulls{/number}","milestones_url":"https://api.github.com/repos/JuliaArrays/ArrayInterface.jl/milestones{/number}","notifications_url":"https://api.github.com/repos/JuliaArrays/ArrayInterface.jl/notifications{?since,all,participating}","labels_url":"https://api.github.com/repos/JuliaArrays/ArrayInterface.jl/labels{/name}","releases_url":"https://api.github.com/repos/JuliaArrays/ArrayInterface.jl/releases{/id}","deployments_url":"https://api.github.com/repos/JuliaArrays/ArrayInterface.jl/deployments","created_at":"2018-10-31T23:00:28Z","updated_at":"2022-06-16T11:32:50Z","pushed_at":"2022-06-30T13:21:10Z","git_url":"git://github.com/JuliaArrays/ArrayInterface.jl.git","ssh_url":"git@github.com:JuliaArrays/ArrayInterface.jl.git","clone_url":"https://github.com/JuliaArrays/ArrayInterface.jl.git","svn_url":"https://github.com/JuliaArrays/ArrayInterface.jl","homepage":"","size":1806,"stargazers_count":111,"watchers_count":111,"language":"Julia","has_issues":true,"has_projects":true,"has_downloads":true,"has_wiki":true,"has_pages":true,"forks_count":26,"mirror_url":null,"archived":false,"disabled":false,"open_issues_count":44,"license":{"key":"mit","name":"MIT License","spdx_id":"MIT","url":"https://api.github.com/licenses/mit","node_id":"MDc6TGljZW5zZTEz"},"allow_forking":true,"is_template":false,"web_commit_signoff_required":false,"topics":["arrays","base","composibility","interface","primitives","scientific-machine-learning","sciml"],"visibility":"public","forks":26,"open_issues":44,"watchers":111,"default_branch":"master","permissions":{"admin":false,"maintain":false,"push":false,"triage":false,"pull":true},"temp_clone_token":"","organization":{"login":"JuliaArrays","id":21312771,"node_id":"MDEyOk9yZ2FuaXphdGlvbjIxMzEyNzcx","avatar_url":"https://avatars.githubusercontent.com/u/21312771?v=4","gravatar_id":"","url":"https://api.github.com/users/JuliaArrays","html_url":"https://github.com/JuliaArrays","followers_url":"https://api.github.com/users/JuliaArrays/followers","following_url":"https://api.github.com/users/JuliaArrays/following{/other_user}","gists_url":"https://api.github.com/users/JuliaArrays/gists{/gist_id}","starred_url":"https://api.github.com/users/JuliaArrays/starred{/owner}{/repo}","subscriptions_url":"https://api.github.com/users/JuliaArrays/subscriptions","organizations_url":"https://api.github.com/users/JuliaArrays/orgs","repos_url":"https://api.github.com/users/JuliaArrays/repos","events_url":"https://api.github.com/users/JuliaArrays/events{/privacy}","received_events_url":"https://api.github.com/users/JuliaArrays/received_events","type":"Organization","site_admin":false},"network_count":26,"subscribers_count":13}