{"id":453182025,"node_id":"R_kgDOGwMCSQ","name":"AlignedSpans.jl","full_name":"beacon-biosignals/AlignedSpans.jl","private":false,"owner":{"login":"beacon-biosignals","id":48217876,"node_id":"MDEyOk9yZ2FuaXphdGlvbjQ4MjE3ODc2","avatar_url":"https://avatars.githubusercontent.com/u/48217876?v=4","gravatar_id":"","url":"https://api.github.com/users/beacon-biosignals","html_url":"https://github.com/beacon-biosignals","followers_url":"https://api.github.com/users/beacon-biosignals/followers","following_url":"https://api.github.com/users/beacon-biosignals/following{/other_user}","gists_url":"https://api.github.com/users/beacon-biosignals/gists{/gist_id}","starred_url":"https://api.github.com/users/beacon-biosignals/starred{/owner}{/repo}","subscriptions_url":"https://api.github.com/users/beacon-biosignals/subscriptions","organizations_url":"https://api.github.com/users/beacon-biosignals/orgs","repos_url":"https://api.github.com/users/beacon-biosignals/repos","events_url":"https://api.github.com/users/beacon-biosignals/events{/privacy}","received_events_url":"https://api.github.com/users/beacon-biosignals/received_events","type":"Organization","site_admin":false},"html_url":"https://github.com/beacon-biosignals/AlignedSpans.jl","description":"Helpers for continuous <-> discrete indexing","fork":false,"url":"https://api.github.com/repos/beacon-biosignals/AlignedSpans.jl","forks_url":"https://api.github.com/repos/beacon-biosignals/AlignedSpans.jl/forks","keys_url":"https://api.github.com/repos/beacon-biosignals/AlignedSpans.jl/keys{/key_id}","collaborators_url":"https://api.github.com/repos/beacon-biosignals/AlignedSpans.jl/collaborators{/collaborator}","teams_url":"https://api.github.com/repos/beacon-biosignals/AlignedSpans.jl/teams","hooks_url":"https://api.github.com/repos/beacon-biosignals/AlignedSpans.jl/hooks","issue_events_url":"https://api.github.com/repos/beacon-biosignals/AlignedSpans.jl/issues/events{/number}","events_url":"https://api.github.com/repos/beacon-biosignals/AlignedSpans.jl/events","assignees_url":"https://api.github.com/repos/beacon-biosignals/AlignedSpans.jl/assignees{/user}","branches_url":"https://api.github.com/repos/beacon-biosignals/AlignedSpans.jl/branches{/branch}","tags_url":"https://api.github.com/repos/beacon-biosignals/AlignedSpans.jl/tags","blobs_url":"https://api.github.com/repos/beacon-biosignals/AlignedSpans.jl/git/blobs{/sha}","git_tags_url":"https://api.github.com/repos/beacon-biosignals/AlignedSpans.jl/git/tags{/sha}","git_refs_url":"https://api.github.com/repos/beacon-biosignals/AlignedSpans.jl/git/refs{/sha}","trees_url":"https://api.github.com/repos/beacon-biosignals/AlignedSpans.jl/git/trees{/sha}","statuses_url":"https://api.github.com/repos/beacon-biosignals/AlignedSpans.jl/statuses/{sha}","languages_url":"https://api.github.com/repos/beacon-biosignals/AlignedSpans.jl/languages","stargazers_url":"https://api.github.com/repos/beacon-biosignals/AlignedSpans.jl/stargazers","contributors_url":"https://api.github.com/repos/beacon-biosignals/AlignedSpans.jl/contributors","subscribers_url":"https://api.github.com/repos/beacon-biosignals/AlignedSpans.jl/subscribers","subscription_url":"https://api.github.com/repos/beacon-biosignals/AlignedSpans.jl/subscription","commits_url":"https://api.github.com/repos/beacon-biosignals/AlignedSpans.jl/commits{/sha}","git_commits_url":"https://api.github.com/repos/beacon-biosignals/AlignedSpans.jl/git/commits{/sha}","comments_url":"https://api.github.com/repos/beacon-biosignals/AlignedSpans.jl/comments{/number}","issue_comment_url":"https://api.github.com/repos/beacon-biosignals/AlignedSpans.jl/issues/comments{/number}","contents_url":"https://api.github.com/repos/beacon-biosignals/AlignedSpans.jl/contents/{+path}","compare_url":"https://api.github.com/repos/beacon-biosignals/AlignedSpans.jl/compare/{base}...{head}","merges_url":"https://api.github.com/repos/beacon-biosignals/AlignedSpans.jl/merges","archive_url":"https://api.github.com/repos/beacon-biosignals/AlignedSpans.jl/{archive_format}{/ref}","downloads_url":"https://api.github.com/repos/beacon-biosignals/AlignedSpans.jl/downloads","issues_url":"https://api.github.com/repos/beacon-biosignals/AlignedSpans.jl/issues{/number}","pulls_url":"https://api.github.com/repos/beacon-biosignals/AlignedSpans.jl/pulls{/number}","milestones_url":"https://api.github.com/repos/beacon-biosignals/AlignedSpans.jl/milestones{/number}","notifications_url":"https://api.github.com/repos/beacon-biosignals/AlignedSpans.jl/notifications{?since,all,participating}","labels_url":"https://api.github.com/repos/beacon-biosignals/AlignedSpans.jl/labels{/name}","releases_url":"https://api.github.com/repos/beacon-biosignals/AlignedSpans.jl/releases{/id}","deployments_url":"https://api.github.com/repos/beacon-biosignals/AlignedSpans.jl/deployments","created_at":"2022-01-28T18:51:57Z","updated_at":"2022-04-04T15:09:53Z","pushed_at":"2022-03-31T12:38:18Z","git_url":"git://github.com/beacon-biosignals/AlignedSpans.jl.git","ssh_url":"git@github.com:beacon-biosignals/AlignedSpans.jl.git","clone_url":"https://github.com/beacon-biosignals/AlignedSpans.jl.git","svn_url":"https://github.com/beacon-biosignals/AlignedSpans.jl","homepage":"","size":257,"stargazers_count":0,"watchers_count":0,"language":"Julia","has_issues":true,"has_projects":true,"has_downloads":false,"has_wiki":true,"has_pages":true,"forks_count":0,"mirror_url":null,"archived":false,"disabled":false,"open_issues_count":0,"license":{"key":"mit","name":"MIT License","spdx_id":"MIT","url":"https://api.github.com/licenses/mit","node_id":"MDc6TGljZW5zZTEz"},"allow_forking":true,"is_template":false,"web_commit_signoff_required":false,"topics":[],"visibility":"public","forks":0,"open_issues":0,"watchers":0,"default_branch":"main","permissions":{"admin":false,"maintain":false,"push":false,"triage":false,"pull":true},"temp_clone_token":"","organization":{"login":"beacon-biosignals","id":48217876,"node_id":"MDEyOk9yZ2FuaXphdGlvbjQ4MjE3ODc2","avatar_url":"https://avatars.githubusercontent.com/u/48217876?v=4","gravatar_id":"","url":"https://api.github.com/users/beacon-biosignals","html_url":"https://github.com/beacon-biosignals","followers_url":"https://api.github.com/users/beacon-biosignals/followers","following_url":"https://api.github.com/users/beacon-biosignals/following{/other_user}","gists_url":"https://api.github.com/users/beacon-biosignals/gists{/gist_id}","starred_url":"https://api.github.com/users/beacon-biosignals/starred{/owner}{/repo}","subscriptions_url":"https://api.github.com/users/beacon-biosignals/subscriptions","organizations_url":"https://api.github.com/users/beacon-biosignals/orgs","repos_url":"https://api.github.com/users/beacon-biosignals/repos","events_url":"https://api.github.com/users/beacon-biosignals/events{/privacy}","received_events_url":"https://api.github.com/users/beacon-biosignals/received_events","type":"Organization","site_admin":false},"network_count":0,"subscribers_count":16}