{"id":222480665,"node_id":"MDEwOlJlcG9zaXRvcnkyMjI0ODA2NjU=","name":"AgnosticBayesEnsemble.jl","full_name":"hondoRandale/AgnosticBayesEnsemble.jl","private":false,"owner":{"login":"hondoRandale","id":57909036,"node_id":"MDQ6VXNlcjU3OTA5MDM2","avatar_url":"https://avatars.githubusercontent.com/u/57909036?v=4","gravatar_id":"","url":"https://api.github.com/users/hondoRandale","html_url":"https://github.com/hondoRandale","followers_url":"https://api.github.com/users/hondoRandale/followers","following_url":"https://api.github.com/users/hondoRandale/following{/other_user}","gists_url":"https://api.github.com/users/hondoRandale/gists{/gist_id}","starred_url":"https://api.github.com/users/hondoRandale/starred{/owner}{/repo}","subscriptions_url":"https://api.github.com/users/hondoRandale/subscriptions","organizations_url":"https://api.github.com/users/hondoRandale/orgs","repos_url":"https://api.github.com/users/hondoRandale/repos","events_url":"https://api.github.com/users/hondoRandale/events{/privacy}","received_events_url":"https://api.github.com/users/hondoRandale/received_events","type":"User","site_admin":false},"html_url":"https://github.com/hondoRandale/AgnosticBayesEnsemble.jl","description":"This Package comprises a collection of ensemble algorithms for prediction, in order to improve the predictive performance for classification and regression problems. ","fork":false,"url":"https://api.github.com/repos/hondoRandale/AgnosticBayesEnsemble.jl","forks_url":"https://api.github.com/repos/hondoRandale/AgnosticBayesEnsemble.jl/forks","keys_url":"https://api.github.com/repos/hondoRandale/AgnosticBayesEnsemble.jl/keys{/key_id}","collaborators_url":"https://api.github.com/repos/hondoRandale/AgnosticBayesEnsemble.jl/collaborators{/collaborator}","teams_url":"https://api.github.com/repos/hondoRandale/AgnosticBayesEnsemble.jl/teams","hooks_url":"https://api.github.com/repos/hondoRandale/AgnosticBayesEnsemble.jl/hooks","issue_events_url":"https://api.github.com/repos/hondoRandale/AgnosticBayesEnsemble.jl/issues/events{/number}","events_url":"https://api.github.com/repos/hondoRandale/AgnosticBayesEnsemble.jl/events","assignees_url":"https://api.github.com/repos/hondoRandale/AgnosticBayesEnsemble.jl/assignees{/user}","branches_url":"https://api.github.com/repos/hondoRandale/AgnosticBayesEnsemble.jl/branches{/branch}","tags_url":"https://api.github.com/repos/hondoRandale/AgnosticBayesEnsemble.jl/tags","blobs_url":"https://api.github.com/repos/hondoRandale/AgnosticBayesEnsemble.jl/git/blobs{/sha}","git_tags_url":"https://api.github.com/repos/hondoRandale/AgnosticBayesEnsemble.jl/git/tags{/sha}","git_refs_url":"https://api.github.com/repos/hondoRandale/AgnosticBayesEnsemble.jl/git/refs{/sha}","trees_url":"https://api.github.com/repos/hondoRandale/AgnosticBayesEnsemble.jl/git/trees{/sha}","statuses_url":"https://api.github.com/repos/hondoRandale/AgnosticBayesEnsemble.jl/statuses/{sha}","languages_url":"https://api.github.com/repos/hondoRandale/AgnosticBayesEnsemble.jl/languages","stargazers_url":"https://api.github.com/repos/hondoRandale/AgnosticBayesEnsemble.jl/stargazers","contributors_url":"https://api.github.com/repos/hondoRandale/AgnosticBayesEnsemble.jl/contributors","subscribers_url":"https://api.github.com/repos/hondoRandale/AgnosticBayesEnsemble.jl/subscribers","subscription_url":"https://api.github.com/repos/hondoRandale/AgnosticBayesEnsemble.jl/subscription","commits_url":"https://api.github.com/repos/hondoRandale/AgnosticBayesEnsemble.jl/commits{/sha}","git_commits_url":"https://api.github.com/repos/hondoRandale/AgnosticBayesEnsemble.jl/git/commits{/sha}","comments_url":"https://api.github.com/repos/hondoRandale/AgnosticBayesEnsemble.jl/comments{/number}","issue_comment_url":"https://api.github.com/repos/hondoRandale/AgnosticBayesEnsemble.jl/issues/comments{/number}","contents_url":"https://api.github.com/repos/hondoRandale/AgnosticBayesEnsemble.jl/contents/{+path}","compare_url":"https://api.github.com/repos/hondoRandale/AgnosticBayesEnsemble.jl/compare/{base}...{head}","merges_url":"https://api.github.com/repos/hondoRandale/AgnosticBayesEnsemble.jl/merges","archive_url":"https://api.github.com/repos/hondoRandale/AgnosticBayesEnsemble.jl/{archive_format}{/ref}","downloads_url":"https://api.github.com/repos/hondoRandale/AgnosticBayesEnsemble.jl/downloads","issues_url":"https://api.github.com/repos/hondoRandale/AgnosticBayesEnsemble.jl/issues{/number}","pulls_url":"https://api.github.com/repos/hondoRandale/AgnosticBayesEnsemble.jl/pulls{/number}","milestones_url":"https://api.github.com/repos/hondoRandale/AgnosticBayesEnsemble.jl/milestones{/number}","notifications_url":"https://api.github.com/repos/hondoRandale/AgnosticBayesEnsemble.jl/notifications{?since,all,participating}","labels_url":"https://api.github.com/repos/hondoRandale/AgnosticBayesEnsemble.jl/labels{/name}","releases_url":"https://api.github.com/repos/hondoRandale/AgnosticBayesEnsemble.jl/releases{/id}","deployments_url":"https://api.github.com/repos/hondoRandale/AgnosticBayesEnsemble.jl/deployments","created_at":"2019-11-18T15:25:01Z","updated_at":"2021-12-16T18:19:36Z","pushed_at":"2021-06-20T17:43:36Z","git_url":"git://github.com/hondoRandale/AgnosticBayesEnsemble.jl.git","ssh_url":"git@github.com:hondoRandale/AgnosticBayesEnsemble.jl.git","clone_url":"https://github.com/hondoRandale/AgnosticBayesEnsemble.jl.git","svn_url":"https://github.com/hondoRandale/AgnosticBayesEnsemble.jl","homepage":"","size":534,"stargazers_count":4,"watchers_count":4,"language":"Julia","has_issues":true,"has_projects":true,"has_downloads":true,"has_wiki":true,"has_pages":false,"forks_count":1,"mirror_url":null,"archived":false,"disabled":false,"open_issues_count":15,"license":{"key":"mit","name":"MIT License","spdx_id":"MIT","url":"https://api.github.com/licenses/mit","node_id":"MDc6TGljZW5zZTEz"},"allow_forking":true,"is_template":false,"web_commit_signoff_required":false,"topics":["classification","ensemble-algorithms","machine-learning","predictive-modeling","regression"],"visibility":"public","forks":1,"open_issues":15,"watchers":4,"default_branch":"master","permissions":{"admin":false,"maintain":false,"push":false,"triage":false,"pull":true},"temp_clone_token":"","network_count":1,"subscribers_count":1}