{"id":117118735,"node_id":"MDEwOlJlcG9zaXRvcnkxMTcxMTg3MzU=","name":"AbstractAlgebra.jl","full_name":"Nemocas/AbstractAlgebra.jl","private":false,"owner":{"login":"Nemocas","id":17830804,"node_id":"MDEyOk9yZ2FuaXphdGlvbjE3ODMwODA0","avatar_url":"https://avatars.githubusercontent.com/u/17830804?v=4","gravatar_id":"","url":"https://api.github.com/users/Nemocas","html_url":"https://github.com/Nemocas","followers_url":"https://api.github.com/users/Nemocas/followers","following_url":"https://api.github.com/users/Nemocas/following{/other_user}","gists_url":"https://api.github.com/users/Nemocas/gists{/gist_id}","starred_url":"https://api.github.com/users/Nemocas/starred{/owner}{/repo}","subscriptions_url":"https://api.github.com/users/Nemocas/subscriptions","organizations_url":"https://api.github.com/users/Nemocas/orgs","repos_url":"https://api.github.com/users/Nemocas/repos","events_url":"https://api.github.com/users/Nemocas/events{/privacy}","received_events_url":"https://api.github.com/users/Nemocas/received_events","type":"Organization","site_admin":false},"html_url":"https://github.com/Nemocas/AbstractAlgebra.jl","description":"Generic abstract algebra functionality in pure Julia (no C dependencies)","fork":true,"url":"https://api.github.com/repos/Nemocas/AbstractAlgebra.jl","forks_url":"https://api.github.com/repos/Nemocas/AbstractAlgebra.jl/forks","keys_url":"https://api.github.com/repos/Nemocas/AbstractAlgebra.jl/keys{/key_id}","collaborators_url":"https://api.github.com/repos/Nemocas/AbstractAlgebra.jl/collaborators{/collaborator}","teams_url":"https://api.github.com/repos/Nemocas/AbstractAlgebra.jl/teams","hooks_url":"https://api.github.com/repos/Nemocas/AbstractAlgebra.jl/hooks","issue_events_url":"https://api.github.com/repos/Nemocas/AbstractAlgebra.jl/issues/events{/number}","events_url":"https://api.github.com/repos/Nemocas/AbstractAlgebra.jl/events","assignees_url":"https://api.github.com/repos/Nemocas/AbstractAlgebra.jl/assignees{/user}","branches_url":"https://api.github.com/repos/Nemocas/AbstractAlgebra.jl/branches{/branch}","tags_url":"https://api.github.com/repos/Nemocas/AbstractAlgebra.jl/tags","blobs_url":"https://api.github.com/repos/Nemocas/AbstractAlgebra.jl/git/blobs{/sha}","git_tags_url":"https://api.github.com/repos/Nemocas/AbstractAlgebra.jl/git/tags{/sha}","git_refs_url":"https://api.github.com/repos/Nemocas/AbstractAlgebra.jl/git/refs{/sha}","trees_url":"https://api.github.com/repos/Nemocas/AbstractAlgebra.jl/git/trees{/sha}","statuses_url":"https://api.github.com/repos/Nemocas/AbstractAlgebra.jl/statuses/{sha}","languages_url":"https://api.github.com/repos/Nemocas/AbstractAlgebra.jl/languages","stargazers_url":"https://api.github.com/repos/Nemocas/AbstractAlgebra.jl/stargazers","contributors_url":"https://api.github.com/repos/Nemocas/AbstractAlgebra.jl/contributors","subscribers_url":"https://api.github.com/repos/Nemocas/AbstractAlgebra.jl/subscribers","subscription_url":"https://api.github.com/repos/Nemocas/AbstractAlgebra.jl/subscription","commits_url":"https://api.github.com/repos/Nemocas/AbstractAlgebra.jl/commits{/sha}","git_commits_url":"https://api.github.com/repos/Nemocas/AbstractAlgebra.jl/git/commits{/sha}","comments_url":"https://api.github.com/repos/Nemocas/AbstractAlgebra.jl/comments{/number}","issue_comment_url":"https://api.github.com/repos/Nemocas/AbstractAlgebra.jl/issues/comments{/number}","contents_url":"https://api.github.com/repos/Nemocas/AbstractAlgebra.jl/contents/{+path}","compare_url":"https://api.github.com/repos/Nemocas/AbstractAlgebra.jl/compare/{base}...{head}","merges_url":"https://api.github.com/repos/Nemocas/AbstractAlgebra.jl/merges","archive_url":"https://api.github.com/repos/Nemocas/AbstractAlgebra.jl/{archive_format}{/ref}","downloads_url":"https://api.github.com/repos/Nemocas/AbstractAlgebra.jl/downloads","issues_url":"https://api.github.com/repos/Nemocas/AbstractAlgebra.jl/issues{/number}","pulls_url":"https://api.github.com/repos/Nemocas/AbstractAlgebra.jl/pulls{/number}","milestones_url":"https://api.github.com/repos/Nemocas/AbstractAlgebra.jl/milestones{/number}","notifications_url":"https://api.github.com/repos/Nemocas/AbstractAlgebra.jl/notifications{?since,all,participating}","labels_url":"https://api.github.com/repos/Nemocas/AbstractAlgebra.jl/labels{/name}","releases_url":"https://api.github.com/repos/Nemocas/AbstractAlgebra.jl/releases{/id}","deployments_url":"https://api.github.com/repos/Nemocas/AbstractAlgebra.jl/deployments","created_at":"2018-01-11T15:45:39Z","updated_at":"2022-06-22T22:40:36Z","pushed_at":"2022-06-30T11:33:45Z","git_url":"git://github.com/Nemocas/AbstractAlgebra.jl.git","ssh_url":"git@github.com:Nemocas/AbstractAlgebra.jl.git","clone_url":"https://github.com/Nemocas/AbstractAlgebra.jl.git","svn_url":"https://github.com/Nemocas/AbstractAlgebra.jl","homepage":"","size":35465,"stargazers_count":84,"watchers_count":84,"language":"Julia","has_issues":true,"has_projects":true,"has_downloads":true,"has_wiki":true,"has_pages":true,"forks_count":41,"mirror_url":null,"archived":false,"disabled":false,"open_issues_count":101,"license":{"key":"other","name":"Other","spdx_id":"NOASSERTION","url":null,"node_id":"MDc6TGljZW5zZTA="},"allow_forking":true,"is_template":false,"web_commit_signoff_required":false,"topics":["abstract-algebra","computer-algebra","julia","julia-package","math","mathematics","maths"],"visibility":"public","forks":41,"open_issues":101,"watchers":84,"default_branch":"master","permissions":{"admin":false,"maintain":false,"push":false,"triage":false,"pull":true},"temp_clone_token":"","organization":{"login":"Nemocas","id":17830804,"node_id":"MDEyOk9yZ2FuaXphdGlvbjE3ODMwODA0","avatar_url":"https://avatars.githubusercontent.com/u/17830804?v=4","gravatar_id":"","url":"https://api.github.com/users/Nemocas","html_url":"https://github.com/Nemocas","followers_url":"https://api.github.com/users/Nemocas/followers","following_url":"https://api.github.com/users/Nemocas/following{/other_user}","gists_url":"https://api.github.com/users/Nemocas/gists{/gist_id}","starred_url":"https://api.github.com/users/Nemocas/starred{/owner}{/repo}","subscriptions_url":"https://api.github.com/users/Nemocas/subscriptions","organizations_url":"https://api.github.com/users/Nemocas/orgs","repos_url":"https://api.github.com/users/Nemocas/repos","events_url":"https://api.github.com/users/Nemocas/events{/privacy}","received_events_url":"https://api.github.com/users/Nemocas/received_events","type":"Organization","site_admin":false},"parent":{"id":117102658,"node_id":"MDEwOlJlcG9zaXRvcnkxMTcxMDI2NTg=","name":"AbstractAlgebra.jl","full_name":"wbhart/AbstractAlgebra.jl","private":false,"owner":{"login":"wbhart","id":242598,"node_id":"MDQ6VXNlcjI0MjU5OA==","avatar_url":"https://avatars.githubusercontent.com/u/242598?v=4","gravatar_id":"","url":"https://api.github.com/users/wbhart","html_url":"https://github.com/wbhart","followers_url":"https://api.github.com/users/wbhart/followers","following_url":"https://api.github.com/users/wbhart/following{/other_user}","gists_url":"https://api.github.com/users/wbhart/gists{/gist_id}","starred_url":"https://api.github.com/users/wbhart/starred{/owner}{/repo}","subscriptions_url":"https://api.github.com/users/wbhart/subscriptions","organizations_url":"https://api.github.com/users/wbhart/orgs","repos_url":"https://api.github.com/users/wbhart/repos","events_url":"https://api.github.com/users/wbhart/events{/privacy}","received_events_url":"https://api.github.com/users/wbhart/received_events","type":"User","site_admin":false},"html_url":"https://github.com/wbhart/AbstractAlgebra.jl","description":"Generic abstract algebra functionality in pure Julia (no C dependencies)","fork":false,"url":"https://api.github.com/repos/wbhart/AbstractAlgebra.jl","forks_url":"https://api.github.com/repos/wbhart/AbstractAlgebra.jl/forks","keys_url":"https://api.github.com/repos/wbhart/AbstractAlgebra.jl/keys{/key_id}","collaborators_url":"https://api.github.com/repos/wbhart/AbstractAlgebra.jl/collaborators{/collaborator}","teams_url":"https://api.github.com/repos/wbhart/AbstractAlgebra.jl/teams","hooks_url":"https://api.github.com/repos/wbhart/AbstractAlgebra.jl/hooks","issue_events_url":"https://api.github.com/repos/wbhart/AbstractAlgebra.jl/issues/events{/number}","events_url":"https://api.github.com/repos/wbhart/AbstractAlgebra.jl/events","assignees_url":"https://api.github.com/repos/wbhart/AbstractAlgebra.jl/assignees{/user}","branches_url":"https://api.github.com/repos/wbhart/AbstractAlgebra.jl/branches{/branch}","tags_url":"https://api.github.com/repos/wbhart/AbstractAlgebra.jl/tags","blobs_url":"https://api.github.com/repos/wbhart/AbstractAlgebra.jl/git/blobs{/sha}","git_tags_url":"https://api.github.com/repos/wbhart/AbstractAlgebra.jl/git/tags{/sha}","git_refs_url":"https://api.github.com/repos/wbhart/AbstractAlgebra.jl/git/refs{/sha}","trees_url":"https://api.github.com/repos/wbhart/AbstractAlgebra.jl/git/trees{/sha}","statuses_url":"https://api.github.com/repos/wbhart/AbstractAlgebra.jl/statuses/{sha}","languages_url":"https://api.github.com/repos/wbhart/AbstractAlgebra.jl/languages","stargazers_url":"https://api.github.com/repos/wbhart/AbstractAlgebra.jl/stargazers","contributors_url":"https://api.github.com/repos/wbhart/AbstractAlgebra.jl/contributors","subscribers_url":"https://api.github.com/repos/wbhart/AbstractAlgebra.jl/subscribers","subscription_url":"https://api.github.com/repos/wbhart/AbstractAlgebra.jl/subscription","commits_url":"https://api.github.com/repos/wbhart/AbstractAlgebra.jl/commits{/sha}","git_commits_url":"https://api.github.com/repos/wbhart/AbstractAlgebra.jl/git/commits{/sha}","comments_url":"https://api.github.com/repos/wbhart/AbstractAlgebra.jl/comments{/number}","issue_comment_url":"https://api.github.com/repos/wbhart/AbstractAlgebra.jl/issues/comments{/number}","contents_url":"https://api.github.com/repos/wbhart/AbstractAlgebra.jl/contents/{+path}","compare_url":"https://api.github.com/repos/wbhart/AbstractAlgebra.jl/compare/{base}...{head}","merges_url":"https://api.github.com/repos/wbhart/AbstractAlgebra.jl/merges","archive_url":"https://api.github.com/repos/wbhart/AbstractAlgebra.jl/{archive_format}{/ref}","downloads_url":"https://api.github.com/repos/wbhart/AbstractAlgebra.jl/downloads","issues_url":"https://api.github.com/repos/wbhart/AbstractAlgebra.jl/issues{/number}","pulls_url":"https://api.github.com/repos/wbhart/AbstractAlgebra.jl/pulls{/number}","milestones_url":"https://api.github.com/repos/wbhart/AbstractAlgebra.jl/milestones{/number}","notifications_url":"https://api.github.com/repos/wbhart/AbstractAlgebra.jl/notifications{?since,all,participating}","labels_url":"https://api.github.com/repos/wbhart/AbstractAlgebra.jl/labels{/name}","releases_url":"https://api.github.com/repos/wbhart/AbstractAlgebra.jl/releases{/id}","deployments_url":"https://api.github.com/repos/wbhart/AbstractAlgebra.jl/deployments","created_at":"2018-01-11T13:16:32Z","updated_at":"2022-06-25T09:54:39Z","pushed_at":"2022-06-23T14:45:57Z","git_url":"git://github.com/wbhart/AbstractAlgebra.jl.git","ssh_url":"git@github.com:wbhart/AbstractAlgebra.jl.git","clone_url":"https://github.com/wbhart/AbstractAlgebra.jl.git","svn_url":"https://github.com/wbhart/AbstractAlgebra.jl","homepage":null,"size":9761,"stargazers_count":52,"watchers_count":52,"language":"Julia","has_issues":true,"has_projects":true,"has_downloads":true,"has_wiki":true,"has_pages":false,"forks_count":48,"mirror_url":null,"archived":false,"disabled":false,"open_issues_count":1,"license":{"key":"other","name":"Other","spdx_id":"NOASSERTION","url":null,"node_id":"MDc6TGljZW5zZTA="},"allow_forking":true,"is_template":false,"web_commit_signoff_required":false,"topics":[],"visibility":"public","forks":48,"open_issues":1,"watchers":52,"default_branch":"master"},"source":{"id":117102658,"node_id":"MDEwOlJlcG9zaXRvcnkxMTcxMDI2NTg=","name":"AbstractAlgebra.jl","full_name":"wbhart/AbstractAlgebra.jl","private":false,"owner":{"login":"wbhart","id":242598,"node_id":"MDQ6VXNlcjI0MjU5OA==","avatar_url":"https://avatars.githubusercontent.com/u/242598?v=4","gravatar_id":"","url":"https://api.github.com/users/wbhart","html_url":"https://github.com/wbhart","followers_url":"https://api.github.com/users/wbhart/followers","following_url":"https://api.github.com/users/wbhart/following{/other_user}","gists_url":"https://api.github.com/users/wbhart/gists{/gist_id}","starred_url":"https://api.github.com/users/wbhart/starred{/owner}{/repo}","subscriptions_url":"https://api.github.com/users/wbhart/subscriptions","organizations_url":"https://api.github.com/users/wbhart/orgs","repos_url":"https://api.github.com/users/wbhart/repos","events_url":"https://api.github.com/users/wbhart/events{/privacy}","received_events_url":"https://api.github.com/users/wbhart/received_events","type":"User","site_admin":false},"html_url":"https://github.com/wbhart/AbstractAlgebra.jl","description":"Generic abstract algebra functionality in pure Julia (no C dependencies)","fork":false,"url":"https://api.github.com/repos/wbhart/AbstractAlgebra.jl","forks_url":"https://api.github.com/repos/wbhart/AbstractAlgebra.jl/forks","keys_url":"https://api.github.com/repos/wbhart/AbstractAlgebra.jl/keys{/key_id}","collaborators_url":"https://api.github.com/repos/wbhart/AbstractAlgebra.jl/collaborators{/collaborator}","teams_url":"https://api.github.com/repos/wbhart/AbstractAlgebra.jl/teams","hooks_url":"https://api.github.com/repos/wbhart/AbstractAlgebra.jl/hooks","issue_events_url":"https://api.github.com/repos/wbhart/AbstractAlgebra.jl/issues/events{/number}","events_url":"https://api.github.com/repos/wbhart/AbstractAlgebra.jl/events","assignees_url":"https://api.github.com/repos/wbhart/AbstractAlgebra.jl/assignees{/user}","branches_url":"https://api.github.com/repos/wbhart/AbstractAlgebra.jl/branches{/branch}","tags_url":"https://api.github.com/repos/wbhart/AbstractAlgebra.jl/tags","blobs_url":"https://api.github.com/repos/wbhart/AbstractAlgebra.jl/git/blobs{/sha}","git_tags_url":"https://api.github.com/repos/wbhart/AbstractAlgebra.jl/git/tags{/sha}","git_refs_url":"https://api.github.com/repos/wbhart/AbstractAlgebra.jl/git/refs{/sha}","trees_url":"https://api.github.com/repos/wbhart/AbstractAlgebra.jl/git/trees{/sha}","statuses_url":"https://api.github.com/repos/wbhart/AbstractAlgebra.jl/statuses/{sha}","languages_url":"https://api.github.com/repos/wbhart/AbstractAlgebra.jl/languages","stargazers_url":"https://api.github.com/repos/wbhart/AbstractAlgebra.jl/stargazers","contributors_url":"https://api.github.com/repos/wbhart/AbstractAlgebra.jl/contributors","subscribers_url":"https://api.github.com/repos/wbhart/AbstractAlgebra.jl/subscribers","subscription_url":"https://api.github.com/repos/wbhart/AbstractAlgebra.jl/subscription","commits_url":"https://api.github.com/repos/wbhart/AbstractAlgebra.jl/commits{/sha}","git_commits_url":"https://api.github.com/repos/wbhart/AbstractAlgebra.jl/git/commits{/sha}","comments_url":"https://api.github.com/repos/wbhart/AbstractAlgebra.jl/comments{/number}","issue_comment_url":"https://api.github.com/repos/wbhart/AbstractAlgebra.jl/issues/comments{/number}","contents_url":"https://api.github.com/repos/wbhart/AbstractAlgebra.jl/contents/{+path}","compare_url":"https://api.github.com/repos/wbhart/AbstractAlgebra.jl/compare/{base}...{head}","merges_url":"https://api.github.com/repos/wbhart/AbstractAlgebra.jl/merges","archive_url":"https://api.github.com/repos/wbhart/AbstractAlgebra.jl/{archive_format}{/ref}","downloads_url":"https://api.github.com/repos/wbhart/AbstractAlgebra.jl/downloads","issues_url":"https://api.github.com/repos/wbhart/AbstractAlgebra.jl/issues{/number}","pulls_url":"https://api.github.com/repos/wbhart/AbstractAlgebra.jl/pulls{/number}","milestones_url":"https://api.github.com/repos/wbhart/AbstractAlgebra.jl/milestones{/number}","notifications_url":"https://api.github.com/repos/wbhart/AbstractAlgebra.jl/notifications{?since,all,participating}","labels_url":"https://api.github.com/repos/wbhart/AbstractAlgebra.jl/labels{/name}","releases_url":"https://api.github.com/repos/wbhart/AbstractAlgebra.jl/releases{/id}","deployments_url":"https://api.github.com/repos/wbhart/AbstractAlgebra.jl/deployments","created_at":"2018-01-11T13:16:32Z","updated_at":"2022-06-25T09:54:39Z","pushed_at":"2022-06-23T14:45:57Z","git_url":"git://github.com/wbhart/AbstractAlgebra.jl.git","ssh_url":"git@github.com:wbhart/AbstractAlgebra.jl.git","clone_url":"https://github.com/wbhart/AbstractAlgebra.jl.git","svn_url":"https://github.com/wbhart/AbstractAlgebra.jl","homepage":null,"size":9761,"stargazers_count":52,"watchers_count":52,"language":"Julia","has_issues":true,"has_projects":true,"has_downloads":true,"has_wiki":true,"has_pages":false,"forks_count":48,"mirror_url":null,"archived":false,"disabled":false,"open_issues_count":1,"license":{"key":"other","name":"Other","spdx_id":"NOASSERTION","url":null,"node_id":"MDc6TGljZW5zZTA="},"allow_forking":true,"is_template":false,"web_commit_signoff_required":false,"topics":[],"visibility":"public","forks":48,"open_issues":1,"watchers":52,"default_branch":"master"},"network_count":48,"subscribers_count":15}