{"name":"README.md","path":"README.md","sha":"57e9b71539b433a30b6908be101f8eef3eea7609","size":143,"url":"https://api.github.com/repos/hack1nt0/AhoCorasickAutomatons.jl/contents/README.md?ref=master","html_url":"https://github.com/hack1nt0/AhoCorasickAutomatons.jl/blob/master/README.md","git_url":"https://api.github.com/repos/hack1nt0/AhoCorasickAutomatons.jl/git/blobs/57e9b71539b433a30b6908be101f8eef3eea7609","download_url":"https://raw.githubusercontent.com/hack1nt0/AhoCorasickAutomatons.jl/master/README.md","type":"file","content":"IyBBaG9Db3Jhc2lja0F1dG9tYXRvbnMuamwKQSAyLUFycmF5IGltcGxlbWVu\ndGF0aW9uIG9mIEFob+KAk0NvcmFzaWNrIGF1dG9tYXRvbi4KCkZvciBtb3Jl\nIGRldGFpbCwgdHlwZSBgP0Fob0NvcmFzaWNrQXV0b21hdG9uYCBpbiBKdWxp\nYSBSRVBMLgo=\n","encoding":"base64","_links":{"self":"https://api.github.com/repos/hack1nt0/AhoCorasickAutomatons.jl/contents/README.md?ref=master","git":"https://api.github.com/repos/hack1nt0/AhoCorasickAutomatons.jl/git/blobs/57e9b71539b433a30b6908be101f8eef3eea7609","html":"https://github.com/hack1nt0/AhoCorasickAutomatons.jl/blob/master/README.md"}}