{"id":393268264,"node_id":"MDEwOlJlcG9zaXRvcnkzOTMyNjgyNjQ=","name":"AnnealingAPI.jl","full_name":"shamazmazum/AnnealingAPI.jl","private":false,"owner":{"login":"shamazmazum","id":812069,"node_id":"MDQ6VXNlcjgxMjA2OQ==","avatar_url":"https://avatars.githubusercontent.com/u/812069?v=4","gravatar_id":"","url":"https://api.github.com/users/shamazmazum","html_url":"https://github.com/shamazmazum","followers_url":"https://api.github.com/users/shamazmazum/followers","following_url":"https://api.github.com/users/shamazmazum/following{/other_user}","gists_url":"https://api.github.com/users/shamazmazum/gists{/gist_id}","starred_url":"https://api.github.com/users/shamazmazum/starred{/owner}{/repo}","subscriptions_url":"https://api.github.com/users/shamazmazum/subscriptions","organizations_url":"https://api.github.com/users/shamazmazum/orgs","repos_url":"https://api.github.com/users/shamazmazum/repos","events_url":"https://api.github.com/users/shamazmazum/events{/privacy}","received_events_url":"https://api.github.com/users/shamazmazum/received_events","type":"User","site_admin":false},"html_url":"https://github.com/shamazmazum/AnnealingAPI.jl","description":"Modification and rollback API for my annealing projects","fork":false,"url":"https://api.github.com/repos/shamazmazum/AnnealingAPI.jl","forks_url":"https://api.github.com/repos/shamazmazum/AnnealingAPI.jl/forks","keys_url":"https://api.github.com/repos/shamazmazum/AnnealingAPI.jl/keys{/key_id}","collaborators_url":"https://api.github.com/repos/shamazmazum/AnnealingAPI.jl/collaborators{/collaborator}","teams_url":"https://api.github.com/repos/shamazmazum/AnnealingAPI.jl/teams","hooks_url":"https://api.github.com/repos/shamazmazum/AnnealingAPI.jl/hooks","issue_events_url":"https://api.github.com/repos/shamazmazum/AnnealingAPI.jl/issues/events{/number}","events_url":"https://api.github.com/repos/shamazmazum/AnnealingAPI.jl/events","assignees_url":"https://api.github.com/repos/shamazmazum/AnnealingAPI.jl/assignees{/user}","branches_url":"https://api.github.com/repos/shamazmazum/AnnealingAPI.jl/branches{/branch}","tags_url":"https://api.github.com/repos/shamazmazum/AnnealingAPI.jl/tags","blobs_url":"https://api.github.com/repos/shamazmazum/AnnealingAPI.jl/git/blobs{/sha}","git_tags_url":"https://api.github.com/repos/shamazmazum/AnnealingAPI.jl/git/tags{/sha}","git_refs_url":"https://api.github.com/repos/shamazmazum/AnnealingAPI.jl/git/refs{/sha}","trees_url":"https://api.github.com/repos/shamazmazum/AnnealingAPI.jl/git/trees{/sha}","statuses_url":"https://api.github.com/repos/shamazmazum/AnnealingAPI.jl/statuses/{sha}","languages_url":"https://api.github.com/repos/shamazmazum/AnnealingAPI.jl/languages","stargazers_url":"https://api.github.com/repos/shamazmazum/AnnealingAPI.jl/stargazers","contributors_url":"https://api.github.com/repos/shamazmazum/AnnealingAPI.jl/contributors","subscribers_url":"https://api.github.com/repos/shamazmazum/AnnealingAPI.jl/subscribers","subscription_url":"https://api.github.com/repos/shamazmazum/AnnealingAPI.jl/subscription","commits_url":"https://api.github.com/repos/shamazmazum/AnnealingAPI.jl/commits{/sha}","git_commits_url":"https://api.github.com/repos/shamazmazum/AnnealingAPI.jl/git/commits{/sha}","comments_url":"https://api.github.com/repos/shamazmazum/AnnealingAPI.jl/comments{/number}","issue_comment_url":"https://api.github.com/repos/shamazmazum/AnnealingAPI.jl/issues/comments{/number}","contents_url":"https://api.github.com/repos/shamazmazum/AnnealingAPI.jl/contents/{+path}","compare_url":"https://api.github.com/repos/shamazmazum/AnnealingAPI.jl/compare/{base}...{head}","merges_url":"https://api.github.com/repos/shamazmazum/AnnealingAPI.jl/merges","archive_url":"https://api.github.com/repos/shamazmazum/AnnealingAPI.jl/{archive_format}{/ref}","downloads_url":"https://api.github.com/repos/shamazmazum/AnnealingAPI.jl/downloads","issues_url":"https://api.github.com/repos/shamazmazum/AnnealingAPI.jl/issues{/number}","pulls_url":"https://api.github.com/repos/shamazmazum/AnnealingAPI.jl/pulls{/number}","milestones_url":"https://api.github.com/repos/shamazmazum/AnnealingAPI.jl/milestones{/number}","notifications_url":"https://api.github.com/repos/shamazmazum/AnnealingAPI.jl/notifications{?since,all,participating}","labels_url":"https://api.github.com/repos/shamazmazum/AnnealingAPI.jl/labels{/name}","releases_url":"https://api.github.com/repos/shamazmazum/AnnealingAPI.jl/releases{/id}","deployments_url":"https://api.github.com/repos/shamazmazum/AnnealingAPI.jl/deployments","created_at":"2021-08-06T05:57:02Z","updated_at":"2021-08-23T07:27:11Z","pushed_at":"2021-08-23T07:29:21Z","git_url":"git://github.com/shamazmazum/AnnealingAPI.jl.git","ssh_url":"git@github.com:shamazmazum/AnnealingAPI.jl.git","clone_url":"https://github.com/shamazmazum/AnnealingAPI.jl.git","svn_url":"https://github.com/shamazmazum/AnnealingAPI.jl","homepage":null,"size":5,"stargazers_count":1,"watchers_count":1,"language":"Julia","has_issues":true,"has_projects":true,"has_downloads":true,"has_wiki":true,"has_pages":false,"forks_count":0,"mirror_url":null,"archived":false,"disabled":false,"open_issues_count":0,"license":{"key":"bsd-2-clause","name":"BSD 2-Clause \"Simplified\" License","spdx_id":"BSD-2-Clause","url":"https://api.github.com/licenses/bsd-2-clause","node_id":"MDc6TGljZW5zZTQ="},"allow_forking":true,"is_template":false,"web_commit_signoff_required":false,"topics":[],"visibility":"public","forks":0,"open_issues":0,"watchers":1,"default_branch":"master","permissions":{"admin":false,"maintain":false,"push":false,"triage":false,"pull":true},"temp_clone_token":"","network_count":0,"subscribers_count":1}