{"id":186699971,"node_id":"MDEwOlJlcG9zaXRvcnkxODY2OTk5NzE=","name":"AdmittanceModels.jl","full_name":"rigetti/AdmittanceModels.jl","private":false,"owner":{"login":"rigetti","id":16469771,"node_id":"MDEyOk9yZ2FuaXphdGlvbjE2NDY5Nzcx","avatar_url":"https://avatars.githubusercontent.com/u/16469771?v=4","gravatar_id":"","url":"https://api.github.com/users/rigetti","html_url":"https://github.com/rigetti","followers_url":"https://api.github.com/users/rigetti/followers","following_url":"https://api.github.com/users/rigetti/following{/other_user}","gists_url":"https://api.github.com/users/rigetti/gists{/gist_id}","starred_url":"https://api.github.com/users/rigetti/starred{/owner}{/repo}","subscriptions_url":"https://api.github.com/users/rigetti/subscriptions","organizations_url":"https://api.github.com/users/rigetti/orgs","repos_url":"https://api.github.com/users/rigetti/repos","events_url":"https://api.github.com/users/rigetti/events{/privacy}","received_events_url":"https://api.github.com/users/rigetti/received_events","type":"Organization","site_admin":false},"html_url":"https://github.com/rigetti/AdmittanceModels.jl","description":"Analysis of linear systems using admittance models","fork":false,"url":"https://api.github.com/repos/rigetti/AdmittanceModels.jl","forks_url":"https://api.github.com/repos/rigetti/AdmittanceModels.jl/forks","keys_url":"https://api.github.com/repos/rigetti/AdmittanceModels.jl/keys{/key_id}","collaborators_url":"https://api.github.com/repos/rigetti/AdmittanceModels.jl/collaborators{/collaborator}","teams_url":"https://api.github.com/repos/rigetti/AdmittanceModels.jl/teams","hooks_url":"https://api.github.com/repos/rigetti/AdmittanceModels.jl/hooks","issue_events_url":"https://api.github.com/repos/rigetti/AdmittanceModels.jl/issues/events{/number}","events_url":"https://api.github.com/repos/rigetti/AdmittanceModels.jl/events","assignees_url":"https://api.github.com/repos/rigetti/AdmittanceModels.jl/assignees{/user}","branches_url":"https://api.github.com/repos/rigetti/AdmittanceModels.jl/branches{/branch}","tags_url":"https://api.github.com/repos/rigetti/AdmittanceModels.jl/tags","blobs_url":"https://api.github.com/repos/rigetti/AdmittanceModels.jl/git/blobs{/sha}","git_tags_url":"https://api.github.com/repos/rigetti/AdmittanceModels.jl/git/tags{/sha}","git_refs_url":"https://api.github.com/repos/rigetti/AdmittanceModels.jl/git/refs{/sha}","trees_url":"https://api.github.com/repos/rigetti/AdmittanceModels.jl/git/trees{/sha}","statuses_url":"https://api.github.com/repos/rigetti/AdmittanceModels.jl/statuses/{sha}","languages_url":"https://api.github.com/repos/rigetti/AdmittanceModels.jl/languages","stargazers_url":"https://api.github.com/repos/rigetti/AdmittanceModels.jl/stargazers","contributors_url":"https://api.github.com/repos/rigetti/AdmittanceModels.jl/contributors","subscribers_url":"https://api.github.com/repos/rigetti/AdmittanceModels.jl/subscribers","subscription_url":"https://api.github.com/repos/rigetti/AdmittanceModels.jl/subscription","commits_url":"https://api.github.com/repos/rigetti/AdmittanceModels.jl/commits{/sha}","git_commits_url":"https://api.github.com/repos/rigetti/AdmittanceModels.jl/git/commits{/sha}","comments_url":"https://api.github.com/repos/rigetti/AdmittanceModels.jl/comments{/number}","issue_comment_url":"https://api.github.com/repos/rigetti/AdmittanceModels.jl/issues/comments{/number}","contents_url":"https://api.github.com/repos/rigetti/AdmittanceModels.jl/contents/{+path}","compare_url":"https://api.github.com/repos/rigetti/AdmittanceModels.jl/compare/{base}...{head}","merges_url":"https://api.github.com/repos/rigetti/AdmittanceModels.jl/merges","archive_url":"https://api.github.com/repos/rigetti/AdmittanceModels.jl/{archive_format}{/ref}","downloads_url":"https://api.github.com/repos/rigetti/AdmittanceModels.jl/downloads","issues_url":"https://api.github.com/repos/rigetti/AdmittanceModels.jl/issues{/number}","pulls_url":"https://api.github.com/repos/rigetti/AdmittanceModels.jl/pulls{/number}","milestones_url":"https://api.github.com/repos/rigetti/AdmittanceModels.jl/milestones{/number}","notifications_url":"https://api.github.com/repos/rigetti/AdmittanceModels.jl/notifications{?since,all,participating}","labels_url":"https://api.github.com/repos/rigetti/AdmittanceModels.jl/labels{/name}","releases_url":"https://api.github.com/repos/rigetti/AdmittanceModels.jl/releases{/id}","deployments_url":"https://api.github.com/repos/rigetti/AdmittanceModels.jl/deployments","created_at":"2019-05-14T21:02:15Z","updated_at":"2022-01-03T01:50:21Z","pushed_at":"2020-02-08T14:07:41Z","git_url":"git://github.com/rigetti/AdmittanceModels.jl.git","ssh_url":"git@github.com:rigetti/AdmittanceModels.jl.git","clone_url":"https://github.com/rigetti/AdmittanceModels.jl.git","svn_url":"https://github.com/rigetti/AdmittanceModels.jl","homepage":"","size":508,"stargazers_count":15,"watchers_count":15,"language":"Julia","has_issues":true,"has_projects":true,"has_downloads":true,"has_wiki":true,"has_pages":false,"forks_count":6,"mirror_url":null,"archived":false,"disabled":false,"open_issues_count":8,"license":{"key":"bsd-3-clause","name":"BSD 3-Clause \"New\" or \"Revised\" License","spdx_id":"BSD-3-Clause","url":"https://api.github.com/licenses/bsd-3-clause","node_id":"MDc6TGljZW5zZTU="},"allow_forking":true,"is_template":false,"web_commit_signoff_required":false,"topics":["circuit-analysis","julia","linear-models","scattering-parameters"],"visibility":"public","forks":6,"open_issues":8,"watchers":15,"default_branch":"master","permissions":{"admin":false,"maintain":false,"push":false,"triage":false,"pull":true},"temp_clone_token":"","organization":{"login":"rigetti","id":16469771,"node_id":"MDEyOk9yZ2FuaXphdGlvbjE2NDY5Nzcx","avatar_url":"https://avatars.githubusercontent.com/u/16469771?v=4","gravatar_id":"","url":"https://api.github.com/users/rigetti","html_url":"https://github.com/rigetti","followers_url":"https://api.github.com/users/rigetti/followers","following_url":"https://api.github.com/users/rigetti/following{/other_user}","gists_url":"https://api.github.com/users/rigetti/gists{/gist_id}","starred_url":"https://api.github.com/users/rigetti/starred{/owner}{/repo}","subscriptions_url":"https://api.github.com/users/rigetti/subscriptions","organizations_url":"https://api.github.com/users/rigetti/orgs","repos_url":"https://api.github.com/users/rigetti/repos","events_url":"https://api.github.com/users/rigetti/events{/privacy}","received_events_url":"https://api.github.com/users/rigetti/received_events","type":"Organization","site_admin":false},"network_count":6,"subscribers_count":13}