{"id":296169259,"node_id":"MDEwOlJlcG9zaXRvcnkyOTYxNjkyNTk=","name":"ARMANets.jl","full_name":"tmthyln/ARMANets.jl","private":false,"owner":{"login":"tmthyln","id":32549553,"node_id":"MDQ6VXNlcjMyNTQ5NTUz","avatar_url":"https://avatars.githubusercontent.com/u/32549553?v=4","gravatar_id":"","url":"https://api.github.com/users/tmthyln","html_url":"https://github.com/tmthyln","followers_url":"https://api.github.com/users/tmthyln/followers","following_url":"https://api.github.com/users/tmthyln/following{/other_user}","gists_url":"https://api.github.com/users/tmthyln/gists{/gist_id}","starred_url":"https://api.github.com/users/tmthyln/starred{/owner}{/repo}","subscriptions_url":"https://api.github.com/users/tmthyln/subscriptions","organizations_url":"https://api.github.com/users/tmthyln/orgs","repos_url":"https://api.github.com/users/tmthyln/repos","events_url":"https://api.github.com/users/tmthyln/events{/privacy}","received_events_url":"https://api.github.com/users/tmthyln/received_events","type":"User","site_admin":false},"html_url":"https://github.com/tmthyln/ARMANets.jl","description":"An implementation of ARMA convolutional layers in Julia.","fork":false,"url":"https://api.github.com/repos/tmthyln/ARMANets.jl","forks_url":"https://api.github.com/repos/tmthyln/ARMANets.jl/forks","keys_url":"https://api.github.com/repos/tmthyln/ARMANets.jl/keys{/key_id}","collaborators_url":"https://api.github.com/repos/tmthyln/ARMANets.jl/collaborators{/collaborator}","teams_url":"https://api.github.com/repos/tmthyln/ARMANets.jl/teams","hooks_url":"https://api.github.com/repos/tmthyln/ARMANets.jl/hooks","issue_events_url":"https://api.github.com/repos/tmthyln/ARMANets.jl/issues/events{/number}","events_url":"https://api.github.com/repos/tmthyln/ARMANets.jl/events","assignees_url":"https://api.github.com/repos/tmthyln/ARMANets.jl/assignees{/user}","branches_url":"https://api.github.com/repos/tmthyln/ARMANets.jl/branches{/branch}","tags_url":"https://api.github.com/repos/tmthyln/ARMANets.jl/tags","blobs_url":"https://api.github.com/repos/tmthyln/ARMANets.jl/git/blobs{/sha}","git_tags_url":"https://api.github.com/repos/tmthyln/ARMANets.jl/git/tags{/sha}","git_refs_url":"https://api.github.com/repos/tmthyln/ARMANets.jl/git/refs{/sha}","trees_url":"https://api.github.com/repos/tmthyln/ARMANets.jl/git/trees{/sha}","statuses_url":"https://api.github.com/repos/tmthyln/ARMANets.jl/statuses/{sha}","languages_url":"https://api.github.com/repos/tmthyln/ARMANets.jl/languages","stargazers_url":"https://api.github.com/repos/tmthyln/ARMANets.jl/stargazers","contributors_url":"https://api.github.com/repos/tmthyln/ARMANets.jl/contributors","subscribers_url":"https://api.github.com/repos/tmthyln/ARMANets.jl/subscribers","subscription_url":"https://api.github.com/repos/tmthyln/ARMANets.jl/subscription","commits_url":"https://api.github.com/repos/tmthyln/ARMANets.jl/commits{/sha}","git_commits_url":"https://api.github.com/repos/tmthyln/ARMANets.jl/git/commits{/sha}","comments_url":"https://api.github.com/repos/tmthyln/ARMANets.jl/comments{/number}","issue_comment_url":"https://api.github.com/repos/tmthyln/ARMANets.jl/issues/comments{/number}","contents_url":"https://api.github.com/repos/tmthyln/ARMANets.jl/contents/{+path}","compare_url":"https://api.github.com/repos/tmthyln/ARMANets.jl/compare/{base}...{head}","merges_url":"https://api.github.com/repos/tmthyln/ARMANets.jl/merges","archive_url":"https://api.github.com/repos/tmthyln/ARMANets.jl/{archive_format}{/ref}","downloads_url":"https://api.github.com/repos/tmthyln/ARMANets.jl/downloads","issues_url":"https://api.github.com/repos/tmthyln/ARMANets.jl/issues{/number}","pulls_url":"https://api.github.com/repos/tmthyln/ARMANets.jl/pulls{/number}","milestones_url":"https://api.github.com/repos/tmthyln/ARMANets.jl/milestones{/number}","notifications_url":"https://api.github.com/repos/tmthyln/ARMANets.jl/notifications{?since,all,participating}","labels_url":"https://api.github.com/repos/tmthyln/ARMANets.jl/labels{/name}","releases_url":"https://api.github.com/repos/tmthyln/ARMANets.jl/releases{/id}","deployments_url":"https://api.github.com/repos/tmthyln/ARMANets.jl/deployments","created_at":"2020-09-16T23:27:33Z","updated_at":"2021-03-30T00:10:42Z","pushed_at":"2021-07-01T00:14:45Z","git_url":"git://github.com/tmthyln/ARMANets.jl.git","ssh_url":"git@github.com:tmthyln/ARMANets.jl.git","clone_url":"https://github.com/tmthyln/ARMANets.jl.git","svn_url":"https://github.com/tmthyln/ARMANets.jl","homepage":"https://tmthyln.github.io/ARMANets.jl/latest/","size":161,"stargazers_count":1,"watchers_count":1,"language":"Julia","has_issues":true,"has_projects":false,"has_downloads":true,"has_wiki":false,"has_pages":true,"forks_count":0,"mirror_url":null,"archived":false,"disabled":false,"open_issues_count":1,"license":{"key":"mit","name":"MIT License","spdx_id":"MIT","url":"https://api.github.com/licenses/mit","node_id":"MDc6TGljZW5zZTEz"},"allow_forking":true,"is_template":false,"web_commit_signoff_required":false,"topics":["arma","convolutional-neural-networks","flux","julia","machine-learning"],"visibility":"public","forks":0,"open_issues":1,"watchers":1,"default_branch":"master","permissions":{"admin":false,"maintain":false,"push":false,"triage":false,"pull":true},"temp_clone_token":"","network_count":0,"subscribers_count":2}