{"id":125668809,"node_id":"MDEwOlJlcG9zaXRvcnkxMjU2Njg4MDk=","name":"AndersonMoore.jl","full_name":"es335mathwiz/AndersonMoore.jl","private":false,"owner":{"login":"es335mathwiz","id":142867,"node_id":"MDQ6VXNlcjE0Mjg2Nw==","avatar_url":"https://avatars.githubusercontent.com/u/142867?v=4","gravatar_id":"","url":"https://api.github.com/users/es335mathwiz","html_url":"https://github.com/es335mathwiz","followers_url":"https://api.github.com/users/es335mathwiz/followers","following_url":"https://api.github.com/users/es335mathwiz/following{/other_user}","gists_url":"https://api.github.com/users/es335mathwiz/gists{/gist_id}","starred_url":"https://api.github.com/users/es335mathwiz/starred{/owner}{/repo}","subscriptions_url":"https://api.github.com/users/es335mathwiz/subscriptions","organizations_url":"https://api.github.com/users/es335mathwiz/orgs","repos_url":"https://api.github.com/users/es335mathwiz/repos","events_url":"https://api.github.com/users/es335mathwiz/events{/privacy}","received_events_url":"https://api.github.com/users/es335mathwiz/received_events","type":"User","site_admin":false},"html_url":"https://github.com/es335mathwiz/AndersonMoore.jl","description":"julia implementation of the anderson moore algorithm for solving linear rational expectations models","fork":false,"url":"https://api.github.com/repos/es335mathwiz/AndersonMoore.jl","forks_url":"https://api.github.com/repos/es335mathwiz/AndersonMoore.jl/forks","keys_url":"https://api.github.com/repos/es335mathwiz/AndersonMoore.jl/keys{/key_id}","collaborators_url":"https://api.github.com/repos/es335mathwiz/AndersonMoore.jl/collaborators{/collaborator}","teams_url":"https://api.github.com/repos/es335mathwiz/AndersonMoore.jl/teams","hooks_url":"https://api.github.com/repos/es335mathwiz/AndersonMoore.jl/hooks","issue_events_url":"https://api.github.com/repos/es335mathwiz/AndersonMoore.jl/issues/events{/number}","events_url":"https://api.github.com/repos/es335mathwiz/AndersonMoore.jl/events","assignees_url":"https://api.github.com/repos/es335mathwiz/AndersonMoore.jl/assignees{/user}","branches_url":"https://api.github.com/repos/es335mathwiz/AndersonMoore.jl/branches{/branch}","tags_url":"https://api.github.com/repos/es335mathwiz/AndersonMoore.jl/tags","blobs_url":"https://api.github.com/repos/es335mathwiz/AndersonMoore.jl/git/blobs{/sha}","git_tags_url":"https://api.github.com/repos/es335mathwiz/AndersonMoore.jl/git/tags{/sha}","git_refs_url":"https://api.github.com/repos/es335mathwiz/AndersonMoore.jl/git/refs{/sha}","trees_url":"https://api.github.com/repos/es335mathwiz/AndersonMoore.jl/git/trees{/sha}","statuses_url":"https://api.github.com/repos/es335mathwiz/AndersonMoore.jl/statuses/{sha}","languages_url":"https://api.github.com/repos/es335mathwiz/AndersonMoore.jl/languages","stargazers_url":"https://api.github.com/repos/es335mathwiz/AndersonMoore.jl/stargazers","contributors_url":"https://api.github.com/repos/es335mathwiz/AndersonMoore.jl/contributors","subscribers_url":"https://api.github.com/repos/es335mathwiz/AndersonMoore.jl/subscribers","subscription_url":"https://api.github.com/repos/es335mathwiz/AndersonMoore.jl/subscription","commits_url":"https://api.github.com/repos/es335mathwiz/AndersonMoore.jl/commits{/sha}","git_commits_url":"https://api.github.com/repos/es335mathwiz/AndersonMoore.jl/git/commits{/sha}","comments_url":"https://api.github.com/repos/es335mathwiz/AndersonMoore.jl/comments{/number}","issue_comment_url":"https://api.github.com/repos/es335mathwiz/AndersonMoore.jl/issues/comments{/number}","contents_url":"https://api.github.com/repos/es335mathwiz/AndersonMoore.jl/contents/{+path}","compare_url":"https://api.github.com/repos/es335mathwiz/AndersonMoore.jl/compare/{base}...{head}","merges_url":"https://api.github.com/repos/es335mathwiz/AndersonMoore.jl/merges","archive_url":"https://api.github.com/repos/es335mathwiz/AndersonMoore.jl/{archive_format}{/ref}","downloads_url":"https://api.github.com/repos/es335mathwiz/AndersonMoore.jl/downloads","issues_url":"https://api.github.com/repos/es335mathwiz/AndersonMoore.jl/issues{/number}","pulls_url":"https://api.github.com/repos/es335mathwiz/AndersonMoore.jl/pulls{/number}","milestones_url":"https://api.github.com/repos/es335mathwiz/AndersonMoore.jl/milestones{/number}","notifications_url":"https://api.github.com/repos/es335mathwiz/AndersonMoore.jl/notifications{?since,all,participating}","labels_url":"https://api.github.com/repos/es335mathwiz/AndersonMoore.jl/labels{/name}","releases_url":"https://api.github.com/repos/es335mathwiz/AndersonMoore.jl/releases{/id}","deployments_url":"https://api.github.com/repos/es335mathwiz/AndersonMoore.jl/deployments","created_at":"2018-03-17T21:03:18Z","updated_at":"2018-10-31T22:46:51Z","pushed_at":"2019-05-05T13:01:54Z","git_url":"git://github.com/es335mathwiz/AndersonMoore.jl.git","ssh_url":"git@github.com:es335mathwiz/AndersonMoore.jl.git","clone_url":"https://github.com/es335mathwiz/AndersonMoore.jl.git","svn_url":"https://github.com/es335mathwiz/AndersonMoore.jl","homepage":null,"size":18883,"stargazers_count":0,"watchers_count":0,"language":"Julia","has_issues":true,"has_projects":true,"has_downloads":true,"has_wiki":true,"has_pages":false,"forks_count":4,"mirror_url":null,"archived":false,"disabled":false,"open_issues_count":2,"license":{"key":"other","name":"Other","spdx_id":"NOASSERTION","url":null,"node_id":"MDc6TGljZW5zZTA="},"allow_forking":true,"is_template":false,"web_commit_signoff_required":false,"topics":[],"visibility":"public","forks":4,"open_issues":2,"watchers":0,"default_branch":"develop","permissions":{"admin":false,"maintain":false,"push":false,"triage":false,"pull":true},"temp_clone_token":"","network_count":4,"subscribers_count":3}