{"id":275202510,"node_id":"MDEwOlJlcG9zaXRvcnkyNzUyMDI1MTA=","name":"AlgebraicPetri.jl","full_name":"AlgebraicJulia/AlgebraicPetri.jl","private":false,"owner":{"login":"AlgebraicJulia","id":62577972,"node_id":"MDEyOk9yZ2FuaXphdGlvbjYyNTc3OTcy","avatar_url":"https://avatars.githubusercontent.com/u/62577972?v=4","gravatar_id":"","url":"https://api.github.com/users/AlgebraicJulia","html_url":"https://github.com/AlgebraicJulia","followers_url":"https://api.github.com/users/AlgebraicJulia/followers","following_url":"https://api.github.com/users/AlgebraicJulia/following{/other_user}","gists_url":"https://api.github.com/users/AlgebraicJulia/gists{/gist_id}","starred_url":"https://api.github.com/users/AlgebraicJulia/starred{/owner}{/repo}","subscriptions_url":"https://api.github.com/users/AlgebraicJulia/subscriptions","organizations_url":"https://api.github.com/users/AlgebraicJulia/orgs","repos_url":"https://api.github.com/users/AlgebraicJulia/repos","events_url":"https://api.github.com/users/AlgebraicJulia/events{/privacy}","received_events_url":"https://api.github.com/users/AlgebraicJulia/received_events","type":"Organization","site_admin":false},"html_url":"https://github.com/AlgebraicJulia/AlgebraicPetri.jl","description":"Build Petri net models compositionally","fork":false,"url":"https://api.github.com/repos/AlgebraicJulia/AlgebraicPetri.jl","forks_url":"https://api.github.com/repos/AlgebraicJulia/AlgebraicPetri.jl/forks","keys_url":"https://api.github.com/repos/AlgebraicJulia/AlgebraicPetri.jl/keys{/key_id}","collaborators_url":"https://api.github.com/repos/AlgebraicJulia/AlgebraicPetri.jl/collaborators{/collaborator}","teams_url":"https://api.github.com/repos/AlgebraicJulia/AlgebraicPetri.jl/teams","hooks_url":"https://api.github.com/repos/AlgebraicJulia/AlgebraicPetri.jl/hooks","issue_events_url":"https://api.github.com/repos/AlgebraicJulia/AlgebraicPetri.jl/issues/events{/number}","events_url":"https://api.github.com/repos/AlgebraicJulia/AlgebraicPetri.jl/events","assignees_url":"https://api.github.com/repos/AlgebraicJulia/AlgebraicPetri.jl/assignees{/user}","branches_url":"https://api.github.com/repos/AlgebraicJulia/AlgebraicPetri.jl/branches{/branch}","tags_url":"https://api.github.com/repos/AlgebraicJulia/AlgebraicPetri.jl/tags","blobs_url":"https://api.github.com/repos/AlgebraicJulia/AlgebraicPetri.jl/git/blobs{/sha}","git_tags_url":"https://api.github.com/repos/AlgebraicJulia/AlgebraicPetri.jl/git/tags{/sha}","git_refs_url":"https://api.github.com/repos/AlgebraicJulia/AlgebraicPetri.jl/git/refs{/sha}","trees_url":"https://api.github.com/repos/AlgebraicJulia/AlgebraicPetri.jl/git/trees{/sha}","statuses_url":"https://api.github.com/repos/AlgebraicJulia/AlgebraicPetri.jl/statuses/{sha}","languages_url":"https://api.github.com/repos/AlgebraicJulia/AlgebraicPetri.jl/languages","stargazers_url":"https://api.github.com/repos/AlgebraicJulia/AlgebraicPetri.jl/stargazers","contributors_url":"https://api.github.com/repos/AlgebraicJulia/AlgebraicPetri.jl/contributors","subscribers_url":"https://api.github.com/repos/AlgebraicJulia/AlgebraicPetri.jl/subscribers","subscription_url":"https://api.github.com/repos/AlgebraicJulia/AlgebraicPetri.jl/subscription","commits_url":"https://api.github.com/repos/AlgebraicJulia/AlgebraicPetri.jl/commits{/sha}","git_commits_url":"https://api.github.com/repos/AlgebraicJulia/AlgebraicPetri.jl/git/commits{/sha}","comments_url":"https://api.github.com/repos/AlgebraicJulia/AlgebraicPetri.jl/comments{/number}","issue_comment_url":"https://api.github.com/repos/AlgebraicJulia/AlgebraicPetri.jl/issues/comments{/number}","contents_url":"https://api.github.com/repos/AlgebraicJulia/AlgebraicPetri.jl/contents/{+path}","compare_url":"https://api.github.com/repos/AlgebraicJulia/AlgebraicPetri.jl/compare/{base}...{head}","merges_url":"https://api.github.com/repos/AlgebraicJulia/AlgebraicPetri.jl/merges","archive_url":"https://api.github.com/repos/AlgebraicJulia/AlgebraicPetri.jl/{archive_format}{/ref}","downloads_url":"https://api.github.com/repos/AlgebraicJulia/AlgebraicPetri.jl/downloads","issues_url":"https://api.github.com/repos/AlgebraicJulia/AlgebraicPetri.jl/issues{/number}","pulls_url":"https://api.github.com/repos/AlgebraicJulia/AlgebraicPetri.jl/pulls{/number}","milestones_url":"https://api.github.com/repos/AlgebraicJulia/AlgebraicPetri.jl/milestones{/number}","notifications_url":"https://api.github.com/repos/AlgebraicJulia/AlgebraicPetri.jl/notifications{?since,all,participating}","labels_url":"https://api.github.com/repos/AlgebraicJulia/AlgebraicPetri.jl/labels{/name}","releases_url":"https://api.github.com/repos/AlgebraicJulia/AlgebraicPetri.jl/releases{/id}","deployments_url":"https://api.github.com/repos/AlgebraicJulia/AlgebraicPetri.jl/deployments","created_at":"2020-06-26T16:39:39Z","updated_at":"2022-06-27T19:08:10Z","pushed_at":"2022-05-30T21:42:30Z","git_url":"git://github.com/AlgebraicJulia/AlgebraicPetri.jl.git","ssh_url":"git@github.com:AlgebraicJulia/AlgebraicPetri.jl.git","clone_url":"https://github.com/AlgebraicJulia/AlgebraicPetri.jl.git","svn_url":"https://github.com/AlgebraicJulia/AlgebraicPetri.jl","homepage":"","size":106695,"stargazers_count":47,"watchers_count":47,"language":"Julia","has_issues":true,"has_projects":true,"has_downloads":true,"has_wiki":true,"has_pages":true,"forks_count":9,"mirror_url":null,"archived":false,"disabled":false,"open_issues_count":17,"license":{"key":"mit","name":"MIT License","spdx_id":"MIT","url":"https://api.github.com/licenses/mit","node_id":"MDc6TGljZW5zZTEz"},"allow_forking":true,"is_template":false,"web_commit_signoff_required":false,"topics":["chemistry","epidemiology","math","petri"],"visibility":"public","forks":9,"open_issues":17,"watchers":47,"default_branch":"master","permissions":{"admin":false,"maintain":false,"push":false,"triage":false,"pull":true},"temp_clone_token":"","organization":{"login":"AlgebraicJulia","id":62577972,"node_id":"MDEyOk9yZ2FuaXphdGlvbjYyNTc3OTcy","avatar_url":"https://avatars.githubusercontent.com/u/62577972?v=4","gravatar_id":"","url":"https://api.github.com/users/AlgebraicJulia","html_url":"https://github.com/AlgebraicJulia","followers_url":"https://api.github.com/users/AlgebraicJulia/followers","following_url":"https://api.github.com/users/AlgebraicJulia/following{/other_user}","gists_url":"https://api.github.com/users/AlgebraicJulia/gists{/gist_id}","starred_url":"https://api.github.com/users/AlgebraicJulia/starred{/owner}{/repo}","subscriptions_url":"https://api.github.com/users/AlgebraicJulia/subscriptions","organizations_url":"https://api.github.com/users/AlgebraicJulia/orgs","repos_url":"https://api.github.com/users/AlgebraicJulia/repos","events_url":"https://api.github.com/users/AlgebraicJulia/events{/privacy}","received_events_url":"https://api.github.com/users/AlgebraicJulia/received_events","type":"Organization","site_admin":false},"network_count":9,"subscribers_count":6}