{"id":103613970,"node_id":"MDEwOlJlcG9zaXRvcnkxMDM2MTM5NzA=","name":"AlgebraicMultigrid.jl","full_name":"JuliaLinearAlgebra/AlgebraicMultigrid.jl","private":false,"owner":{"login":"JuliaLinearAlgebra","id":39632249,"node_id":"MDEyOk9yZ2FuaXphdGlvbjM5NjMyMjQ5","avatar_url":"https://avatars.githubusercontent.com/u/39632249?v=4","gravatar_id":"","url":"https://api.github.com/users/JuliaLinearAlgebra","html_url":"https://github.com/JuliaLinearAlgebra","followers_url":"https://api.github.com/users/JuliaLinearAlgebra/followers","following_url":"https://api.github.com/users/JuliaLinearAlgebra/following{/other_user}","gists_url":"https://api.github.com/users/JuliaLinearAlgebra/gists{/gist_id}","starred_url":"https://api.github.com/users/JuliaLinearAlgebra/starred{/owner}{/repo}","subscriptions_url":"https://api.github.com/users/JuliaLinearAlgebra/subscriptions","organizations_url":"https://api.github.com/users/JuliaLinearAlgebra/orgs","repos_url":"https://api.github.com/users/JuliaLinearAlgebra/repos","events_url":"https://api.github.com/users/JuliaLinearAlgebra/events{/privacy}","received_events_url":"https://api.github.com/users/JuliaLinearAlgebra/received_events","type":"Organization","site_admin":false},"html_url":"https://github.com/JuliaLinearAlgebra/AlgebraicMultigrid.jl","description":"Algebraic Multigrid in Julia","fork":false,"url":"https://api.github.com/repos/JuliaLinearAlgebra/AlgebraicMultigrid.jl","forks_url":"https://api.github.com/repos/JuliaLinearAlgebra/AlgebraicMultigrid.jl/forks","keys_url":"https://api.github.com/repos/JuliaLinearAlgebra/AlgebraicMultigrid.jl/keys{/key_id}","collaborators_url":"https://api.github.com/repos/JuliaLinearAlgebra/AlgebraicMultigrid.jl/collaborators{/collaborator}","teams_url":"https://api.github.com/repos/JuliaLinearAlgebra/AlgebraicMultigrid.jl/teams","hooks_url":"https://api.github.com/repos/JuliaLinearAlgebra/AlgebraicMultigrid.jl/hooks","issue_events_url":"https://api.github.com/repos/JuliaLinearAlgebra/AlgebraicMultigrid.jl/issues/events{/number}","events_url":"https://api.github.com/repos/JuliaLinearAlgebra/AlgebraicMultigrid.jl/events","assignees_url":"https://api.github.com/repos/JuliaLinearAlgebra/AlgebraicMultigrid.jl/assignees{/user}","branches_url":"https://api.github.com/repos/JuliaLinearAlgebra/AlgebraicMultigrid.jl/branches{/branch}","tags_url":"https://api.github.com/repos/JuliaLinearAlgebra/AlgebraicMultigrid.jl/tags","blobs_url":"https://api.github.com/repos/JuliaLinearAlgebra/AlgebraicMultigrid.jl/git/blobs{/sha}","git_tags_url":"https://api.github.com/repos/JuliaLinearAlgebra/AlgebraicMultigrid.jl/git/tags{/sha}","git_refs_url":"https://api.github.com/repos/JuliaLinearAlgebra/AlgebraicMultigrid.jl/git/refs{/sha}","trees_url":"https://api.github.com/repos/JuliaLinearAlgebra/AlgebraicMultigrid.jl/git/trees{/sha}","statuses_url":"https://api.github.com/repos/JuliaLinearAlgebra/AlgebraicMultigrid.jl/statuses/{sha}","languages_url":"https://api.github.com/repos/JuliaLinearAlgebra/AlgebraicMultigrid.jl/languages","stargazers_url":"https://api.github.com/repos/JuliaLinearAlgebra/AlgebraicMultigrid.jl/stargazers","contributors_url":"https://api.github.com/repos/JuliaLinearAlgebra/AlgebraicMultigrid.jl/contributors","subscribers_url":"https://api.github.com/repos/JuliaLinearAlgebra/AlgebraicMultigrid.jl/subscribers","subscription_url":"https://api.github.com/repos/JuliaLinearAlgebra/AlgebraicMultigrid.jl/subscription","commits_url":"https://api.github.com/repos/JuliaLinearAlgebra/AlgebraicMultigrid.jl/commits{/sha}","git_commits_url":"https://api.github.com/repos/JuliaLinearAlgebra/AlgebraicMultigrid.jl/git/commits{/sha}","comments_url":"https://api.github.com/repos/JuliaLinearAlgebra/AlgebraicMultigrid.jl/comments{/number}","issue_comment_url":"https://api.github.com/repos/JuliaLinearAlgebra/AlgebraicMultigrid.jl/issues/comments{/number}","contents_url":"https://api.github.com/repos/JuliaLinearAlgebra/AlgebraicMultigrid.jl/contents/{+path}","compare_url":"https://api.github.com/repos/JuliaLinearAlgebra/AlgebraicMultigrid.jl/compare/{base}...{head}","merges_url":"https://api.github.com/repos/JuliaLinearAlgebra/AlgebraicMultigrid.jl/merges","archive_url":"https://api.github.com/repos/JuliaLinearAlgebra/AlgebraicMultigrid.jl/{archive_format}{/ref}","downloads_url":"https://api.github.com/repos/JuliaLinearAlgebra/AlgebraicMultigrid.jl/downloads","issues_url":"https://api.github.com/repos/JuliaLinearAlgebra/AlgebraicMultigrid.jl/issues{/number}","pulls_url":"https://api.github.com/repos/JuliaLinearAlgebra/AlgebraicMultigrid.jl/pulls{/number}","milestones_url":"https://api.github.com/repos/JuliaLinearAlgebra/AlgebraicMultigrid.jl/milestones{/number}","notifications_url":"https://api.github.com/repos/JuliaLinearAlgebra/AlgebraicMultigrid.jl/notifications{?since,all,participating}","labels_url":"https://api.github.com/repos/JuliaLinearAlgebra/AlgebraicMultigrid.jl/labels{/name}","releases_url":"https://api.github.com/repos/JuliaLinearAlgebra/AlgebraicMultigrid.jl/releases{/id}","deployments_url":"https://api.github.com/repos/JuliaLinearAlgebra/AlgebraicMultigrid.jl/deployments","created_at":"2017-09-15T04:30:18Z","updated_at":"2022-06-13T01:27:09Z","pushed_at":"2022-05-08T12:29:41Z","git_url":"git://github.com/JuliaLinearAlgebra/AlgebraicMultigrid.jl.git","ssh_url":"git@github.com:JuliaLinearAlgebra/AlgebraicMultigrid.jl.git","clone_url":"https://github.com/JuliaLinearAlgebra/AlgebraicMultigrid.jl.git","svn_url":"https://github.com/JuliaLinearAlgebra/AlgebraicMultigrid.jl","homepage":"","size":354,"stargazers_count":93,"watchers_count":93,"language":"Julia","has_issues":true,"has_projects":true,"has_downloads":true,"has_wiki":true,"has_pages":false,"forks_count":20,"mirror_url":null,"archived":false,"disabled":false,"open_issues_count":10,"license":{"key":"other","name":"Other","spdx_id":"NOASSERTION","url":null,"node_id":"MDc6TGljZW5zZTA="},"allow_forking":true,"is_template":false,"web_commit_signoff_required":false,"topics":["iterative-methods","julia-language","sparse-linear-systems"],"visibility":"public","forks":20,"open_issues":10,"watchers":93,"default_branch":"master","permissions":{"admin":false,"maintain":false,"push":false,"triage":false,"pull":true},"temp_clone_token":"","organization":{"login":"JuliaLinearAlgebra","id":39632249,"node_id":"MDEyOk9yZ2FuaXphdGlvbjM5NjMyMjQ5","avatar_url":"https://avatars.githubusercontent.com/u/39632249?v=4","gravatar_id":"","url":"https://api.github.com/users/JuliaLinearAlgebra","html_url":"https://github.com/JuliaLinearAlgebra","followers_url":"https://api.github.com/users/JuliaLinearAlgebra/followers","following_url":"https://api.github.com/users/JuliaLinearAlgebra/following{/other_user}","gists_url":"https://api.github.com/users/JuliaLinearAlgebra/gists{/gist_id}","starred_url":"https://api.github.com/users/JuliaLinearAlgebra/starred{/owner}{/repo}","subscriptions_url":"https://api.github.com/users/JuliaLinearAlgebra/subscriptions","organizations_url":"https://api.github.com/users/JuliaLinearAlgebra/orgs","repos_url":"https://api.github.com/users/JuliaLinearAlgebra/repos","events_url":"https://api.github.com/users/JuliaLinearAlgebra/events{/privacy}","received_events_url":"https://api.github.com/users/JuliaLinearAlgebra/received_events","type":"Organization","site_admin":false},"network_count":20,"subscribers_count":4}