{"id":462504189,"node_id":"R_kgDOG5FA_Q","name":"ArrayRotations.jl","full_name":"sadit/ArrayRotations.jl","private":false,"owner":{"login":"sadit","id":653990,"node_id":"MDQ6VXNlcjY1Mzk5MA==","avatar_url":"https://avatars.githubusercontent.com/u/653990?v=4","gravatar_id":"","url":"https://api.github.com/users/sadit","html_url":"https://github.com/sadit","followers_url":"https://api.github.com/users/sadit/followers","following_url":"https://api.github.com/users/sadit/following{/other_user}","gists_url":"https://api.github.com/users/sadit/gists{/gist_id}","starred_url":"https://api.github.com/users/sadit/starred{/owner}{/repo}","subscriptions_url":"https://api.github.com/users/sadit/subscriptions","organizations_url":"https://api.github.com/users/sadit/orgs","repos_url":"https://api.github.com/users/sadit/repos","events_url":"https://api.github.com/users/sadit/events{/privacy}","received_events_url":"https://api.github.com/users/sadit/received_events","type":"User","site_admin":false},"html_url":"https://github.com/sadit/ArrayRotations.jl","description":"Block swapping algorithms (rotations)","fork":false,"url":"https://api.github.com/repos/sadit/ArrayRotations.jl","forks_url":"https://api.github.com/repos/sadit/ArrayRotations.jl/forks","keys_url":"https://api.github.com/repos/sadit/ArrayRotations.jl/keys{/key_id}","collaborators_url":"https://api.github.com/repos/sadit/ArrayRotations.jl/collaborators{/collaborator}","teams_url":"https://api.github.com/repos/sadit/ArrayRotations.jl/teams","hooks_url":"https://api.github.com/repos/sadit/ArrayRotations.jl/hooks","issue_events_url":"https://api.github.com/repos/sadit/ArrayRotations.jl/issues/events{/number}","events_url":"https://api.github.com/repos/sadit/ArrayRotations.jl/events","assignees_url":"https://api.github.com/repos/sadit/ArrayRotations.jl/assignees{/user}","branches_url":"https://api.github.com/repos/sadit/ArrayRotations.jl/branches{/branch}","tags_url":"https://api.github.com/repos/sadit/ArrayRotations.jl/tags","blobs_url":"https://api.github.com/repos/sadit/ArrayRotations.jl/git/blobs{/sha}","git_tags_url":"https://api.github.com/repos/sadit/ArrayRotations.jl/git/tags{/sha}","git_refs_url":"https://api.github.com/repos/sadit/ArrayRotations.jl/git/refs{/sha}","trees_url":"https://api.github.com/repos/sadit/ArrayRotations.jl/git/trees{/sha}","statuses_url":"https://api.github.com/repos/sadit/ArrayRotations.jl/statuses/{sha}","languages_url":"https://api.github.com/repos/sadit/ArrayRotations.jl/languages","stargazers_url":"https://api.github.com/repos/sadit/ArrayRotations.jl/stargazers","contributors_url":"https://api.github.com/repos/sadit/ArrayRotations.jl/contributors","subscribers_url":"https://api.github.com/repos/sadit/ArrayRotations.jl/subscribers","subscription_url":"https://api.github.com/repos/sadit/ArrayRotations.jl/subscription","commits_url":"https://api.github.com/repos/sadit/ArrayRotations.jl/commits{/sha}","git_commits_url":"https://api.github.com/repos/sadit/ArrayRotations.jl/git/commits{/sha}","comments_url":"https://api.github.com/repos/sadit/ArrayRotations.jl/comments{/number}","issue_comment_url":"https://api.github.com/repos/sadit/ArrayRotations.jl/issues/comments{/number}","contents_url":"https://api.github.com/repos/sadit/ArrayRotations.jl/contents/{+path}","compare_url":"https://api.github.com/repos/sadit/ArrayRotations.jl/compare/{base}...{head}","merges_url":"https://api.github.com/repos/sadit/ArrayRotations.jl/merges","archive_url":"https://api.github.com/repos/sadit/ArrayRotations.jl/{archive_format}{/ref}","downloads_url":"https://api.github.com/repos/sadit/ArrayRotations.jl/downloads","issues_url":"https://api.github.com/repos/sadit/ArrayRotations.jl/issues{/number}","pulls_url":"https://api.github.com/repos/sadit/ArrayRotations.jl/pulls{/number}","milestones_url":"https://api.github.com/repos/sadit/ArrayRotations.jl/milestones{/number}","notifications_url":"https://api.github.com/repos/sadit/ArrayRotations.jl/notifications{?since,all,participating}","labels_url":"https://api.github.com/repos/sadit/ArrayRotations.jl/labels{/name}","releases_url":"https://api.github.com/repos/sadit/ArrayRotations.jl/releases{/id}","deployments_url":"https://api.github.com/repos/sadit/ArrayRotations.jl/deployments","created_at":"2022-02-22T23:01:58Z","updated_at":"2022-02-23T00:03:32Z","pushed_at":"2022-02-26T00:17:26Z","git_url":"git://github.com/sadit/ArrayRotations.jl.git","ssh_url":"git@github.com:sadit/ArrayRotations.jl.git","clone_url":"https://github.com/sadit/ArrayRotations.jl.git","svn_url":"https://github.com/sadit/ArrayRotations.jl","homepage":null,"size":8,"stargazers_count":0,"watchers_count":0,"language":"Julia","has_issues":true,"has_projects":true,"has_downloads":true,"has_wiki":true,"has_pages":false,"forks_count":0,"mirror_url":null,"archived":false,"disabled":false,"open_issues_count":0,"license":{"key":"mit","name":"MIT License","spdx_id":"MIT","url":"https://api.github.com/licenses/mit","node_id":"MDc6TGljZW5zZTEz"},"allow_forking":true,"is_template":false,"web_commit_signoff_required":false,"topics":[],"visibility":"public","forks":0,"open_issues":0,"watchers":0,"default_branch":"main","permissions":{"admin":true,"maintain":true,"push":true,"triage":true,"pull":true},"temp_clone_token":"","allow_squash_merge":true,"allow_merge_commit":true,"allow_rebase_merge":true,"allow_auto_merge":false,"delete_branch_on_merge":false,"allow_update_branch":false,"use_squash_pr_title_as_default":false,"network_count":0,"subscribers_count":1}