{"id":487816988,"node_id":"R_kgDOHRN_HA","name":"AcousticFeatures.jl","full_name":"sonosole/AcousticFeatures.jl","private":false,"owner":{"login":"sonosole","id":30993566,"node_id":"MDQ6VXNlcjMwOTkzNTY2","avatar_url":"https://avatars.githubusercontent.com/u/30993566?v=4","gravatar_id":"","url":"https://api.github.com/users/sonosole","html_url":"https://github.com/sonosole","followers_url":"https://api.github.com/users/sonosole/followers","following_url":"https://api.github.com/users/sonosole/following{/other_user}","gists_url":"https://api.github.com/users/sonosole/gists{/gist_id}","starred_url":"https://api.github.com/users/sonosole/starred{/owner}{/repo}","subscriptions_url":"https://api.github.com/users/sonosole/subscriptions","organizations_url":"https://api.github.com/users/sonosole/orgs","repos_url":"https://api.github.com/users/sonosole/repos","events_url":"https://api.github.com/users/sonosole/events{/privacy}","received_events_url":"https://api.github.com/users/sonosole/received_events","type":"User","site_admin":false},"html_url":"https://github.com/sonosole/AcousticFeatures.jl","description":"MFCC/Fbank/LPC/LPCC","fork":false,"url":"https://api.github.com/repos/sonosole/AcousticFeatures.jl","forks_url":"https://api.github.com/repos/sonosole/AcousticFeatures.jl/forks","keys_url":"https://api.github.com/repos/sonosole/AcousticFeatures.jl/keys{/key_id}","collaborators_url":"https://api.github.com/repos/sonosole/AcousticFeatures.jl/collaborators{/collaborator}","teams_url":"https://api.github.com/repos/sonosole/AcousticFeatures.jl/teams","hooks_url":"https://api.github.com/repos/sonosole/AcousticFeatures.jl/hooks","issue_events_url":"https://api.github.com/repos/sonosole/AcousticFeatures.jl/issues/events{/number}","events_url":"https://api.github.com/repos/sonosole/AcousticFeatures.jl/events","assignees_url":"https://api.github.com/repos/sonosole/AcousticFeatures.jl/assignees{/user}","branches_url":"https://api.github.com/repos/sonosole/AcousticFeatures.jl/branches{/branch}","tags_url":"https://api.github.com/repos/sonosole/AcousticFeatures.jl/tags","blobs_url":"https://api.github.com/repos/sonosole/AcousticFeatures.jl/git/blobs{/sha}","git_tags_url":"https://api.github.com/repos/sonosole/AcousticFeatures.jl/git/tags{/sha}","git_refs_url":"https://api.github.com/repos/sonosole/AcousticFeatures.jl/git/refs{/sha}","trees_url":"https://api.github.com/repos/sonosole/AcousticFeatures.jl/git/trees{/sha}","statuses_url":"https://api.github.com/repos/sonosole/AcousticFeatures.jl/statuses/{sha}","languages_url":"https://api.github.com/repos/sonosole/AcousticFeatures.jl/languages","stargazers_url":"https://api.github.com/repos/sonosole/AcousticFeatures.jl/stargazers","contributors_url":"https://api.github.com/repos/sonosole/AcousticFeatures.jl/contributors","subscribers_url":"https://api.github.com/repos/sonosole/AcousticFeatures.jl/subscribers","subscription_url":"https://api.github.com/repos/sonosole/AcousticFeatures.jl/subscription","commits_url":"https://api.github.com/repos/sonosole/AcousticFeatures.jl/commits{/sha}","git_commits_url":"https://api.github.com/repos/sonosole/AcousticFeatures.jl/git/commits{/sha}","comments_url":"https://api.github.com/repos/sonosole/AcousticFeatures.jl/comments{/number}","issue_comment_url":"https://api.github.com/repos/sonosole/AcousticFeatures.jl/issues/comments{/number}","contents_url":"https://api.github.com/repos/sonosole/AcousticFeatures.jl/contents/{+path}","compare_url":"https://api.github.com/repos/sonosole/AcousticFeatures.jl/compare/{base}...{head}","merges_url":"https://api.github.com/repos/sonosole/AcousticFeatures.jl/merges","archive_url":"https://api.github.com/repos/sonosole/AcousticFeatures.jl/{archive_format}{/ref}","downloads_url":"https://api.github.com/repos/sonosole/AcousticFeatures.jl/downloads","issues_url":"https://api.github.com/repos/sonosole/AcousticFeatures.jl/issues{/number}","pulls_url":"https://api.github.com/repos/sonosole/AcousticFeatures.jl/pulls{/number}","milestones_url":"https://api.github.com/repos/sonosole/AcousticFeatures.jl/milestones{/number}","notifications_url":"https://api.github.com/repos/sonosole/AcousticFeatures.jl/notifications{?since,all,participating}","labels_url":"https://api.github.com/repos/sonosole/AcousticFeatures.jl/labels{/name}","releases_url":"https://api.github.com/repos/sonosole/AcousticFeatures.jl/releases{/id}","deployments_url":"https://api.github.com/repos/sonosole/AcousticFeatures.jl/deployments","created_at":"2022-05-02T11:21:11Z","updated_at":"2022-05-02T11:23:29Z","pushed_at":"2022-05-02T16:42:48Z","git_url":"git://github.com/sonosole/AcousticFeatures.jl.git","ssh_url":"git@github.com:sonosole/AcousticFeatures.jl.git","clone_url":"https://github.com/sonosole/AcousticFeatures.jl.git","svn_url":"https://github.com/sonosole/AcousticFeatures.jl","homepage":null,"size":1214,"stargazers_count":0,"watchers_count":0,"language":"Julia","has_issues":true,"has_projects":true,"has_downloads":true,"has_wiki":true,"has_pages":false,"forks_count":0,"mirror_url":null,"archived":false,"disabled":false,"open_issues_count":0,"license":{"key":"mit","name":"MIT License","spdx_id":"MIT","url":"https://api.github.com/licenses/mit","node_id":"MDc6TGljZW5zZTEz"},"allow_forking":true,"is_template":false,"web_commit_signoff_required":false,"topics":[],"visibility":"public","forks":0,"open_issues":0,"watchers":0,"default_branch":"master","permissions":{"admin":false,"maintain":false,"push":false,"triage":false,"pull":true},"temp_clone_token":"","network_count":0,"subscribers_count":1}