{"id":314664423,"node_id":"MDEwOlJlcG9zaXRvcnkzMTQ2NjQ0MjM=","name":"ActorInterfaces.jl","full_name":"JuliaActors/ActorInterfaces.jl","private":false,"owner":{"login":"JuliaActors","id":74127579,"node_id":"MDEyOk9yZ2FuaXphdGlvbjc0MTI3NTc5","avatar_url":"https://avatars.githubusercontent.com/u/74127579?v=4","gravatar_id":"","url":"https://api.github.com/users/JuliaActors","html_url":"https://github.com/JuliaActors","followers_url":"https://api.github.com/users/JuliaActors/followers","following_url":"https://api.github.com/users/JuliaActors/following{/other_user}","gists_url":"https://api.github.com/users/JuliaActors/gists{/gist_id}","starred_url":"https://api.github.com/users/JuliaActors/starred{/owner}{/repo}","subscriptions_url":"https://api.github.com/users/JuliaActors/subscriptions","organizations_url":"https://api.github.com/users/JuliaActors/orgs","repos_url":"https://api.github.com/users/JuliaActors/repos","events_url":"https://api.github.com/users/JuliaActors/events{/privacy}","received_events_url":"https://api.github.com/users/JuliaActors/received_events","type":"Organization","site_admin":false},"html_url":"https://github.com/JuliaActors/ActorInterfaces.jl","description":"A formalisation of the Actor model family in Julia","fork":false,"url":"https://api.github.com/repos/JuliaActors/ActorInterfaces.jl","forks_url":"https://api.github.com/repos/JuliaActors/ActorInterfaces.jl/forks","keys_url":"https://api.github.com/repos/JuliaActors/ActorInterfaces.jl/keys{/key_id}","collaborators_url":"https://api.github.com/repos/JuliaActors/ActorInterfaces.jl/collaborators{/collaborator}","teams_url":"https://api.github.com/repos/JuliaActors/ActorInterfaces.jl/teams","hooks_url":"https://api.github.com/repos/JuliaActors/ActorInterfaces.jl/hooks","issue_events_url":"https://api.github.com/repos/JuliaActors/ActorInterfaces.jl/issues/events{/number}","events_url":"https://api.github.com/repos/JuliaActors/ActorInterfaces.jl/events","assignees_url":"https://api.github.com/repos/JuliaActors/ActorInterfaces.jl/assignees{/user}","branches_url":"https://api.github.com/repos/JuliaActors/ActorInterfaces.jl/branches{/branch}","tags_url":"https://api.github.com/repos/JuliaActors/ActorInterfaces.jl/tags","blobs_url":"https://api.github.com/repos/JuliaActors/ActorInterfaces.jl/git/blobs{/sha}","git_tags_url":"https://api.github.com/repos/JuliaActors/ActorInterfaces.jl/git/tags{/sha}","git_refs_url":"https://api.github.com/repos/JuliaActors/ActorInterfaces.jl/git/refs{/sha}","trees_url":"https://api.github.com/repos/JuliaActors/ActorInterfaces.jl/git/trees{/sha}","statuses_url":"https://api.github.com/repos/JuliaActors/ActorInterfaces.jl/statuses/{sha}","languages_url":"https://api.github.com/repos/JuliaActors/ActorInterfaces.jl/languages","stargazers_url":"https://api.github.com/repos/JuliaActors/ActorInterfaces.jl/stargazers","contributors_url":"https://api.github.com/repos/JuliaActors/ActorInterfaces.jl/contributors","subscribers_url":"https://api.github.com/repos/JuliaActors/ActorInterfaces.jl/subscribers","subscription_url":"https://api.github.com/repos/JuliaActors/ActorInterfaces.jl/subscription","commits_url":"https://api.github.com/repos/JuliaActors/ActorInterfaces.jl/commits{/sha}","git_commits_url":"https://api.github.com/repos/JuliaActors/ActorInterfaces.jl/git/commits{/sha}","comments_url":"https://api.github.com/repos/JuliaActors/ActorInterfaces.jl/comments{/number}","issue_comment_url":"https://api.github.com/repos/JuliaActors/ActorInterfaces.jl/issues/comments{/number}","contents_url":"https://api.github.com/repos/JuliaActors/ActorInterfaces.jl/contents/{+path}","compare_url":"https://api.github.com/repos/JuliaActors/ActorInterfaces.jl/compare/{base}...{head}","merges_url":"https://api.github.com/repos/JuliaActors/ActorInterfaces.jl/merges","archive_url":"https://api.github.com/repos/JuliaActors/ActorInterfaces.jl/{archive_format}{/ref}","downloads_url":"https://api.github.com/repos/JuliaActors/ActorInterfaces.jl/downloads","issues_url":"https://api.github.com/repos/JuliaActors/ActorInterfaces.jl/issues{/number}","pulls_url":"https://api.github.com/repos/JuliaActors/ActorInterfaces.jl/pulls{/number}","milestones_url":"https://api.github.com/repos/JuliaActors/ActorInterfaces.jl/milestones{/number}","notifications_url":"https://api.github.com/repos/JuliaActors/ActorInterfaces.jl/notifications{?since,all,participating}","labels_url":"https://api.github.com/repos/JuliaActors/ActorInterfaces.jl/labels{/name}","releases_url":"https://api.github.com/repos/JuliaActors/ActorInterfaces.jl/releases{/id}","deployments_url":"https://api.github.com/repos/JuliaActors/ActorInterfaces.jl/deployments","created_at":"2020-11-20T20:40:21Z","updated_at":"2022-02-25T13:37:55Z","pushed_at":"2021-02-15T14:55:44Z","git_url":"git://github.com/JuliaActors/ActorInterfaces.jl.git","ssh_url":"git@github.com:JuliaActors/ActorInterfaces.jl.git","clone_url":"https://github.com/JuliaActors/ActorInterfaces.jl.git","svn_url":"https://github.com/JuliaActors/ActorInterfaces.jl","homepage":"","size":140,"stargazers_count":1,"watchers_count":1,"language":"Julia","has_issues":true,"has_projects":true,"has_downloads":true,"has_wiki":true,"has_pages":true,"forks_count":0,"mirror_url":null,"archived":false,"disabled":false,"open_issues_count":0,"license":null,"allow_forking":true,"is_template":false,"web_commit_signoff_required":false,"topics":[],"visibility":"public","forks":0,"open_issues":0,"watchers":1,"default_branch":"main","permissions":{"admin":false,"maintain":false,"push":false,"triage":false,"pull":true},"temp_clone_token":"","organization":{"login":"JuliaActors","id":74127579,"node_id":"MDEyOk9yZ2FuaXphdGlvbjc0MTI3NTc5","avatar_url":"https://avatars.githubusercontent.com/u/74127579?v=4","gravatar_id":"","url":"https://api.github.com/users/JuliaActors","html_url":"https://github.com/JuliaActors","followers_url":"https://api.github.com/users/JuliaActors/followers","following_url":"https://api.github.com/users/JuliaActors/following{/other_user}","gists_url":"https://api.github.com/users/JuliaActors/gists{/gist_id}","starred_url":"https://api.github.com/users/JuliaActors/starred{/owner}{/repo}","subscriptions_url":"https://api.github.com/users/JuliaActors/subscriptions","organizations_url":"https://api.github.com/users/JuliaActors/orgs","repos_url":"https://api.github.com/users/JuliaActors/repos","events_url":"https://api.github.com/users/JuliaActors/events{/privacy}","received_events_url":"https://api.github.com/users/JuliaActors/received_events","type":"Organization","site_admin":false},"network_count":0,"subscribers_count":3}