{"id":297201445,"node_id":"MDEwOlJlcG9zaXRvcnkyOTcyMDE0NDU=","name":"AddPackage.jl","full_name":"mossr/AddPackage.jl","private":false,"owner":{"login":"mossr","id":1592413,"node_id":"MDQ6VXNlcjE1OTI0MTM=","avatar_url":"https://avatars.githubusercontent.com/u/1592413?v=4","gravatar_id":"","url":"https://api.github.com/users/mossr","html_url":"https://github.com/mossr","followers_url":"https://api.github.com/users/mossr/followers","following_url":"https://api.github.com/users/mossr/following{/other_user}","gists_url":"https://api.github.com/users/mossr/gists{/gist_id}","starred_url":"https://api.github.com/users/mossr/starred{/owner}{/repo}","subscriptions_url":"https://api.github.com/users/mossr/subscriptions","organizations_url":"https://api.github.com/users/mossr/orgs","repos_url":"https://api.github.com/users/mossr/repos","events_url":"https://api.github.com/users/mossr/events{/privacy}","received_events_url":"https://api.github.com/users/mossr/received_events","type":"User","site_admin":false},"html_url":"https://github.com/mossr/AddPackage.jl","description":"Julia macro to add missing packages when calling `using Package`","fork":false,"url":"https://api.github.com/repos/mossr/AddPackage.jl","forks_url":"https://api.github.com/repos/mossr/AddPackage.jl/forks","keys_url":"https://api.github.com/repos/mossr/AddPackage.jl/keys{/key_id}","collaborators_url":"https://api.github.com/repos/mossr/AddPackage.jl/collaborators{/collaborator}","teams_url":"https://api.github.com/repos/mossr/AddPackage.jl/teams","hooks_url":"https://api.github.com/repos/mossr/AddPackage.jl/hooks","issue_events_url":"https://api.github.com/repos/mossr/AddPackage.jl/issues/events{/number}","events_url":"https://api.github.com/repos/mossr/AddPackage.jl/events","assignees_url":"https://api.github.com/repos/mossr/AddPackage.jl/assignees{/user}","branches_url":"https://api.github.com/repos/mossr/AddPackage.jl/branches{/branch}","tags_url":"https://api.github.com/repos/mossr/AddPackage.jl/tags","blobs_url":"https://api.github.com/repos/mossr/AddPackage.jl/git/blobs{/sha}","git_tags_url":"https://api.github.com/repos/mossr/AddPackage.jl/git/tags{/sha}","git_refs_url":"https://api.github.com/repos/mossr/AddPackage.jl/git/refs{/sha}","trees_url":"https://api.github.com/repos/mossr/AddPackage.jl/git/trees{/sha}","statuses_url":"https://api.github.com/repos/mossr/AddPackage.jl/statuses/{sha}","languages_url":"https://api.github.com/repos/mossr/AddPackage.jl/languages","stargazers_url":"https://api.github.com/repos/mossr/AddPackage.jl/stargazers","contributors_url":"https://api.github.com/repos/mossr/AddPackage.jl/contributors","subscribers_url":"https://api.github.com/repos/mossr/AddPackage.jl/subscribers","subscription_url":"https://api.github.com/repos/mossr/AddPackage.jl/subscription","commits_url":"https://api.github.com/repos/mossr/AddPackage.jl/commits{/sha}","git_commits_url":"https://api.github.com/repos/mossr/AddPackage.jl/git/commits{/sha}","comments_url":"https://api.github.com/repos/mossr/AddPackage.jl/comments{/number}","issue_comment_url":"https://api.github.com/repos/mossr/AddPackage.jl/issues/comments{/number}","contents_url":"https://api.github.com/repos/mossr/AddPackage.jl/contents/{+path}","compare_url":"https://api.github.com/repos/mossr/AddPackage.jl/compare/{base}...{head}","merges_url":"https://api.github.com/repos/mossr/AddPackage.jl/merges","archive_url":"https://api.github.com/repos/mossr/AddPackage.jl/{archive_format}{/ref}","downloads_url":"https://api.github.com/repos/mossr/AddPackage.jl/downloads","issues_url":"https://api.github.com/repos/mossr/AddPackage.jl/issues{/number}","pulls_url":"https://api.github.com/repos/mossr/AddPackage.jl/pulls{/number}","milestones_url":"https://api.github.com/repos/mossr/AddPackage.jl/milestones{/number}","notifications_url":"https://api.github.com/repos/mossr/AddPackage.jl/notifications{?since,all,participating}","labels_url":"https://api.github.com/repos/mossr/AddPackage.jl/labels{/name}","releases_url":"https://api.github.com/repos/mossr/AddPackage.jl/releases{/id}","deployments_url":"https://api.github.com/repos/mossr/AddPackage.jl/deployments","created_at":"2020-09-21T01:50:50Z","updated_at":"2022-03-07T12:58:39Z","pushed_at":"2020-10-15T07:44:00Z","git_url":"git://github.com/mossr/AddPackage.jl.git","ssh_url":"git@github.com:mossr/AddPackage.jl.git","clone_url":"https://github.com/mossr/AddPackage.jl.git","svn_url":"https://github.com/mossr/AddPackage.jl","homepage":null,"size":5,"stargazers_count":1,"watchers_count":1,"language":"Julia","has_issues":true,"has_projects":true,"has_downloads":true,"has_wiki":true,"has_pages":false,"forks_count":0,"mirror_url":null,"archived":false,"disabled":false,"open_issues_count":0,"license":null,"allow_forking":true,"is_template":false,"web_commit_signoff_required":false,"topics":[],"visibility":"public","forks":0,"open_issues":0,"watchers":1,"default_branch":"master","permissions":{"admin":false,"maintain":false,"push":false,"triage":false,"pull":true},"temp_clone_token":"","network_count":0,"subscribers_count":2}