{"id":271951412,"node_id":"MDEwOlJlcG9zaXRvcnkyNzE5NTE0MTI=","name":"AbInitioSoftwareBase.jl","full_name":"MineralsCloud/AbInitioSoftwareBase.jl","private":false,"owner":{"login":"MineralsCloud","id":38672717,"node_id":"MDEyOk9yZ2FuaXphdGlvbjM4NjcyNzE3","avatar_url":"https://avatars.githubusercontent.com/u/38672717?v=4","gravatar_id":"","url":"https://api.github.com/users/MineralsCloud","html_url":"https://github.com/MineralsCloud","followers_url":"https://api.github.com/users/MineralsCloud/followers","following_url":"https://api.github.com/users/MineralsCloud/following{/other_user}","gists_url":"https://api.github.com/users/MineralsCloud/gists{/gist_id}","starred_url":"https://api.github.com/users/MineralsCloud/starred{/owner}{/repo}","subscriptions_url":"https://api.github.com/users/MineralsCloud/subscriptions","organizations_url":"https://api.github.com/users/MineralsCloud/orgs","repos_url":"https://api.github.com/users/MineralsCloud/repos","events_url":"https://api.github.com/users/MineralsCloud/events{/privacy}","received_events_url":"https://api.github.com/users/MineralsCloud/received_events","type":"Organization","site_admin":false},"html_url":"https://github.com/MineralsCloud/AbInitioSoftwareBase.jl","description":"Provides a common API that shared by some ab initio software","fork":false,"url":"https://api.github.com/repos/MineralsCloud/AbInitioSoftwareBase.jl","forks_url":"https://api.github.com/repos/MineralsCloud/AbInitioSoftwareBase.jl/forks","keys_url":"https://api.github.com/repos/MineralsCloud/AbInitioSoftwareBase.jl/keys{/key_id}","collaborators_url":"https://api.github.com/repos/MineralsCloud/AbInitioSoftwareBase.jl/collaborators{/collaborator}","teams_url":"https://api.github.com/repos/MineralsCloud/AbInitioSoftwareBase.jl/teams","hooks_url":"https://api.github.com/repos/MineralsCloud/AbInitioSoftwareBase.jl/hooks","issue_events_url":"https://api.github.com/repos/MineralsCloud/AbInitioSoftwareBase.jl/issues/events{/number}","events_url":"https://api.github.com/repos/MineralsCloud/AbInitioSoftwareBase.jl/events","assignees_url":"https://api.github.com/repos/MineralsCloud/AbInitioSoftwareBase.jl/assignees{/user}","branches_url":"https://api.github.com/repos/MineralsCloud/AbInitioSoftwareBase.jl/branches{/branch}","tags_url":"https://api.github.com/repos/MineralsCloud/AbInitioSoftwareBase.jl/tags","blobs_url":"https://api.github.com/repos/MineralsCloud/AbInitioSoftwareBase.jl/git/blobs{/sha}","git_tags_url":"https://api.github.com/repos/MineralsCloud/AbInitioSoftwareBase.jl/git/tags{/sha}","git_refs_url":"https://api.github.com/repos/MineralsCloud/AbInitioSoftwareBase.jl/git/refs{/sha}","trees_url":"https://api.github.com/repos/MineralsCloud/AbInitioSoftwareBase.jl/git/trees{/sha}","statuses_url":"https://api.github.com/repos/MineralsCloud/AbInitioSoftwareBase.jl/statuses/{sha}","languages_url":"https://api.github.com/repos/MineralsCloud/AbInitioSoftwareBase.jl/languages","stargazers_url":"https://api.github.com/repos/MineralsCloud/AbInitioSoftwareBase.jl/stargazers","contributors_url":"https://api.github.com/repos/MineralsCloud/AbInitioSoftwareBase.jl/contributors","subscribers_url":"https://api.github.com/repos/MineralsCloud/AbInitioSoftwareBase.jl/subscribers","subscription_url":"https://api.github.com/repos/MineralsCloud/AbInitioSoftwareBase.jl/subscription","commits_url":"https://api.github.com/repos/MineralsCloud/AbInitioSoftwareBase.jl/commits{/sha}","git_commits_url":"https://api.github.com/repos/MineralsCloud/AbInitioSoftwareBase.jl/git/commits{/sha}","comments_url":"https://api.github.com/repos/MineralsCloud/AbInitioSoftwareBase.jl/comments{/number}","issue_comment_url":"https://api.github.com/repos/MineralsCloud/AbInitioSoftwareBase.jl/issues/comments{/number}","contents_url":"https://api.github.com/repos/MineralsCloud/AbInitioSoftwareBase.jl/contents/{+path}","compare_url":"https://api.github.com/repos/MineralsCloud/AbInitioSoftwareBase.jl/compare/{base}...{head}","merges_url":"https://api.github.com/repos/MineralsCloud/AbInitioSoftwareBase.jl/merges","archive_url":"https://api.github.com/repos/MineralsCloud/AbInitioSoftwareBase.jl/{archive_format}{/ref}","downloads_url":"https://api.github.com/repos/MineralsCloud/AbInitioSoftwareBase.jl/downloads","issues_url":"https://api.github.com/repos/MineralsCloud/AbInitioSoftwareBase.jl/issues{/number}","pulls_url":"https://api.github.com/repos/MineralsCloud/AbInitioSoftwareBase.jl/pulls{/number}","milestones_url":"https://api.github.com/repos/MineralsCloud/AbInitioSoftwareBase.jl/milestones{/number}","notifications_url":"https://api.github.com/repos/MineralsCloud/AbInitioSoftwareBase.jl/notifications{?since,all,participating}","labels_url":"https://api.github.com/repos/MineralsCloud/AbInitioSoftwareBase.jl/labels{/name}","releases_url":"https://api.github.com/repos/MineralsCloud/AbInitioSoftwareBase.jl/releases{/id}","deployments_url":"https://api.github.com/repos/MineralsCloud/AbInitioSoftwareBase.jl/deployments","created_at":"2020-06-13T06:08:30Z","updated_at":"2021-10-31T05:05:14Z","pushed_at":"2022-06-09T00:07:16Z","git_url":"git://github.com/MineralsCloud/AbInitioSoftwareBase.jl.git","ssh_url":"git@github.com:MineralsCloud/AbInitioSoftwareBase.jl.git","clone_url":"https://github.com/MineralsCloud/AbInitioSoftwareBase.jl.git","svn_url":"https://github.com/MineralsCloud/AbInitioSoftwareBase.jl","homepage":"https://mineralscloud.github.io/AbInitioSoftwareBase.jl/","size":830,"stargazers_count":2,"watchers_count":2,"language":"Julia","has_issues":true,"has_projects":true,"has_downloads":true,"has_wiki":true,"has_pages":true,"forks_count":1,"mirror_url":null,"archived":false,"disabled":false,"open_issues_count":1,"license":{"key":"mit","name":"MIT License","spdx_id":"MIT","url":"https://api.github.com/licenses/mit","node_id":"MDc6TGljZW5zZTEz"},"allow_forking":true,"is_template":false,"web_commit_signoff_required":false,"topics":["abinitio-simulations","commands","julia-package"],"visibility":"public","forks":1,"open_issues":1,"watchers":2,"default_branch":"master","permissions":{"admin":false,"maintain":false,"push":false,"triage":false,"pull":true},"temp_clone_token":"","organization":{"login":"MineralsCloud","id":38672717,"node_id":"MDEyOk9yZ2FuaXphdGlvbjM4NjcyNzE3","avatar_url":"https://avatars.githubusercontent.com/u/38672717?v=4","gravatar_id":"","url":"https://api.github.com/users/MineralsCloud","html_url":"https://github.com/MineralsCloud","followers_url":"https://api.github.com/users/MineralsCloud/followers","following_url":"https://api.github.com/users/MineralsCloud/following{/other_user}","gists_url":"https://api.github.com/users/MineralsCloud/gists{/gist_id}","starred_url":"https://api.github.com/users/MineralsCloud/starred{/owner}{/repo}","subscriptions_url":"https://api.github.com/users/MineralsCloud/subscriptions","organizations_url":"https://api.github.com/users/MineralsCloud/orgs","repos_url":"https://api.github.com/users/MineralsCloud/repos","events_url":"https://api.github.com/users/MineralsCloud/events{/privacy}","received_events_url":"https://api.github.com/users/MineralsCloud/received_events","type":"Organization","site_admin":false},"network_count":1,"subscribers_count":1}