{"id":108592374,"node_id":"MDEwOlJlcG9zaXRvcnkxMDg1OTIzNzQ=","name":"AMDGPUnative.jl","full_name":"JuliaGPU/AMDGPUnative.jl","private":false,"owner":{"login":"JuliaGPU","id":7346142,"node_id":"MDEyOk9yZ2FuaXphdGlvbjczNDYxNDI=","avatar_url":"https://avatars.githubusercontent.com/u/7346142?v=4","gravatar_id":"","url":"https://api.github.com/users/JuliaGPU","html_url":"https://github.com/JuliaGPU","followers_url":"https://api.github.com/users/JuliaGPU/followers","following_url":"https://api.github.com/users/JuliaGPU/following{/other_user}","gists_url":"https://api.github.com/users/JuliaGPU/gists{/gist_id}","starred_url":"https://api.github.com/users/JuliaGPU/starred{/owner}{/repo}","subscriptions_url":"https://api.github.com/users/JuliaGPU/subscriptions","organizations_url":"https://api.github.com/users/JuliaGPU/orgs","repos_url":"https://api.github.com/users/JuliaGPU/repos","events_url":"https://api.github.com/users/JuliaGPU/events{/privacy}","received_events_url":"https://api.github.com/users/JuliaGPU/received_events","type":"Organization","site_admin":false},"html_url":"https://github.com/JuliaGPU/AMDGPUnative.jl","description":"Julia interface to AMD/Radeon GPUs","fork":false,"url":"https://api.github.com/repos/JuliaGPU/AMDGPUnative.jl","forks_url":"https://api.github.com/repos/JuliaGPU/AMDGPUnative.jl/forks","keys_url":"https://api.github.com/repos/JuliaGPU/AMDGPUnative.jl/keys{/key_id}","collaborators_url":"https://api.github.com/repos/JuliaGPU/AMDGPUnative.jl/collaborators{/collaborator}","teams_url":"https://api.github.com/repos/JuliaGPU/AMDGPUnative.jl/teams","hooks_url":"https://api.github.com/repos/JuliaGPU/AMDGPUnative.jl/hooks","issue_events_url":"https://api.github.com/repos/JuliaGPU/AMDGPUnative.jl/issues/events{/number}","events_url":"https://api.github.com/repos/JuliaGPU/AMDGPUnative.jl/events","assignees_url":"https://api.github.com/repos/JuliaGPU/AMDGPUnative.jl/assignees{/user}","branches_url":"https://api.github.com/repos/JuliaGPU/AMDGPUnative.jl/branches{/branch}","tags_url":"https://api.github.com/repos/JuliaGPU/AMDGPUnative.jl/tags","blobs_url":"https://api.github.com/repos/JuliaGPU/AMDGPUnative.jl/git/blobs{/sha}","git_tags_url":"https://api.github.com/repos/JuliaGPU/AMDGPUnative.jl/git/tags{/sha}","git_refs_url":"https://api.github.com/repos/JuliaGPU/AMDGPUnative.jl/git/refs{/sha}","trees_url":"https://api.github.com/repos/JuliaGPU/AMDGPUnative.jl/git/trees{/sha}","statuses_url":"https://api.github.com/repos/JuliaGPU/AMDGPUnative.jl/statuses/{sha}","languages_url":"https://api.github.com/repos/JuliaGPU/AMDGPUnative.jl/languages","stargazers_url":"https://api.github.com/repos/JuliaGPU/AMDGPUnative.jl/stargazers","contributors_url":"https://api.github.com/repos/JuliaGPU/AMDGPUnative.jl/contributors","subscribers_url":"https://api.github.com/repos/JuliaGPU/AMDGPUnative.jl/subscribers","subscription_url":"https://api.github.com/repos/JuliaGPU/AMDGPUnative.jl/subscription","commits_url":"https://api.github.com/repos/JuliaGPU/AMDGPUnative.jl/commits{/sha}","git_commits_url":"https://api.github.com/repos/JuliaGPU/AMDGPUnative.jl/git/commits{/sha}","comments_url":"https://api.github.com/repos/JuliaGPU/AMDGPUnative.jl/comments{/number}","issue_comment_url":"https://api.github.com/repos/JuliaGPU/AMDGPUnative.jl/issues/comments{/number}","contents_url":"https://api.github.com/repos/JuliaGPU/AMDGPUnative.jl/contents/{+path}","compare_url":"https://api.github.com/repos/JuliaGPU/AMDGPUnative.jl/compare/{base}...{head}","merges_url":"https://api.github.com/repos/JuliaGPU/AMDGPUnative.jl/merges","archive_url":"https://api.github.com/repos/JuliaGPU/AMDGPUnative.jl/{archive_format}{/ref}","downloads_url":"https://api.github.com/repos/JuliaGPU/AMDGPUnative.jl/downloads","issues_url":"https://api.github.com/repos/JuliaGPU/AMDGPUnative.jl/issues{/number}","pulls_url":"https://api.github.com/repos/JuliaGPU/AMDGPUnative.jl/pulls{/number}","milestones_url":"https://api.github.com/repos/JuliaGPU/AMDGPUnative.jl/milestones{/number}","notifications_url":"https://api.github.com/repos/JuliaGPU/AMDGPUnative.jl/notifications{?since,all,participating}","labels_url":"https://api.github.com/repos/JuliaGPU/AMDGPUnative.jl/labels{/name}","releases_url":"https://api.github.com/repos/JuliaGPU/AMDGPUnative.jl/releases{/id}","deployments_url":"https://api.github.com/repos/JuliaGPU/AMDGPUnative.jl/deployments","created_at":"2017-10-27T20:24:10Z","updated_at":"2022-01-11T06:14:30Z","pushed_at":"2020-08-13T18:25:33Z","git_url":"git://github.com/JuliaGPU/AMDGPUnative.jl.git","ssh_url":"git@github.com:JuliaGPU/AMDGPUnative.jl.git","clone_url":"https://github.com/JuliaGPU/AMDGPUnative.jl.git","svn_url":"https://github.com/JuliaGPU/AMDGPUnative.jl","homepage":"","size":298,"stargazers_count":57,"watchers_count":57,"language":"Julia","has_issues":true,"has_projects":true,"has_downloads":true,"has_wiki":true,"has_pages":false,"forks_count":4,"mirror_url":null,"archived":true,"disabled":false,"open_issues_count":3,"license":{"key":"other","name":"Other","spdx_id":"NOASSERTION","url":null,"node_id":"MDc6TGljZW5zZTA="},"allow_forking":true,"is_template":false,"web_commit_signoff_required":false,"topics":[],"visibility":"public","forks":4,"open_issues":3,"watchers":57,"default_branch":"master","permissions":{"admin":false,"maintain":false,"push":false,"triage":false,"pull":true},"temp_clone_token":"","organization":{"login":"JuliaGPU","id":7346142,"node_id":"MDEyOk9yZ2FuaXphdGlvbjczNDYxNDI=","avatar_url":"https://avatars.githubusercontent.com/u/7346142?v=4","gravatar_id":"","url":"https://api.github.com/users/JuliaGPU","html_url":"https://github.com/JuliaGPU","followers_url":"https://api.github.com/users/JuliaGPU/followers","following_url":"https://api.github.com/users/JuliaGPU/following{/other_user}","gists_url":"https://api.github.com/users/JuliaGPU/gists{/gist_id}","starred_url":"https://api.github.com/users/JuliaGPU/starred{/owner}{/repo}","subscriptions_url":"https://api.github.com/users/JuliaGPU/subscriptions","organizations_url":"https://api.github.com/users/JuliaGPU/orgs","repos_url":"https://api.github.com/users/JuliaGPU/repos","events_url":"https://api.github.com/users/JuliaGPU/events{/privacy}","received_events_url":"https://api.github.com/users/JuliaGPU/received_events","type":"Organization","site_admin":false},"network_count":4,"subscribers_count":13}