{"id":173426240,"node_id":"MDEwOlJlcG9zaXRvcnkxNzM0MjYyNDA=","name":"Absynth.jl","full_name":"ahumenberger/Absynth.jl","private":false,"owner":{"login":"ahumenberger","id":2736221,"node_id":"MDQ6VXNlcjI3MzYyMjE=","avatar_url":"https://avatars.githubusercontent.com/u/2736221?v=4","gravatar_id":"","url":"https://api.github.com/users/ahumenberger","html_url":"https://github.com/ahumenberger","followers_url":"https://api.github.com/users/ahumenberger/followers","following_url":"https://api.github.com/users/ahumenberger/following{/other_user}","gists_url":"https://api.github.com/users/ahumenberger/gists{/gist_id}","starred_url":"https://api.github.com/users/ahumenberger/starred{/owner}{/repo}","subscriptions_url":"https://api.github.com/users/ahumenberger/subscriptions","organizations_url":"https://api.github.com/users/ahumenberger/orgs","repos_url":"https://api.github.com/users/ahumenberger/repos","events_url":"https://api.github.com/users/ahumenberger/events{/privacy}","received_events_url":"https://api.github.com/users/ahumenberger/received_events","type":"User","site_admin":false},"html_url":"https://github.com/ahumenberger/Absynth.jl","description":"A Julia package for loop synthesis","fork":false,"url":"https://api.github.com/repos/ahumenberger/Absynth.jl","forks_url":"https://api.github.com/repos/ahumenberger/Absynth.jl/forks","keys_url":"https://api.github.com/repos/ahumenberger/Absynth.jl/keys{/key_id}","collaborators_url":"https://api.github.com/repos/ahumenberger/Absynth.jl/collaborators{/collaborator}","teams_url":"https://api.github.com/repos/ahumenberger/Absynth.jl/teams","hooks_url":"https://api.github.com/repos/ahumenberger/Absynth.jl/hooks","issue_events_url":"https://api.github.com/repos/ahumenberger/Absynth.jl/issues/events{/number}","events_url":"https://api.github.com/repos/ahumenberger/Absynth.jl/events","assignees_url":"https://api.github.com/repos/ahumenberger/Absynth.jl/assignees{/user}","branches_url":"https://api.github.com/repos/ahumenberger/Absynth.jl/branches{/branch}","tags_url":"https://api.github.com/repos/ahumenberger/Absynth.jl/tags","blobs_url":"https://api.github.com/repos/ahumenberger/Absynth.jl/git/blobs{/sha}","git_tags_url":"https://api.github.com/repos/ahumenberger/Absynth.jl/git/tags{/sha}","git_refs_url":"https://api.github.com/repos/ahumenberger/Absynth.jl/git/refs{/sha}","trees_url":"https://api.github.com/repos/ahumenberger/Absynth.jl/git/trees{/sha}","statuses_url":"https://api.github.com/repos/ahumenberger/Absynth.jl/statuses/{sha}","languages_url":"https://api.github.com/repos/ahumenberger/Absynth.jl/languages","stargazers_url":"https://api.github.com/repos/ahumenberger/Absynth.jl/stargazers","contributors_url":"https://api.github.com/repos/ahumenberger/Absynth.jl/contributors","subscribers_url":"https://api.github.com/repos/ahumenberger/Absynth.jl/subscribers","subscription_url":"https://api.github.com/repos/ahumenberger/Absynth.jl/subscription","commits_url":"https://api.github.com/repos/ahumenberger/Absynth.jl/commits{/sha}","git_commits_url":"https://api.github.com/repos/ahumenberger/Absynth.jl/git/commits{/sha}","comments_url":"https://api.github.com/repos/ahumenberger/Absynth.jl/comments{/number}","issue_comment_url":"https://api.github.com/repos/ahumenberger/Absynth.jl/issues/comments{/number}","contents_url":"https://api.github.com/repos/ahumenberger/Absynth.jl/contents/{+path}","compare_url":"https://api.github.com/repos/ahumenberger/Absynth.jl/compare/{base}...{head}","merges_url":"https://api.github.com/repos/ahumenberger/Absynth.jl/merges","archive_url":"https://api.github.com/repos/ahumenberger/Absynth.jl/{archive_format}{/ref}","downloads_url":"https://api.github.com/repos/ahumenberger/Absynth.jl/downloads","issues_url":"https://api.github.com/repos/ahumenberger/Absynth.jl/issues{/number}","pulls_url":"https://api.github.com/repos/ahumenberger/Absynth.jl/pulls{/number}","milestones_url":"https://api.github.com/repos/ahumenberger/Absynth.jl/milestones{/number}","notifications_url":"https://api.github.com/repos/ahumenberger/Absynth.jl/notifications{?since,all,participating}","labels_url":"https://api.github.com/repos/ahumenberger/Absynth.jl/labels{/name}","releases_url":"https://api.github.com/repos/ahumenberger/Absynth.jl/releases{/id}","deployments_url":"https://api.github.com/repos/ahumenberger/Absynth.jl/deployments","created_at":"2019-03-02T09:04:24Z","updated_at":"2022-05-17T02:03:33Z","pushed_at":"2022-06-10T12:59:25Z","git_url":"git://github.com/ahumenberger/Absynth.jl.git","ssh_url":"git@github.com:ahumenberger/Absynth.jl.git","clone_url":"https://github.com/ahumenberger/Absynth.jl.git","svn_url":"https://github.com/ahumenberger/Absynth.jl","homepage":"","size":338,"stargazers_count":7,"watchers_count":7,"language":"Julia","has_issues":true,"has_projects":true,"has_downloads":true,"has_wiki":true,"has_pages":false,"forks_count":2,"mirror_url":null,"archived":false,"disabled":false,"open_issues_count":2,"license":{"key":"mit","name":"MIT License","spdx_id":"MIT","url":"https://api.github.com/licenses/mit","node_id":"MDc6TGljZW5zZTEz"},"allow_forking":true,"is_template":false,"web_commit_signoff_required":false,"topics":[],"visibility":"public","forks":2,"open_issues":2,"watchers":7,"default_branch":"master","permissions":{"admin":false,"maintain":false,"push":false,"triage":false,"pull":true},"temp_clone_token":"","network_count":2,"subscribers_count":1}