{"id":473316713,"node_id":"R_kgDOHDY9aQ","name":"Anneal.jl","full_name":"psrenergy/Anneal.jl","private":false,"owner":{"login":"psrenergy","id":49075081,"node_id":"MDEyOk9yZ2FuaXphdGlvbjQ5MDc1MDgx","avatar_url":"https://avatars.githubusercontent.com/u/49075081?v=4","gravatar_id":"","url":"https://api.github.com/users/psrenergy","html_url":"https://github.com/psrenergy","followers_url":"https://api.github.com/users/psrenergy/followers","following_url":"https://api.github.com/users/psrenergy/following{/other_user}","gists_url":"https://api.github.com/users/psrenergy/gists{/gist_id}","starred_url":"https://api.github.com/users/psrenergy/starred{/owner}{/repo}","subscriptions_url":"https://api.github.com/users/psrenergy/subscriptions","organizations_url":"https://api.github.com/users/psrenergy/orgs","repos_url":"https://api.github.com/users/psrenergy/repos","events_url":"https://api.github.com/users/psrenergy/events{/privacy}","received_events_url":"https://api.github.com/users/psrenergy/received_events","type":"Organization","site_admin":false},"html_url":"https://github.com/psrenergy/Anneal.jl","description":"QUBO Annealing & Sampling MOI Interfaces","fork":false,"url":"https://api.github.com/repos/psrenergy/Anneal.jl","forks_url":"https://api.github.com/repos/psrenergy/Anneal.jl/forks","keys_url":"https://api.github.com/repos/psrenergy/Anneal.jl/keys{/key_id}","collaborators_url":"https://api.github.com/repos/psrenergy/Anneal.jl/collaborators{/collaborator}","teams_url":"https://api.github.com/repos/psrenergy/Anneal.jl/teams","hooks_url":"https://api.github.com/repos/psrenergy/Anneal.jl/hooks","issue_events_url":"https://api.github.com/repos/psrenergy/Anneal.jl/issues/events{/number}","events_url":"https://api.github.com/repos/psrenergy/Anneal.jl/events","assignees_url":"https://api.github.com/repos/psrenergy/Anneal.jl/assignees{/user}","branches_url":"https://api.github.com/repos/psrenergy/Anneal.jl/branches{/branch}","tags_url":"https://api.github.com/repos/psrenergy/Anneal.jl/tags","blobs_url":"https://api.github.com/repos/psrenergy/Anneal.jl/git/blobs{/sha}","git_tags_url":"https://api.github.com/repos/psrenergy/Anneal.jl/git/tags{/sha}","git_refs_url":"https://api.github.com/repos/psrenergy/Anneal.jl/git/refs{/sha}","trees_url":"https://api.github.com/repos/psrenergy/Anneal.jl/git/trees{/sha}","statuses_url":"https://api.github.com/repos/psrenergy/Anneal.jl/statuses/{sha}","languages_url":"https://api.github.com/repos/psrenergy/Anneal.jl/languages","stargazers_url":"https://api.github.com/repos/psrenergy/Anneal.jl/stargazers","contributors_url":"https://api.github.com/repos/psrenergy/Anneal.jl/contributors","subscribers_url":"https://api.github.com/repos/psrenergy/Anneal.jl/subscribers","subscription_url":"https://api.github.com/repos/psrenergy/Anneal.jl/subscription","commits_url":"https://api.github.com/repos/psrenergy/Anneal.jl/commits{/sha}","git_commits_url":"https://api.github.com/repos/psrenergy/Anneal.jl/git/commits{/sha}","comments_url":"https://api.github.com/repos/psrenergy/Anneal.jl/comments{/number}","issue_comment_url":"https://api.github.com/repos/psrenergy/Anneal.jl/issues/comments{/number}","contents_url":"https://api.github.com/repos/psrenergy/Anneal.jl/contents/{+path}","compare_url":"https://api.github.com/repos/psrenergy/Anneal.jl/compare/{base}...{head}","merges_url":"https://api.github.com/repos/psrenergy/Anneal.jl/merges","archive_url":"https://api.github.com/repos/psrenergy/Anneal.jl/{archive_format}{/ref}","downloads_url":"https://api.github.com/repos/psrenergy/Anneal.jl/downloads","issues_url":"https://api.github.com/repos/psrenergy/Anneal.jl/issues{/number}","pulls_url":"https://api.github.com/repos/psrenergy/Anneal.jl/pulls{/number}","milestones_url":"https://api.github.com/repos/psrenergy/Anneal.jl/milestones{/number}","notifications_url":"https://api.github.com/repos/psrenergy/Anneal.jl/notifications{?since,all,participating}","labels_url":"https://api.github.com/repos/psrenergy/Anneal.jl/labels{/name}","releases_url":"https://api.github.com/repos/psrenergy/Anneal.jl/releases{/id}","deployments_url":"https://api.github.com/repos/psrenergy/Anneal.jl/deployments","created_at":"2022-03-23T18:43:55Z","updated_at":"2022-06-24T01:14:11Z","pushed_at":"2022-06-25T01:51:08Z","git_url":"git://github.com/psrenergy/Anneal.jl.git","ssh_url":"git@github.com:psrenergy/Anneal.jl.git","clone_url":"https://github.com/psrenergy/Anneal.jl.git","svn_url":"https://github.com/psrenergy/Anneal.jl","homepage":"https://psrenergy.github.io/Anneal.jl","size":184,"stargazers_count":8,"watchers_count":8,"language":"Julia","has_issues":true,"has_projects":true,"has_downloads":true,"has_wiki":true,"has_pages":true,"forks_count":0,"mirror_url":null,"archived":false,"disabled":false,"open_issues_count":7,"license":{"key":"other","name":"Other","spdx_id":"NOASSERTION","url":null,"node_id":"MDc6TGljZW5zZTA="},"allow_forking":true,"is_template":false,"web_commit_signoff_required":false,"topics":["annealing","julia","jump","optimization","quantum-computing","qubo"],"visibility":"public","forks":0,"open_issues":7,"watchers":8,"default_branch":"master","permissions":{"admin":false,"maintain":false,"push":false,"triage":false,"pull":true},"temp_clone_token":"","organization":{"login":"psrenergy","id":49075081,"node_id":"MDEyOk9yZ2FuaXphdGlvbjQ5MDc1MDgx","avatar_url":"https://avatars.githubusercontent.com/u/49075081?v=4","gravatar_id":"","url":"https://api.github.com/users/psrenergy","html_url":"https://github.com/psrenergy","followers_url":"https://api.github.com/users/psrenergy/followers","following_url":"https://api.github.com/users/psrenergy/following{/other_user}","gists_url":"https://api.github.com/users/psrenergy/gists{/gist_id}","starred_url":"https://api.github.com/users/psrenergy/starred{/owner}{/repo}","subscriptions_url":"https://api.github.com/users/psrenergy/subscriptions","organizations_url":"https://api.github.com/users/psrenergy/orgs","repos_url":"https://api.github.com/users/psrenergy/repos","events_url":"https://api.github.com/users/psrenergy/events{/privacy}","received_events_url":"https://api.github.com/users/psrenergy/received_events","type":"Organization","site_admin":false},"network_count":0,"subscribers_count":4}