{"id":261450153,"node_id":"MDEwOlJlcG9zaXRvcnkyNjE0NTAxNTM=","name":"AppliSales.jl","full_name":"rbontekoe/AppliSales.jl","private":false,"owner":{"login":"rbontekoe","id":2986880,"node_id":"MDQ6VXNlcjI5ODY4ODA=","avatar_url":"https://avatars.githubusercontent.com/u/2986880?v=4","gravatar_id":"","url":"https://api.github.com/users/rbontekoe","html_url":"https://github.com/rbontekoe","followers_url":"https://api.github.com/users/rbontekoe/followers","following_url":"https://api.github.com/users/rbontekoe/following{/other_user}","gists_url":"https://api.github.com/users/rbontekoe/gists{/gist_id}","starred_url":"https://api.github.com/users/rbontekoe/starred{/owner}{/repo}","subscriptions_url":"https://api.github.com/users/rbontekoe/subscriptions","organizations_url":"https://api.github.com/users/rbontekoe/orgs","repos_url":"https://api.github.com/users/rbontekoe/repos","events_url":"https://api.github.com/users/rbontekoe/events{/privacy}","received_events_url":"https://api.github.com/users/rbontekoe/received_events","type":"User","site_admin":false},"html_url":"https://github.com/rbontekoe/AppliSales.jl","description":"AppliSales is used in the course BAWJ","fork":false,"url":"https://api.github.com/repos/rbontekoe/AppliSales.jl","forks_url":"https://api.github.com/repos/rbontekoe/AppliSales.jl/forks","keys_url":"https://api.github.com/repos/rbontekoe/AppliSales.jl/keys{/key_id}","collaborators_url":"https://api.github.com/repos/rbontekoe/AppliSales.jl/collaborators{/collaborator}","teams_url":"https://api.github.com/repos/rbontekoe/AppliSales.jl/teams","hooks_url":"https://api.github.com/repos/rbontekoe/AppliSales.jl/hooks","issue_events_url":"https://api.github.com/repos/rbontekoe/AppliSales.jl/issues/events{/number}","events_url":"https://api.github.com/repos/rbontekoe/AppliSales.jl/events","assignees_url":"https://api.github.com/repos/rbontekoe/AppliSales.jl/assignees{/user}","branches_url":"https://api.github.com/repos/rbontekoe/AppliSales.jl/branches{/branch}","tags_url":"https://api.github.com/repos/rbontekoe/AppliSales.jl/tags","blobs_url":"https://api.github.com/repos/rbontekoe/AppliSales.jl/git/blobs{/sha}","git_tags_url":"https://api.github.com/repos/rbontekoe/AppliSales.jl/git/tags{/sha}","git_refs_url":"https://api.github.com/repos/rbontekoe/AppliSales.jl/git/refs{/sha}","trees_url":"https://api.github.com/repos/rbontekoe/AppliSales.jl/git/trees{/sha}","statuses_url":"https://api.github.com/repos/rbontekoe/AppliSales.jl/statuses/{sha}","languages_url":"https://api.github.com/repos/rbontekoe/AppliSales.jl/languages","stargazers_url":"https://api.github.com/repos/rbontekoe/AppliSales.jl/stargazers","contributors_url":"https://api.github.com/repos/rbontekoe/AppliSales.jl/contributors","subscribers_url":"https://api.github.com/repos/rbontekoe/AppliSales.jl/subscribers","subscription_url":"https://api.github.com/repos/rbontekoe/AppliSales.jl/subscription","commits_url":"https://api.github.com/repos/rbontekoe/AppliSales.jl/commits{/sha}","git_commits_url":"https://api.github.com/repos/rbontekoe/AppliSales.jl/git/commits{/sha}","comments_url":"https://api.github.com/repos/rbontekoe/AppliSales.jl/comments{/number}","issue_comment_url":"https://api.github.com/repos/rbontekoe/AppliSales.jl/issues/comments{/number}","contents_url":"https://api.github.com/repos/rbontekoe/AppliSales.jl/contents/{+path}","compare_url":"https://api.github.com/repos/rbontekoe/AppliSales.jl/compare/{base}...{head}","merges_url":"https://api.github.com/repos/rbontekoe/AppliSales.jl/merges","archive_url":"https://api.github.com/repos/rbontekoe/AppliSales.jl/{archive_format}{/ref}","downloads_url":"https://api.github.com/repos/rbontekoe/AppliSales.jl/downloads","issues_url":"https://api.github.com/repos/rbontekoe/AppliSales.jl/issues{/number}","pulls_url":"https://api.github.com/repos/rbontekoe/AppliSales.jl/pulls{/number}","milestones_url":"https://api.github.com/repos/rbontekoe/AppliSales.jl/milestones{/number}","notifications_url":"https://api.github.com/repos/rbontekoe/AppliSales.jl/notifications{?since,all,participating}","labels_url":"https://api.github.com/repos/rbontekoe/AppliSales.jl/labels{/name}","releases_url":"https://api.github.com/repos/rbontekoe/AppliSales.jl/releases{/id}","deployments_url":"https://api.github.com/repos/rbontekoe/AppliSales.jl/deployments","created_at":"2020-05-05T11:52:58Z","updated_at":"2020-05-08T11:44:24Z","pushed_at":"2020-05-10T04:17:28Z","git_url":"git://github.com/rbontekoe/AppliSales.jl.git","ssh_url":"git@github.com:rbontekoe/AppliSales.jl.git","clone_url":"https://github.com/rbontekoe/AppliSales.jl.git","svn_url":"https://github.com/rbontekoe/AppliSales.jl","homepage":null,"size":8,"stargazers_count":0,"watchers_count":0,"language":"Julia","has_issues":true,"has_projects":true,"has_downloads":true,"has_wiki":true,"has_pages":true,"forks_count":0,"mirror_url":null,"archived":false,"disabled":false,"open_issues_count":0,"license":{"key":"mit","name":"MIT License","spdx_id":"MIT","url":"https://api.github.com/licenses/mit","node_id":"MDc6TGljZW5zZTEz"},"allow_forking":true,"is_template":false,"web_commit_signoff_required":false,"topics":[],"visibility":"public","forks":0,"open_issues":0,"watchers":0,"default_branch":"master","permissions":{"admin":false,"maintain":false,"push":false,"triage":false,"pull":true},"temp_clone_token":"","network_count":0,"subscribers_count":1}