{"id":394676268,"node_id":"MDEwOlJlcG9zaXRvcnkzOTQ2NzYyNjg=","name":"AbstractCircuitComponentRounding.jl","full_name":"KronosTheLate/AbstractCircuitComponentRounding.jl","private":false,"owner":{"login":"KronosTheLate","id":61620837,"node_id":"MDQ6VXNlcjYxNjIwODM3","avatar_url":"https://avatars.githubusercontent.com/u/61620837?v=4","gravatar_id":"","url":"https://api.github.com/users/KronosTheLate","html_url":"https://github.com/KronosTheLate","followers_url":"https://api.github.com/users/KronosTheLate/followers","following_url":"https://api.github.com/users/KronosTheLate/following{/other_user}","gists_url":"https://api.github.com/users/KronosTheLate/gists{/gist_id}","starred_url":"https://api.github.com/users/KronosTheLate/starred{/owner}{/repo}","subscriptions_url":"https://api.github.com/users/KronosTheLate/subscriptions","organizations_url":"https://api.github.com/users/KronosTheLate/orgs","repos_url":"https://api.github.com/users/KronosTheLate/repos","events_url":"https://api.github.com/users/KronosTheLate/events{/privacy}","received_events_url":"https://api.github.com/users/KronosTheLate/received_events","type":"User","site_admin":false},"html_url":"https://github.com/KronosTheLate/AbstractCircuitComponentRounding.jl","description":"Utilities and and type AbstractPrefNumbSys for CircuitComponentRounding","fork":false,"url":"https://api.github.com/repos/KronosTheLate/AbstractCircuitComponentRounding.jl","forks_url":"https://api.github.com/repos/KronosTheLate/AbstractCircuitComponentRounding.jl/forks","keys_url":"https://api.github.com/repos/KronosTheLate/AbstractCircuitComponentRounding.jl/keys{/key_id}","collaborators_url":"https://api.github.com/repos/KronosTheLate/AbstractCircuitComponentRounding.jl/collaborators{/collaborator}","teams_url":"https://api.github.com/repos/KronosTheLate/AbstractCircuitComponentRounding.jl/teams","hooks_url":"https://api.github.com/repos/KronosTheLate/AbstractCircuitComponentRounding.jl/hooks","issue_events_url":"https://api.github.com/repos/KronosTheLate/AbstractCircuitComponentRounding.jl/issues/events{/number}","events_url":"https://api.github.com/repos/KronosTheLate/AbstractCircuitComponentRounding.jl/events","assignees_url":"https://api.github.com/repos/KronosTheLate/AbstractCircuitComponentRounding.jl/assignees{/user}","branches_url":"https://api.github.com/repos/KronosTheLate/AbstractCircuitComponentRounding.jl/branches{/branch}","tags_url":"https://api.github.com/repos/KronosTheLate/AbstractCircuitComponentRounding.jl/tags","blobs_url":"https://api.github.com/repos/KronosTheLate/AbstractCircuitComponentRounding.jl/git/blobs{/sha}","git_tags_url":"https://api.github.com/repos/KronosTheLate/AbstractCircuitComponentRounding.jl/git/tags{/sha}","git_refs_url":"https://api.github.com/repos/KronosTheLate/AbstractCircuitComponentRounding.jl/git/refs{/sha}","trees_url":"https://api.github.com/repos/KronosTheLate/AbstractCircuitComponentRounding.jl/git/trees{/sha}","statuses_url":"https://api.github.com/repos/KronosTheLate/AbstractCircuitComponentRounding.jl/statuses/{sha}","languages_url":"https://api.github.com/repos/KronosTheLate/AbstractCircuitComponentRounding.jl/languages","stargazers_url":"https://api.github.com/repos/KronosTheLate/AbstractCircuitComponentRounding.jl/stargazers","contributors_url":"https://api.github.com/repos/KronosTheLate/AbstractCircuitComponentRounding.jl/contributors","subscribers_url":"https://api.github.com/repos/KronosTheLate/AbstractCircuitComponentRounding.jl/subscribers","subscription_url":"https://api.github.com/repos/KronosTheLate/AbstractCircuitComponentRounding.jl/subscription","commits_url":"https://api.github.com/repos/KronosTheLate/AbstractCircuitComponentRounding.jl/commits{/sha}","git_commits_url":"https://api.github.com/repos/KronosTheLate/AbstractCircuitComponentRounding.jl/git/commits{/sha}","comments_url":"https://api.github.com/repos/KronosTheLate/AbstractCircuitComponentRounding.jl/comments{/number}","issue_comment_url":"https://api.github.com/repos/KronosTheLate/AbstractCircuitComponentRounding.jl/issues/comments{/number}","contents_url":"https://api.github.com/repos/KronosTheLate/AbstractCircuitComponentRounding.jl/contents/{+path}","compare_url":"https://api.github.com/repos/KronosTheLate/AbstractCircuitComponentRounding.jl/compare/{base}...{head}","merges_url":"https://api.github.com/repos/KronosTheLate/AbstractCircuitComponentRounding.jl/merges","archive_url":"https://api.github.com/repos/KronosTheLate/AbstractCircuitComponentRounding.jl/{archive_format}{/ref}","downloads_url":"https://api.github.com/repos/KronosTheLate/AbstractCircuitComponentRounding.jl/downloads","issues_url":"https://api.github.com/repos/KronosTheLate/AbstractCircuitComponentRounding.jl/issues{/number}","pulls_url":"https://api.github.com/repos/KronosTheLate/AbstractCircuitComponentRounding.jl/pulls{/number}","milestones_url":"https://api.github.com/repos/KronosTheLate/AbstractCircuitComponentRounding.jl/milestones{/number}","notifications_url":"https://api.github.com/repos/KronosTheLate/AbstractCircuitComponentRounding.jl/notifications{?since,all,participating}","labels_url":"https://api.github.com/repos/KronosTheLate/AbstractCircuitComponentRounding.jl/labels{/name}","releases_url":"https://api.github.com/repos/KronosTheLate/AbstractCircuitComponentRounding.jl/releases{/id}","deployments_url":"https://api.github.com/repos/KronosTheLate/AbstractCircuitComponentRounding.jl/deployments","created_at":"2021-08-10T14:04:00Z","updated_at":"2022-01-12T18:42:19Z","pushed_at":"2022-06-18T10:06:38Z","git_url":"git://github.com/KronosTheLate/AbstractCircuitComponentRounding.jl.git","ssh_url":"git@github.com:KronosTheLate/AbstractCircuitComponentRounding.jl.git","clone_url":"https://github.com/KronosTheLate/AbstractCircuitComponentRounding.jl.git","svn_url":"https://github.com/KronosTheLate/AbstractCircuitComponentRounding.jl","homepage":null,"size":11,"stargazers_count":1,"watchers_count":1,"language":"Julia","has_issues":true,"has_projects":true,"has_downloads":true,"has_wiki":true,"has_pages":false,"forks_count":0,"mirror_url":null,"archived":false,"disabled":false,"open_issues_count":0,"license":{"key":"mit","name":"MIT License","spdx_id":"MIT","url":"https://api.github.com/licenses/mit","node_id":"MDc6TGljZW5zZTEz"},"allow_forking":true,"is_template":false,"web_commit_signoff_required":false,"topics":[],"visibility":"public","forks":0,"open_issues":0,"watchers":1,"default_branch":"main","permissions":{"admin":false,"maintain":false,"push":false,"triage":false,"pull":true},"temp_clone_token":"","network_count":0,"subscribers_count":1}