{"id":486566849,"node_id":"R_kgDOHQBrwQ","name":"AbstractSDRs_rx_ascii_art_dft.jl","full_name":"JuliaTelecom/AbstractSDRs_rx_ascii_art_dft.jl","private":false,"owner":{"login":"JuliaTelecom","id":74202318,"node_id":"MDEyOk9yZ2FuaXphdGlvbjc0MjAyMzE4","avatar_url":"https://avatars.githubusercontent.com/u/74202318?v=4","gravatar_id":"","url":"https://api.github.com/users/JuliaTelecom","html_url":"https://github.com/JuliaTelecom","followers_url":"https://api.github.com/users/JuliaTelecom/followers","following_url":"https://api.github.com/users/JuliaTelecom/following{/other_user}","gists_url":"https://api.github.com/users/JuliaTelecom/gists{/gist_id}","starred_url":"https://api.github.com/users/JuliaTelecom/starred{/owner}{/repo}","subscriptions_url":"https://api.github.com/users/JuliaTelecom/subscriptions","organizations_url":"https://api.github.com/users/JuliaTelecom/orgs","repos_url":"https://api.github.com/users/JuliaTelecom/repos","events_url":"https://api.github.com/users/JuliaTelecom/events{/privacy}","received_events_url":"https://api.github.com/users/JuliaTelecom/received_events","type":"Organization","site_admin":false},"html_url":"https://github.com/JuliaTelecom/AbstractSDRs_rx_ascii_art_dft.jl","description":"DFT from SDR directly in a Julia REPL ! ","fork":false,"url":"https://api.github.com/repos/JuliaTelecom/AbstractSDRs_rx_ascii_art_dft.jl","forks_url":"https://api.github.com/repos/JuliaTelecom/AbstractSDRs_rx_ascii_art_dft.jl/forks","keys_url":"https://api.github.com/repos/JuliaTelecom/AbstractSDRs_rx_ascii_art_dft.jl/keys{/key_id}","collaborators_url":"https://api.github.com/repos/JuliaTelecom/AbstractSDRs_rx_ascii_art_dft.jl/collaborators{/collaborator}","teams_url":"https://api.github.com/repos/JuliaTelecom/AbstractSDRs_rx_ascii_art_dft.jl/teams","hooks_url":"https://api.github.com/repos/JuliaTelecom/AbstractSDRs_rx_ascii_art_dft.jl/hooks","issue_events_url":"https://api.github.com/repos/JuliaTelecom/AbstractSDRs_rx_ascii_art_dft.jl/issues/events{/number}","events_url":"https://api.github.com/repos/JuliaTelecom/AbstractSDRs_rx_ascii_art_dft.jl/events","assignees_url":"https://api.github.com/repos/JuliaTelecom/AbstractSDRs_rx_ascii_art_dft.jl/assignees{/user}","branches_url":"https://api.github.com/repos/JuliaTelecom/AbstractSDRs_rx_ascii_art_dft.jl/branches{/branch}","tags_url":"https://api.github.com/repos/JuliaTelecom/AbstractSDRs_rx_ascii_art_dft.jl/tags","blobs_url":"https://api.github.com/repos/JuliaTelecom/AbstractSDRs_rx_ascii_art_dft.jl/git/blobs{/sha}","git_tags_url":"https://api.github.com/repos/JuliaTelecom/AbstractSDRs_rx_ascii_art_dft.jl/git/tags{/sha}","git_refs_url":"https://api.github.com/repos/JuliaTelecom/AbstractSDRs_rx_ascii_art_dft.jl/git/refs{/sha}","trees_url":"https://api.github.com/repos/JuliaTelecom/AbstractSDRs_rx_ascii_art_dft.jl/git/trees{/sha}","statuses_url":"https://api.github.com/repos/JuliaTelecom/AbstractSDRs_rx_ascii_art_dft.jl/statuses/{sha}","languages_url":"https://api.github.com/repos/JuliaTelecom/AbstractSDRs_rx_ascii_art_dft.jl/languages","stargazers_url":"https://api.github.com/repos/JuliaTelecom/AbstractSDRs_rx_ascii_art_dft.jl/stargazers","contributors_url":"https://api.github.com/repos/JuliaTelecom/AbstractSDRs_rx_ascii_art_dft.jl/contributors","subscribers_url":"https://api.github.com/repos/JuliaTelecom/AbstractSDRs_rx_ascii_art_dft.jl/subscribers","subscription_url":"https://api.github.com/repos/JuliaTelecom/AbstractSDRs_rx_ascii_art_dft.jl/subscription","commits_url":"https://api.github.com/repos/JuliaTelecom/AbstractSDRs_rx_ascii_art_dft.jl/commits{/sha}","git_commits_url":"https://api.github.com/repos/JuliaTelecom/AbstractSDRs_rx_ascii_art_dft.jl/git/commits{/sha}","comments_url":"https://api.github.com/repos/JuliaTelecom/AbstractSDRs_rx_ascii_art_dft.jl/comments{/number}","issue_comment_url":"https://api.github.com/repos/JuliaTelecom/AbstractSDRs_rx_ascii_art_dft.jl/issues/comments{/number}","contents_url":"https://api.github.com/repos/JuliaTelecom/AbstractSDRs_rx_ascii_art_dft.jl/contents/{+path}","compare_url":"https://api.github.com/repos/JuliaTelecom/AbstractSDRs_rx_ascii_art_dft.jl/compare/{base}...{head}","merges_url":"https://api.github.com/repos/JuliaTelecom/AbstractSDRs_rx_ascii_art_dft.jl/merges","archive_url":"https://api.github.com/repos/JuliaTelecom/AbstractSDRs_rx_ascii_art_dft.jl/{archive_format}{/ref}","downloads_url":"https://api.github.com/repos/JuliaTelecom/AbstractSDRs_rx_ascii_art_dft.jl/downloads","issues_url":"https://api.github.com/repos/JuliaTelecom/AbstractSDRs_rx_ascii_art_dft.jl/issues{/number}","pulls_url":"https://api.github.com/repos/JuliaTelecom/AbstractSDRs_rx_ascii_art_dft.jl/pulls{/number}","milestones_url":"https://api.github.com/repos/JuliaTelecom/AbstractSDRs_rx_ascii_art_dft.jl/milestones{/number}","notifications_url":"https://api.github.com/repos/JuliaTelecom/AbstractSDRs_rx_ascii_art_dft.jl/notifications{?since,all,participating}","labels_url":"https://api.github.com/repos/JuliaTelecom/AbstractSDRs_rx_ascii_art_dft.jl/labels{/name}","releases_url":"https://api.github.com/repos/JuliaTelecom/AbstractSDRs_rx_ascii_art_dft.jl/releases{/id}","deployments_url":"https://api.github.com/repos/JuliaTelecom/AbstractSDRs_rx_ascii_art_dft.jl/deployments","created_at":"2022-04-28T11:31:56Z","updated_at":"2022-04-28T11:52:00Z","pushed_at":"2022-06-25T00:59:42Z","git_url":"git://github.com/JuliaTelecom/AbstractSDRs_rx_ascii_art_dft.jl.git","ssh_url":"git@github.com:JuliaTelecom/AbstractSDRs_rx_ascii_art_dft.jl.git","clone_url":"https://github.com/JuliaTelecom/AbstractSDRs_rx_ascii_art_dft.jl.git","svn_url":"https://github.com/JuliaTelecom/AbstractSDRs_rx_ascii_art_dft.jl","homepage":null,"size":50,"stargazers_count":0,"watchers_count":0,"language":"Julia","has_issues":true,"has_projects":true,"has_downloads":true,"has_wiki":true,"has_pages":false,"forks_count":1,"mirror_url":null,"archived":false,"disabled":false,"open_issues_count":2,"license":{"key":"mit","name":"MIT License","spdx_id":"MIT","url":"https://api.github.com/licenses/mit","node_id":"MDc6TGljZW5zZTEz"},"allow_forking":true,"is_template":false,"web_commit_signoff_required":false,"topics":[],"visibility":"public","forks":1,"open_issues":2,"watchers":0,"default_branch":"main","permissions":{"admin":false,"maintain":false,"push":false,"triage":false,"pull":true},"temp_clone_token":"","organization":{"login":"JuliaTelecom","id":74202318,"node_id":"MDEyOk9yZ2FuaXphdGlvbjc0MjAyMzE4","avatar_url":"https://avatars.githubusercontent.com/u/74202318?v=4","gravatar_id":"","url":"https://api.github.com/users/JuliaTelecom","html_url":"https://github.com/JuliaTelecom","followers_url":"https://api.github.com/users/JuliaTelecom/followers","following_url":"https://api.github.com/users/JuliaTelecom/following{/other_user}","gists_url":"https://api.github.com/users/JuliaTelecom/gists{/gist_id}","starred_url":"https://api.github.com/users/JuliaTelecom/starred{/owner}{/repo}","subscriptions_url":"https://api.github.com/users/JuliaTelecom/subscriptions","organizations_url":"https://api.github.com/users/JuliaTelecom/orgs","repos_url":"https://api.github.com/users/JuliaTelecom/repos","events_url":"https://api.github.com/users/JuliaTelecom/events{/privacy}","received_events_url":"https://api.github.com/users/JuliaTelecom/received_events","type":"Organization","site_admin":false},"network_count":1,"subscribers_count":3}