{"id":239328377,"node_id":"MDEwOlJlcG9zaXRvcnkyMzkzMjgzNzc=","name":"ALFA.jl","full_name":"NilsKintscher/ALFA.jl","private":false,"owner":{"login":"NilsKintscher","id":42682680,"node_id":"MDQ6VXNlcjQyNjgyNjgw","avatar_url":"https://avatars.githubusercontent.com/u/42682680?v=4","gravatar_id":"","url":"https://api.github.com/users/NilsKintscher","html_url":"https://github.com/NilsKintscher","followers_url":"https://api.github.com/users/NilsKintscher/followers","following_url":"https://api.github.com/users/NilsKintscher/following{/other_user}","gists_url":"https://api.github.com/users/NilsKintscher/gists{/gist_id}","starred_url":"https://api.github.com/users/NilsKintscher/starred{/owner}{/repo}","subscriptions_url":"https://api.github.com/users/NilsKintscher/subscriptions","organizations_url":"https://api.github.com/users/NilsKintscher/orgs","repos_url":"https://api.github.com/users/NilsKintscher/repos","events_url":"https://api.github.com/users/NilsKintscher/events{/privacy}","received_events_url":"https://api.github.com/users/NilsKintscher/received_events","type":"User","site_admin":false},"html_url":"https://github.com/NilsKintscher/ALFA.jl","description":"Automated Local Fourier Analysis","fork":false,"url":"https://api.github.com/repos/NilsKintscher/ALFA.jl","forks_url":"https://api.github.com/repos/NilsKintscher/ALFA.jl/forks","keys_url":"https://api.github.com/repos/NilsKintscher/ALFA.jl/keys{/key_id}","collaborators_url":"https://api.github.com/repos/NilsKintscher/ALFA.jl/collaborators{/collaborator}","teams_url":"https://api.github.com/repos/NilsKintscher/ALFA.jl/teams","hooks_url":"https://api.github.com/repos/NilsKintscher/ALFA.jl/hooks","issue_events_url":"https://api.github.com/repos/NilsKintscher/ALFA.jl/issues/events{/number}","events_url":"https://api.github.com/repos/NilsKintscher/ALFA.jl/events","assignees_url":"https://api.github.com/repos/NilsKintscher/ALFA.jl/assignees{/user}","branches_url":"https://api.github.com/repos/NilsKintscher/ALFA.jl/branches{/branch}","tags_url":"https://api.github.com/repos/NilsKintscher/ALFA.jl/tags","blobs_url":"https://api.github.com/repos/NilsKintscher/ALFA.jl/git/blobs{/sha}","git_tags_url":"https://api.github.com/repos/NilsKintscher/ALFA.jl/git/tags{/sha}","git_refs_url":"https://api.github.com/repos/NilsKintscher/ALFA.jl/git/refs{/sha}","trees_url":"https://api.github.com/repos/NilsKintscher/ALFA.jl/git/trees{/sha}","statuses_url":"https://api.github.com/repos/NilsKintscher/ALFA.jl/statuses/{sha}","languages_url":"https://api.github.com/repos/NilsKintscher/ALFA.jl/languages","stargazers_url":"https://api.github.com/repos/NilsKintscher/ALFA.jl/stargazers","contributors_url":"https://api.github.com/repos/NilsKintscher/ALFA.jl/contributors","subscribers_url":"https://api.github.com/repos/NilsKintscher/ALFA.jl/subscribers","subscription_url":"https://api.github.com/repos/NilsKintscher/ALFA.jl/subscription","commits_url":"https://api.github.com/repos/NilsKintscher/ALFA.jl/commits{/sha}","git_commits_url":"https://api.github.com/repos/NilsKintscher/ALFA.jl/git/commits{/sha}","comments_url":"https://api.github.com/repos/NilsKintscher/ALFA.jl/comments{/number}","issue_comment_url":"https://api.github.com/repos/NilsKintscher/ALFA.jl/issues/comments{/number}","contents_url":"https://api.github.com/repos/NilsKintscher/ALFA.jl/contents/{+path}","compare_url":"https://api.github.com/repos/NilsKintscher/ALFA.jl/compare/{base}...{head}","merges_url":"https://api.github.com/repos/NilsKintscher/ALFA.jl/merges","archive_url":"https://api.github.com/repos/NilsKintscher/ALFA.jl/{archive_format}{/ref}","downloads_url":"https://api.github.com/repos/NilsKintscher/ALFA.jl/downloads","issues_url":"https://api.github.com/repos/NilsKintscher/ALFA.jl/issues{/number}","pulls_url":"https://api.github.com/repos/NilsKintscher/ALFA.jl/pulls{/number}","milestones_url":"https://api.github.com/repos/NilsKintscher/ALFA.jl/milestones{/number}","notifications_url":"https://api.github.com/repos/NilsKintscher/ALFA.jl/notifications{?since,all,participating}","labels_url":"https://api.github.com/repos/NilsKintscher/ALFA.jl/labels{/name}","releases_url":"https://api.github.com/repos/NilsKintscher/ALFA.jl/releases{/id}","deployments_url":"https://api.github.com/repos/NilsKintscher/ALFA.jl/deployments","created_at":"2020-02-09T15:38:32Z","updated_at":"2021-11-07T22:12:07Z","pushed_at":"2021-05-02T12:17:41Z","git_url":"git://github.com/NilsKintscher/ALFA.jl.git","ssh_url":"git@github.com:NilsKintscher/ALFA.jl.git","clone_url":"https://github.com/NilsKintscher/ALFA.jl.git","svn_url":"https://github.com/NilsKintscher/ALFA.jl","homepage":"","size":12568,"stargazers_count":1,"watchers_count":1,"language":"Julia","has_issues":true,"has_projects":true,"has_downloads":true,"has_wiki":true,"has_pages":true,"forks_count":0,"mirror_url":null,"archived":false,"disabled":false,"open_issues_count":0,"license":{"key":"other","name":"Other","spdx_id":"NOASSERTION","url":null,"node_id":"MDc6TGljZW5zZTA="},"allow_forking":true,"is_template":false,"web_commit_signoff_required":false,"topics":[],"visibility":"public","forks":0,"open_issues":0,"watchers":1,"default_branch":"master","permissions":{"admin":false,"maintain":false,"push":false,"triage":false,"pull":true},"temp_clone_token":"","network_count":0,"subscribers_count":1}