{"id":298066584,"node_id":"MDEwOlJlcG9zaXRvcnkyOTgwNjY1ODQ=","name":"AMLPipelineBase.jl","full_name":"IBM/AMLPipelineBase.jl","private":false,"owner":{"login":"IBM","id":1459110,"node_id":"MDEyOk9yZ2FuaXphdGlvbjE0NTkxMTA=","avatar_url":"https://avatars.githubusercontent.com/u/1459110?v=4","gravatar_id":"","url":"https://api.github.com/users/IBM","html_url":"https://github.com/IBM","followers_url":"https://api.github.com/users/IBM/followers","following_url":"https://api.github.com/users/IBM/following{/other_user}","gists_url":"https://api.github.com/users/IBM/gists{/gist_id}","starred_url":"https://api.github.com/users/IBM/starred{/owner}{/repo}","subscriptions_url":"https://api.github.com/users/IBM/subscriptions","organizations_url":"https://api.github.com/users/IBM/orgs","repos_url":"https://api.github.com/users/IBM/repos","events_url":"https://api.github.com/users/IBM/events{/privacy}","received_events_url":"https://api.github.com/users/IBM/received_events","type":"Organization","site_admin":false},"html_url":"https://github.com/IBM/AMLPipelineBase.jl","description":"The base package for AutoMLPipeline.jl and TSML.jl","fork":false,"url":"https://api.github.com/repos/IBM/AMLPipelineBase.jl","forks_url":"https://api.github.com/repos/IBM/AMLPipelineBase.jl/forks","keys_url":"https://api.github.com/repos/IBM/AMLPipelineBase.jl/keys{/key_id}","collaborators_url":"https://api.github.com/repos/IBM/AMLPipelineBase.jl/collaborators{/collaborator}","teams_url":"https://api.github.com/repos/IBM/AMLPipelineBase.jl/teams","hooks_url":"https://api.github.com/repos/IBM/AMLPipelineBase.jl/hooks","issue_events_url":"https://api.github.com/repos/IBM/AMLPipelineBase.jl/issues/events{/number}","events_url":"https://api.github.com/repos/IBM/AMLPipelineBase.jl/events","assignees_url":"https://api.github.com/repos/IBM/AMLPipelineBase.jl/assignees{/user}","branches_url":"https://api.github.com/repos/IBM/AMLPipelineBase.jl/branches{/branch}","tags_url":"https://api.github.com/repos/IBM/AMLPipelineBase.jl/tags","blobs_url":"https://api.github.com/repos/IBM/AMLPipelineBase.jl/git/blobs{/sha}","git_tags_url":"https://api.github.com/repos/IBM/AMLPipelineBase.jl/git/tags{/sha}","git_refs_url":"https://api.github.com/repos/IBM/AMLPipelineBase.jl/git/refs{/sha}","trees_url":"https://api.github.com/repos/IBM/AMLPipelineBase.jl/git/trees{/sha}","statuses_url":"https://api.github.com/repos/IBM/AMLPipelineBase.jl/statuses/{sha}","languages_url":"https://api.github.com/repos/IBM/AMLPipelineBase.jl/languages","stargazers_url":"https://api.github.com/repos/IBM/AMLPipelineBase.jl/stargazers","contributors_url":"https://api.github.com/repos/IBM/AMLPipelineBase.jl/contributors","subscribers_url":"https://api.github.com/repos/IBM/AMLPipelineBase.jl/subscribers","subscription_url":"https://api.github.com/repos/IBM/AMLPipelineBase.jl/subscription","commits_url":"https://api.github.com/repos/IBM/AMLPipelineBase.jl/commits{/sha}","git_commits_url":"https://api.github.com/repos/IBM/AMLPipelineBase.jl/git/commits{/sha}","comments_url":"https://api.github.com/repos/IBM/AMLPipelineBase.jl/comments{/number}","issue_comment_url":"https://api.github.com/repos/IBM/AMLPipelineBase.jl/issues/comments{/number}","contents_url":"https://api.github.com/repos/IBM/AMLPipelineBase.jl/contents/{+path}","compare_url":"https://api.github.com/repos/IBM/AMLPipelineBase.jl/compare/{base}...{head}","merges_url":"https://api.github.com/repos/IBM/AMLPipelineBase.jl/merges","archive_url":"https://api.github.com/repos/IBM/AMLPipelineBase.jl/{archive_format}{/ref}","downloads_url":"https://api.github.com/repos/IBM/AMLPipelineBase.jl/downloads","issues_url":"https://api.github.com/repos/IBM/AMLPipelineBase.jl/issues{/number}","pulls_url":"https://api.github.com/repos/IBM/AMLPipelineBase.jl/pulls{/number}","milestones_url":"https://api.github.com/repos/IBM/AMLPipelineBase.jl/milestones{/number}","notifications_url":"https://api.github.com/repos/IBM/AMLPipelineBase.jl/notifications{?since,all,participating}","labels_url":"https://api.github.com/repos/IBM/AMLPipelineBase.jl/labels{/name}","releases_url":"https://api.github.com/repos/IBM/AMLPipelineBase.jl/releases{/id}","deployments_url":"https://api.github.com/repos/IBM/AMLPipelineBase.jl/deployments","created_at":"2020-09-23T18:57:43Z","updated_at":"2022-06-24T22:56:51Z","pushed_at":"2022-04-14T20:13:17Z","git_url":"git://github.com/IBM/AMLPipelineBase.jl.git","ssh_url":"git@github.com:IBM/AMLPipelineBase.jl.git","clone_url":"https://github.com/IBM/AMLPipelineBase.jl.git","svn_url":"https://github.com/IBM/AMLPipelineBase.jl","homepage":"","size":415,"stargazers_count":3,"watchers_count":3,"language":"Julia","has_issues":true,"has_projects":true,"has_downloads":true,"has_wiki":true,"has_pages":false,"forks_count":2,"mirror_url":null,"archived":false,"disabled":false,"open_issues_count":5,"license":{"key":"mit","name":"MIT License","spdx_id":"MIT","url":"https://api.github.com/licenses/mit","node_id":"MDc6TGljZW5zZTEz"},"allow_forking":true,"is_template":false,"web_commit_signoff_required":false,"topics":[],"visibility":"public","forks":2,"open_issues":5,"watchers":3,"default_branch":"master","permissions":{"admin":false,"maintain":false,"push":false,"triage":false,"pull":true},"temp_clone_token":"","organization":{"login":"IBM","id":1459110,"node_id":"MDEyOk9yZ2FuaXphdGlvbjE0NTkxMTA=","avatar_url":"https://avatars.githubusercontent.com/u/1459110?v=4","gravatar_id":"","url":"https://api.github.com/users/IBM","html_url":"https://github.com/IBM","followers_url":"https://api.github.com/users/IBM/followers","following_url":"https://api.github.com/users/IBM/following{/other_user}","gists_url":"https://api.github.com/users/IBM/gists{/gist_id}","starred_url":"https://api.github.com/users/IBM/starred{/owner}{/repo}","subscriptions_url":"https://api.github.com/users/IBM/subscriptions","organizations_url":"https://api.github.com/users/IBM/orgs","repos_url":"https://api.github.com/users/IBM/repos","events_url":"https://api.github.com/users/IBM/events{/privacy}","received_events_url":"https://api.github.com/users/IBM/received_events","type":"Organization","site_admin":false},"network_count":2,"subscribers_count":3}