{"id":378457747,"node_id":"MDEwOlJlcG9zaXRvcnkzNzg0NTc3NDc=","name":"ApproximateGPs.jl","full_name":"JuliaGaussianProcesses/ApproximateGPs.jl","private":false,"owner":{"login":"JuliaGaussianProcesses","id":57909728,"node_id":"MDEyOk9yZ2FuaXphdGlvbjU3OTA5NzI4","avatar_url":"https://avatars.githubusercontent.com/u/57909728?v=4","gravatar_id":"","url":"https://api.github.com/users/JuliaGaussianProcesses","html_url":"https://github.com/JuliaGaussianProcesses","followers_url":"https://api.github.com/users/JuliaGaussianProcesses/followers","following_url":"https://api.github.com/users/JuliaGaussianProcesses/following{/other_user}","gists_url":"https://api.github.com/users/JuliaGaussianProcesses/gists{/gist_id}","starred_url":"https://api.github.com/users/JuliaGaussianProcesses/starred{/owner}{/repo}","subscriptions_url":"https://api.github.com/users/JuliaGaussianProcesses/subscriptions","organizations_url":"https://api.github.com/users/JuliaGaussianProcesses/orgs","repos_url":"https://api.github.com/users/JuliaGaussianProcesses/repos","events_url":"https://api.github.com/users/JuliaGaussianProcesses/events{/privacy}","received_events_url":"https://api.github.com/users/JuliaGaussianProcesses/received_events","type":"Organization","site_admin":false},"html_url":"https://github.com/JuliaGaussianProcesses/ApproximateGPs.jl","description":"Approximations for Gaussian processes: sparse variational inducing point approximations, Laplace approximation, ...","fork":false,"url":"https://api.github.com/repos/JuliaGaussianProcesses/ApproximateGPs.jl","forks_url":"https://api.github.com/repos/JuliaGaussianProcesses/ApproximateGPs.jl/forks","keys_url":"https://api.github.com/repos/JuliaGaussianProcesses/ApproximateGPs.jl/keys{/key_id}","collaborators_url":"https://api.github.com/repos/JuliaGaussianProcesses/ApproximateGPs.jl/collaborators{/collaborator}","teams_url":"https://api.github.com/repos/JuliaGaussianProcesses/ApproximateGPs.jl/teams","hooks_url":"https://api.github.com/repos/JuliaGaussianProcesses/ApproximateGPs.jl/hooks","issue_events_url":"https://api.github.com/repos/JuliaGaussianProcesses/ApproximateGPs.jl/issues/events{/number}","events_url":"https://api.github.com/repos/JuliaGaussianProcesses/ApproximateGPs.jl/events","assignees_url":"https://api.github.com/repos/JuliaGaussianProcesses/ApproximateGPs.jl/assignees{/user}","branches_url":"https://api.github.com/repos/JuliaGaussianProcesses/ApproximateGPs.jl/branches{/branch}","tags_url":"https://api.github.com/repos/JuliaGaussianProcesses/ApproximateGPs.jl/tags","blobs_url":"https://api.github.com/repos/JuliaGaussianProcesses/ApproximateGPs.jl/git/blobs{/sha}","git_tags_url":"https://api.github.com/repos/JuliaGaussianProcesses/ApproximateGPs.jl/git/tags{/sha}","git_refs_url":"https://api.github.com/repos/JuliaGaussianProcesses/ApproximateGPs.jl/git/refs{/sha}","trees_url":"https://api.github.com/repos/JuliaGaussianProcesses/ApproximateGPs.jl/git/trees{/sha}","statuses_url":"https://api.github.com/repos/JuliaGaussianProcesses/ApproximateGPs.jl/statuses/{sha}","languages_url":"https://api.github.com/repos/JuliaGaussianProcesses/ApproximateGPs.jl/languages","stargazers_url":"https://api.github.com/repos/JuliaGaussianProcesses/ApproximateGPs.jl/stargazers","contributors_url":"https://api.github.com/repos/JuliaGaussianProcesses/ApproximateGPs.jl/contributors","subscribers_url":"https://api.github.com/repos/JuliaGaussianProcesses/ApproximateGPs.jl/subscribers","subscription_url":"https://api.github.com/repos/JuliaGaussianProcesses/ApproximateGPs.jl/subscription","commits_url":"https://api.github.com/repos/JuliaGaussianProcesses/ApproximateGPs.jl/commits{/sha}","git_commits_url":"https://api.github.com/repos/JuliaGaussianProcesses/ApproximateGPs.jl/git/commits{/sha}","comments_url":"https://api.github.com/repos/JuliaGaussianProcesses/ApproximateGPs.jl/comments{/number}","issue_comment_url":"https://api.github.com/repos/JuliaGaussianProcesses/ApproximateGPs.jl/issues/comments{/number}","contents_url":"https://api.github.com/repos/JuliaGaussianProcesses/ApproximateGPs.jl/contents/{+path}","compare_url":"https://api.github.com/repos/JuliaGaussianProcesses/ApproximateGPs.jl/compare/{base}...{head}","merges_url":"https://api.github.com/repos/JuliaGaussianProcesses/ApproximateGPs.jl/merges","archive_url":"https://api.github.com/repos/JuliaGaussianProcesses/ApproximateGPs.jl/{archive_format}{/ref}","downloads_url":"https://api.github.com/repos/JuliaGaussianProcesses/ApproximateGPs.jl/downloads","issues_url":"https://api.github.com/repos/JuliaGaussianProcesses/ApproximateGPs.jl/issues{/number}","pulls_url":"https://api.github.com/repos/JuliaGaussianProcesses/ApproximateGPs.jl/pulls{/number}","milestones_url":"https://api.github.com/repos/JuliaGaussianProcesses/ApproximateGPs.jl/milestones{/number}","notifications_url":"https://api.github.com/repos/JuliaGaussianProcesses/ApproximateGPs.jl/notifications{?since,all,participating}","labels_url":"https://api.github.com/repos/JuliaGaussianProcesses/ApproximateGPs.jl/labels{/name}","releases_url":"https://api.github.com/repos/JuliaGaussianProcesses/ApproximateGPs.jl/releases{/id}","deployments_url":"https://api.github.com/repos/JuliaGaussianProcesses/ApproximateGPs.jl/deployments","created_at":"2021-06-19T16:32:31Z","updated_at":"2022-05-31T14:35:31Z","pushed_at":"2022-05-09T15:41:38Z","git_url":"git://github.com/JuliaGaussianProcesses/ApproximateGPs.jl.git","ssh_url":"git@github.com:JuliaGaussianProcesses/ApproximateGPs.jl.git","clone_url":"https://github.com/JuliaGaussianProcesses/ApproximateGPs.jl.git","svn_url":"https://github.com/JuliaGaussianProcesses/ApproximateGPs.jl","homepage":"https://juliagaussianprocesses.github.io/ApproximateGPs.jl/dev","size":34800,"stargazers_count":30,"watchers_count":30,"language":"Julia","has_issues":true,"has_projects":true,"has_downloads":true,"has_wiki":true,"has_pages":true,"forks_count":4,"mirror_url":null,"archived":false,"disabled":false,"open_issues_count":24,"license":{"key":"other","name":"Other","spdx_id":"NOASSERTION","url":null,"node_id":"MDc6TGljZW5zZTA="},"allow_forking":true,"is_template":false,"web_commit_signoff_required":false,"topics":[],"visibility":"public","forks":4,"open_issues":24,"watchers":30,"default_branch":"master","permissions":{"admin":false,"maintain":false,"push":false,"triage":false,"pull":true},"temp_clone_token":"","organization":{"login":"JuliaGaussianProcesses","id":57909728,"node_id":"MDEyOk9yZ2FuaXphdGlvbjU3OTA5NzI4","avatar_url":"https://avatars.githubusercontent.com/u/57909728?v=4","gravatar_id":"","url":"https://api.github.com/users/JuliaGaussianProcesses","html_url":"https://github.com/JuliaGaussianProcesses","followers_url":"https://api.github.com/users/JuliaGaussianProcesses/followers","following_url":"https://api.github.com/users/JuliaGaussianProcesses/following{/other_user}","gists_url":"https://api.github.com/users/JuliaGaussianProcesses/gists{/gist_id}","starred_url":"https://api.github.com/users/JuliaGaussianProcesses/starred{/owner}{/repo}","subscriptions_url":"https://api.github.com/users/JuliaGaussianProcesses/subscriptions","organizations_url":"https://api.github.com/users/JuliaGaussianProcesses/orgs","repos_url":"https://api.github.com/users/JuliaGaussianProcesses/repos","events_url":"https://api.github.com/users/JuliaGaussianProcesses/events{/privacy}","received_events_url":"https://api.github.com/users/JuliaGaussianProcesses/received_events","type":"Organization","site_admin":false},"network_count":4,"subscribers_count":6}