{"id":144600920,"node_id":"MDEwOlJlcG9zaXRvcnkxNDQ2MDA5MjA=","name":"ASDF.jl","full_name":"eschnett/ASDF.jl","private":false,"owner":{"login":"eschnett","id":213514,"node_id":"MDQ6VXNlcjIxMzUxNA==","avatar_url":"https://avatars.githubusercontent.com/u/213514?v=4","gravatar_id":"","url":"https://api.github.com/users/eschnett","html_url":"https://github.com/eschnett","followers_url":"https://api.github.com/users/eschnett/followers","following_url":"https://api.github.com/users/eschnett/following{/other_user}","gists_url":"https://api.github.com/users/eschnett/gists{/gist_id}","starred_url":"https://api.github.com/users/eschnett/starred{/owner}{/repo}","subscriptions_url":"https://api.github.com/users/eschnett/subscriptions","organizations_url":"https://api.github.com/users/eschnett/orgs","repos_url":"https://api.github.com/users/eschnett/repos","events_url":"https://api.github.com/users/eschnett/events{/privacy}","received_events_url":"https://api.github.com/users/eschnett/received_events","type":"User","site_admin":false},"html_url":"https://github.com/eschnett/ASDF.jl","description":"A Julia implementation of the Advanced Scientific Data Format (ASDF)","fork":false,"url":"https://api.github.com/repos/eschnett/ASDF.jl","forks_url":"https://api.github.com/repos/eschnett/ASDF.jl/forks","keys_url":"https://api.github.com/repos/eschnett/ASDF.jl/keys{/key_id}","collaborators_url":"https://api.github.com/repos/eschnett/ASDF.jl/collaborators{/collaborator}","teams_url":"https://api.github.com/repos/eschnett/ASDF.jl/teams","hooks_url":"https://api.github.com/repos/eschnett/ASDF.jl/hooks","issue_events_url":"https://api.github.com/repos/eschnett/ASDF.jl/issues/events{/number}","events_url":"https://api.github.com/repos/eschnett/ASDF.jl/events","assignees_url":"https://api.github.com/repos/eschnett/ASDF.jl/assignees{/user}","branches_url":"https://api.github.com/repos/eschnett/ASDF.jl/branches{/branch}","tags_url":"https://api.github.com/repos/eschnett/ASDF.jl/tags","blobs_url":"https://api.github.com/repos/eschnett/ASDF.jl/git/blobs{/sha}","git_tags_url":"https://api.github.com/repos/eschnett/ASDF.jl/git/tags{/sha}","git_refs_url":"https://api.github.com/repos/eschnett/ASDF.jl/git/refs{/sha}","trees_url":"https://api.github.com/repos/eschnett/ASDF.jl/git/trees{/sha}","statuses_url":"https://api.github.com/repos/eschnett/ASDF.jl/statuses/{sha}","languages_url":"https://api.github.com/repos/eschnett/ASDF.jl/languages","stargazers_url":"https://api.github.com/repos/eschnett/ASDF.jl/stargazers","contributors_url":"https://api.github.com/repos/eschnett/ASDF.jl/contributors","subscribers_url":"https://api.github.com/repos/eschnett/ASDF.jl/subscribers","subscription_url":"https://api.github.com/repos/eschnett/ASDF.jl/subscription","commits_url":"https://api.github.com/repos/eschnett/ASDF.jl/commits{/sha}","git_commits_url":"https://api.github.com/repos/eschnett/ASDF.jl/git/commits{/sha}","comments_url":"https://api.github.com/repos/eschnett/ASDF.jl/comments{/number}","issue_comment_url":"https://api.github.com/repos/eschnett/ASDF.jl/issues/comments{/number}","contents_url":"https://api.github.com/repos/eschnett/ASDF.jl/contents/{+path}","compare_url":"https://api.github.com/repos/eschnett/ASDF.jl/compare/{base}...{head}","merges_url":"https://api.github.com/repos/eschnett/ASDF.jl/merges","archive_url":"https://api.github.com/repos/eschnett/ASDF.jl/{archive_format}{/ref}","downloads_url":"https://api.github.com/repos/eschnett/ASDF.jl/downloads","issues_url":"https://api.github.com/repos/eschnett/ASDF.jl/issues{/number}","pulls_url":"https://api.github.com/repos/eschnett/ASDF.jl/pulls{/number}","milestones_url":"https://api.github.com/repos/eschnett/ASDF.jl/milestones{/number}","notifications_url":"https://api.github.com/repos/eschnett/ASDF.jl/notifications{?since,all,participating}","labels_url":"https://api.github.com/repos/eschnett/ASDF.jl/labels{/name}","releases_url":"https://api.github.com/repos/eschnett/ASDF.jl/releases{/id}","deployments_url":"https://api.github.com/repos/eschnett/ASDF.jl/deployments","created_at":"2018-08-13T15:46:57Z","updated_at":"2022-03-22T02:51:07Z","pushed_at":"2020-09-15T14:48:10Z","git_url":"git://github.com/eschnett/ASDF.jl.git","ssh_url":"git@github.com:eschnett/ASDF.jl.git","clone_url":"https://github.com/eschnett/ASDF.jl.git","svn_url":"https://github.com/eschnett/ASDF.jl","homepage":null,"size":58,"stargazers_count":15,"watchers_count":15,"language":"Julia","has_issues":true,"has_projects":true,"has_downloads":true,"has_wiki":true,"has_pages":false,"forks_count":4,"mirror_url":null,"archived":false,"disabled":false,"open_issues_count":3,"license":{"key":"mit","name":"MIT License","spdx_id":"MIT","url":"https://api.github.com/licenses/mit","node_id":"MDc6TGljZW5zZTEz"},"allow_forking":true,"is_template":false,"web_commit_signoff_required":false,"topics":[],"visibility":"public","forks":4,"open_issues":3,"watchers":15,"default_branch":"master","permissions":{"admin":false,"maintain":false,"push":false,"triage":false,"pull":true},"temp_clone_token":"","network_count":4,"subscribers_count":5}