{"id":30043015,"node_id":"MDEwOlJlcG9zaXRvcnkzMDA0MzAxNQ==","name":"AmplNLWriter.jl","full_name":"jump-dev/AmplNLWriter.jl","private":false,"owner":{"login":"jump-dev","id":48496332,"node_id":"MDEyOk9yZ2FuaXphdGlvbjQ4NDk2MzMy","avatar_url":"https://avatars.githubusercontent.com/u/48496332?v=4","gravatar_id":"","url":"https://api.github.com/users/jump-dev","html_url":"https://github.com/jump-dev","followers_url":"https://api.github.com/users/jump-dev/followers","following_url":"https://api.github.com/users/jump-dev/following{/other_user}","gists_url":"https://api.github.com/users/jump-dev/gists{/gist_id}","starred_url":"https://api.github.com/users/jump-dev/starred{/owner}{/repo}","subscriptions_url":"https://api.github.com/users/jump-dev/subscriptions","organizations_url":"https://api.github.com/users/jump-dev/orgs","repos_url":"https://api.github.com/users/jump-dev/repos","events_url":"https://api.github.com/users/jump-dev/events{/privacy}","received_events_url":"https://api.github.com/users/jump-dev/received_events","type":"Organization","site_admin":false},"html_url":"https://github.com/jump-dev/AmplNLWriter.jl","description":"Julia interface to AMPL-enabled solvers","fork":false,"url":"https://api.github.com/repos/jump-dev/AmplNLWriter.jl","forks_url":"https://api.github.com/repos/jump-dev/AmplNLWriter.jl/forks","keys_url":"https://api.github.com/repos/jump-dev/AmplNLWriter.jl/keys{/key_id}","collaborators_url":"https://api.github.com/repos/jump-dev/AmplNLWriter.jl/collaborators{/collaborator}","teams_url":"https://api.github.com/repos/jump-dev/AmplNLWriter.jl/teams","hooks_url":"https://api.github.com/repos/jump-dev/AmplNLWriter.jl/hooks","issue_events_url":"https://api.github.com/repos/jump-dev/AmplNLWriter.jl/issues/events{/number}","events_url":"https://api.github.com/repos/jump-dev/AmplNLWriter.jl/events","assignees_url":"https://api.github.com/repos/jump-dev/AmplNLWriter.jl/assignees{/user}","branches_url":"https://api.github.com/repos/jump-dev/AmplNLWriter.jl/branches{/branch}","tags_url":"https://api.github.com/repos/jump-dev/AmplNLWriter.jl/tags","blobs_url":"https://api.github.com/repos/jump-dev/AmplNLWriter.jl/git/blobs{/sha}","git_tags_url":"https://api.github.com/repos/jump-dev/AmplNLWriter.jl/git/tags{/sha}","git_refs_url":"https://api.github.com/repos/jump-dev/AmplNLWriter.jl/git/refs{/sha}","trees_url":"https://api.github.com/repos/jump-dev/AmplNLWriter.jl/git/trees{/sha}","statuses_url":"https://api.github.com/repos/jump-dev/AmplNLWriter.jl/statuses/{sha}","languages_url":"https://api.github.com/repos/jump-dev/AmplNLWriter.jl/languages","stargazers_url":"https://api.github.com/repos/jump-dev/AmplNLWriter.jl/stargazers","contributors_url":"https://api.github.com/repos/jump-dev/AmplNLWriter.jl/contributors","subscribers_url":"https://api.github.com/repos/jump-dev/AmplNLWriter.jl/subscribers","subscription_url":"https://api.github.com/repos/jump-dev/AmplNLWriter.jl/subscription","commits_url":"https://api.github.com/repos/jump-dev/AmplNLWriter.jl/commits{/sha}","git_commits_url":"https://api.github.com/repos/jump-dev/AmplNLWriter.jl/git/commits{/sha}","comments_url":"https://api.github.com/repos/jump-dev/AmplNLWriter.jl/comments{/number}","issue_comment_url":"https://api.github.com/repos/jump-dev/AmplNLWriter.jl/issues/comments{/number}","contents_url":"https://api.github.com/repos/jump-dev/AmplNLWriter.jl/contents/{+path}","compare_url":"https://api.github.com/repos/jump-dev/AmplNLWriter.jl/compare/{base}...{head}","merges_url":"https://api.github.com/repos/jump-dev/AmplNLWriter.jl/merges","archive_url":"https://api.github.com/repos/jump-dev/AmplNLWriter.jl/{archive_format}{/ref}","downloads_url":"https://api.github.com/repos/jump-dev/AmplNLWriter.jl/downloads","issues_url":"https://api.github.com/repos/jump-dev/AmplNLWriter.jl/issues{/number}","pulls_url":"https://api.github.com/repos/jump-dev/AmplNLWriter.jl/pulls{/number}","milestones_url":"https://api.github.com/repos/jump-dev/AmplNLWriter.jl/milestones{/number}","notifications_url":"https://api.github.com/repos/jump-dev/AmplNLWriter.jl/notifications{?since,all,participating}","labels_url":"https://api.github.com/repos/jump-dev/AmplNLWriter.jl/labels{/name}","releases_url":"https://api.github.com/repos/jump-dev/AmplNLWriter.jl/releases{/id}","deployments_url":"https://api.github.com/repos/jump-dev/AmplNLWriter.jl/deployments","created_at":"2015-01-29T21:49:05Z","updated_at":"2022-06-08T01:50:08Z","pushed_at":"2022-05-23T04:18:55Z","git_url":"git://github.com/jump-dev/AmplNLWriter.jl.git","ssh_url":"git@github.com:jump-dev/AmplNLWriter.jl.git","clone_url":"https://github.com/jump-dev/AmplNLWriter.jl.git","svn_url":"https://github.com/jump-dev/AmplNLWriter.jl","homepage":"http://ampl.com/products/solvers/all-solvers-for-ampl/","size":266,"stargazers_count":52,"watchers_count":52,"language":"Julia","has_issues":true,"has_projects":false,"has_downloads":true,"has_wiki":true,"has_pages":false,"forks_count":20,"mirror_url":null,"archived":false,"disabled":false,"open_issues_count":4,"license":{"key":"mit","name":"MIT License","spdx_id":"MIT","url":"https://api.github.com/licenses/mit","node_id":"MDc6TGljZW5zZTEz"},"allow_forking":true,"is_template":false,"web_commit_signoff_required":false,"topics":[],"visibility":"public","forks":20,"open_issues":4,"watchers":52,"default_branch":"master","permissions":{"admin":false,"maintain":false,"push":false,"triage":false,"pull":true},"temp_clone_token":"","organization":{"login":"jump-dev","id":48496332,"node_id":"MDEyOk9yZ2FuaXphdGlvbjQ4NDk2MzMy","avatar_url":"https://avatars.githubusercontent.com/u/48496332?v=4","gravatar_id":"","url":"https://api.github.com/users/jump-dev","html_url":"https://github.com/jump-dev","followers_url":"https://api.github.com/users/jump-dev/followers","following_url":"https://api.github.com/users/jump-dev/following{/other_user}","gists_url":"https://api.github.com/users/jump-dev/gists{/gist_id}","starred_url":"https://api.github.com/users/jump-dev/starred{/owner}{/repo}","subscriptions_url":"https://api.github.com/users/jump-dev/subscriptions","organizations_url":"https://api.github.com/users/jump-dev/orgs","repos_url":"https://api.github.com/users/jump-dev/repos","events_url":"https://api.github.com/users/jump-dev/events{/privacy}","received_events_url":"https://api.github.com/users/jump-dev/received_events","type":"Organization","site_admin":false},"network_count":20,"subscribers_count":4}