{"id":425327756,"node_id":"R_kgDOGVn8jA","name":"ArgumentModes.jl","full_name":"kareevia/ArgumentModes.jl","private":false,"owner":{"login":"kareevia","id":25153609,"node_id":"MDQ6VXNlcjI1MTUzNjA5","avatar_url":"https://avatars.githubusercontent.com/u/25153609?v=4","gravatar_id":"","url":"https://api.github.com/users/kareevia","html_url":"https://github.com/kareevia","followers_url":"https://api.github.com/users/kareevia/followers","following_url":"https://api.github.com/users/kareevia/following{/other_user}","gists_url":"https://api.github.com/users/kareevia/gists{/gist_id}","starred_url":"https://api.github.com/users/kareevia/starred{/owner}{/repo}","subscriptions_url":"https://api.github.com/users/kareevia/subscriptions","organizations_url":"https://api.github.com/users/kareevia/orgs","repos_url":"https://api.github.com/users/kareevia/repos","events_url":"https://api.github.com/users/kareevia/events{/privacy}","received_events_url":"https://api.github.com/users/kareevia/received_events","type":"User","site_admin":false},"html_url":"https://github.com/kareevia/ArgumentModes.jl","description":"A package for Julia implementing Val-like type for usage as a function argument type based on which the dispatch process can choose the method","fork":false,"url":"https://api.github.com/repos/kareevia/ArgumentModes.jl","forks_url":"https://api.github.com/repos/kareevia/ArgumentModes.jl/forks","keys_url":"https://api.github.com/repos/kareevia/ArgumentModes.jl/keys{/key_id}","collaborators_url":"https://api.github.com/repos/kareevia/ArgumentModes.jl/collaborators{/collaborator}","teams_url":"https://api.github.com/repos/kareevia/ArgumentModes.jl/teams","hooks_url":"https://api.github.com/repos/kareevia/ArgumentModes.jl/hooks","issue_events_url":"https://api.github.com/repos/kareevia/ArgumentModes.jl/issues/events{/number}","events_url":"https://api.github.com/repos/kareevia/ArgumentModes.jl/events","assignees_url":"https://api.github.com/repos/kareevia/ArgumentModes.jl/assignees{/user}","branches_url":"https://api.github.com/repos/kareevia/ArgumentModes.jl/branches{/branch}","tags_url":"https://api.github.com/repos/kareevia/ArgumentModes.jl/tags","blobs_url":"https://api.github.com/repos/kareevia/ArgumentModes.jl/git/blobs{/sha}","git_tags_url":"https://api.github.com/repos/kareevia/ArgumentModes.jl/git/tags{/sha}","git_refs_url":"https://api.github.com/repos/kareevia/ArgumentModes.jl/git/refs{/sha}","trees_url":"https://api.github.com/repos/kareevia/ArgumentModes.jl/git/trees{/sha}","statuses_url":"https://api.github.com/repos/kareevia/ArgumentModes.jl/statuses/{sha}","languages_url":"https://api.github.com/repos/kareevia/ArgumentModes.jl/languages","stargazers_url":"https://api.github.com/repos/kareevia/ArgumentModes.jl/stargazers","contributors_url":"https://api.github.com/repos/kareevia/ArgumentModes.jl/contributors","subscribers_url":"https://api.github.com/repos/kareevia/ArgumentModes.jl/subscribers","subscription_url":"https://api.github.com/repos/kareevia/ArgumentModes.jl/subscription","commits_url":"https://api.github.com/repos/kareevia/ArgumentModes.jl/commits{/sha}","git_commits_url":"https://api.github.com/repos/kareevia/ArgumentModes.jl/git/commits{/sha}","comments_url":"https://api.github.com/repos/kareevia/ArgumentModes.jl/comments{/number}","issue_comment_url":"https://api.github.com/repos/kareevia/ArgumentModes.jl/issues/comments{/number}","contents_url":"https://api.github.com/repos/kareevia/ArgumentModes.jl/contents/{+path}","compare_url":"https://api.github.com/repos/kareevia/ArgumentModes.jl/compare/{base}...{head}","merges_url":"https://api.github.com/repos/kareevia/ArgumentModes.jl/merges","archive_url":"https://api.github.com/repos/kareevia/ArgumentModes.jl/{archive_format}{/ref}","downloads_url":"https://api.github.com/repos/kareevia/ArgumentModes.jl/downloads","issues_url":"https://api.github.com/repos/kareevia/ArgumentModes.jl/issues{/number}","pulls_url":"https://api.github.com/repos/kareevia/ArgumentModes.jl/pulls{/number}","milestones_url":"https://api.github.com/repos/kareevia/ArgumentModes.jl/milestones{/number}","notifications_url":"https://api.github.com/repos/kareevia/ArgumentModes.jl/notifications{?since,all,participating}","labels_url":"https://api.github.com/repos/kareevia/ArgumentModes.jl/labels{/name}","releases_url":"https://api.github.com/repos/kareevia/ArgumentModes.jl/releases{/id}","deployments_url":"https://api.github.com/repos/kareevia/ArgumentModes.jl/deployments","created_at":"2021-11-06T19:13:32Z","updated_at":"2022-02-09T04:10:54Z","pushed_at":"2021-11-07T17:03:30Z","git_url":"git://github.com/kareevia/ArgumentModes.jl.git","ssh_url":"git@github.com:kareevia/ArgumentModes.jl.git","clone_url":"https://github.com/kareevia/ArgumentModes.jl.git","svn_url":"https://github.com/kareevia/ArgumentModes.jl","homepage":"","size":23,"stargazers_count":4,"watchers_count":4,"language":"Julia","has_issues":true,"has_projects":true,"has_downloads":true,"has_wiki":true,"has_pages":false,"forks_count":0,"mirror_url":null,"archived":false,"disabled":false,"open_issues_count":0,"license":{"key":"mit","name":"MIT License","spdx_id":"MIT","url":"https://api.github.com/licenses/mit","node_id":"MDc6TGljZW5zZTEz"},"allow_forking":true,"is_template":false,"web_commit_signoff_required":false,"topics":[],"visibility":"public","forks":0,"open_issues":0,"watchers":4,"default_branch":"main","permissions":{"admin":false,"maintain":false,"push":false,"triage":false,"pull":true},"temp_clone_token":"","network_count":0,"subscribers_count":1}