{"id":135588338,"node_id":"MDEwOlJlcG9zaXRvcnkxMzU1ODgzMzg=","name":"AbstractPlotting.jl","full_name":"JuliaPlots/AbstractPlotting.jl","private":false,"owner":{"login":"JuliaPlots","id":19197049,"node_id":"MDEyOk9yZ2FuaXphdGlvbjE5MTk3MDQ5","avatar_url":"https://avatars.githubusercontent.com/u/19197049?v=4","gravatar_id":"","url":"https://api.github.com/users/JuliaPlots","html_url":"https://github.com/JuliaPlots","followers_url":"https://api.github.com/users/JuliaPlots/followers","following_url":"https://api.github.com/users/JuliaPlots/following{/other_user}","gists_url":"https://api.github.com/users/JuliaPlots/gists{/gist_id}","starred_url":"https://api.github.com/users/JuliaPlots/starred{/owner}{/repo}","subscriptions_url":"https://api.github.com/users/JuliaPlots/subscriptions","organizations_url":"https://api.github.com/users/JuliaPlots/orgs","repos_url":"https://api.github.com/users/JuliaPlots/repos","events_url":"https://api.github.com/users/JuliaPlots/events{/privacy}","received_events_url":"https://api.github.com/users/JuliaPlots/received_events","type":"Organization","site_admin":false},"html_url":"https://github.com/JuliaPlots/AbstractPlotting.jl","description":"An abstract interface for plotting libraries, part of the Makie ecosystem.","fork":false,"url":"https://api.github.com/repos/JuliaPlots/AbstractPlotting.jl","forks_url":"https://api.github.com/repos/JuliaPlots/AbstractPlotting.jl/forks","keys_url":"https://api.github.com/repos/JuliaPlots/AbstractPlotting.jl/keys{/key_id}","collaborators_url":"https://api.github.com/repos/JuliaPlots/AbstractPlotting.jl/collaborators{/collaborator}","teams_url":"https://api.github.com/repos/JuliaPlots/AbstractPlotting.jl/teams","hooks_url":"https://api.github.com/repos/JuliaPlots/AbstractPlotting.jl/hooks","issue_events_url":"https://api.github.com/repos/JuliaPlots/AbstractPlotting.jl/issues/events{/number}","events_url":"https://api.github.com/repos/JuliaPlots/AbstractPlotting.jl/events","assignees_url":"https://api.github.com/repos/JuliaPlots/AbstractPlotting.jl/assignees{/user}","branches_url":"https://api.github.com/repos/JuliaPlots/AbstractPlotting.jl/branches{/branch}","tags_url":"https://api.github.com/repos/JuliaPlots/AbstractPlotting.jl/tags","blobs_url":"https://api.github.com/repos/JuliaPlots/AbstractPlotting.jl/git/blobs{/sha}","git_tags_url":"https://api.github.com/repos/JuliaPlots/AbstractPlotting.jl/git/tags{/sha}","git_refs_url":"https://api.github.com/repos/JuliaPlots/AbstractPlotting.jl/git/refs{/sha}","trees_url":"https://api.github.com/repos/JuliaPlots/AbstractPlotting.jl/git/trees{/sha}","statuses_url":"https://api.github.com/repos/JuliaPlots/AbstractPlotting.jl/statuses/{sha}","languages_url":"https://api.github.com/repos/JuliaPlots/AbstractPlotting.jl/languages","stargazers_url":"https://api.github.com/repos/JuliaPlots/AbstractPlotting.jl/stargazers","contributors_url":"https://api.github.com/repos/JuliaPlots/AbstractPlotting.jl/contributors","subscribers_url":"https://api.github.com/repos/JuliaPlots/AbstractPlotting.jl/subscribers","subscription_url":"https://api.github.com/repos/JuliaPlots/AbstractPlotting.jl/subscription","commits_url":"https://api.github.com/repos/JuliaPlots/AbstractPlotting.jl/commits{/sha}","git_commits_url":"https://api.github.com/repos/JuliaPlots/AbstractPlotting.jl/git/commits{/sha}","comments_url":"https://api.github.com/repos/JuliaPlots/AbstractPlotting.jl/comments{/number}","issue_comment_url":"https://api.github.com/repos/JuliaPlots/AbstractPlotting.jl/issues/comments{/number}","contents_url":"https://api.github.com/repos/JuliaPlots/AbstractPlotting.jl/contents/{+path}","compare_url":"https://api.github.com/repos/JuliaPlots/AbstractPlotting.jl/compare/{base}...{head}","merges_url":"https://api.github.com/repos/JuliaPlots/AbstractPlotting.jl/merges","archive_url":"https://api.github.com/repos/JuliaPlots/AbstractPlotting.jl/{archive_format}{/ref}","downloads_url":"https://api.github.com/repos/JuliaPlots/AbstractPlotting.jl/downloads","issues_url":"https://api.github.com/repos/JuliaPlots/AbstractPlotting.jl/issues{/number}","pulls_url":"https://api.github.com/repos/JuliaPlots/AbstractPlotting.jl/pulls{/number}","milestones_url":"https://api.github.com/repos/JuliaPlots/AbstractPlotting.jl/milestones{/number}","notifications_url":"https://api.github.com/repos/JuliaPlots/AbstractPlotting.jl/notifications{?since,all,participating}","labels_url":"https://api.github.com/repos/JuliaPlots/AbstractPlotting.jl/labels{/name}","releases_url":"https://api.github.com/repos/JuliaPlots/AbstractPlotting.jl/releases{/id}","deployments_url":"https://api.github.com/repos/JuliaPlots/AbstractPlotting.jl/deployments","created_at":"2018-05-31T13:35:49Z","updated_at":"2022-01-25T03:27:01Z","pushed_at":"2021-07-13T12:23:30Z","git_url":"git://github.com/JuliaPlots/AbstractPlotting.jl.git","ssh_url":"git@github.com:JuliaPlots/AbstractPlotting.jl.git","clone_url":"https://github.com/JuliaPlots/AbstractPlotting.jl.git","svn_url":"https://github.com/JuliaPlots/AbstractPlotting.jl","homepage":"http://makie.juliaplots.org/dev","size":26319,"stargazers_count":88,"watchers_count":88,"language":"Julia","has_issues":true,"has_projects":true,"has_downloads":true,"has_wiki":true,"has_pages":false,"forks_count":68,"mirror_url":null,"archived":true,"disabled":false,"open_issues_count":0,"license":{"key":"mit","name":"MIT License","spdx_id":"MIT","url":"https://api.github.com/licenses/mit","node_id":"MDc6TGljZW5zZTEz"},"allow_forking":true,"is_template":false,"web_commit_signoff_required":false,"topics":[],"visibility":"public","forks":68,"open_issues":0,"watchers":88,"default_branch":"master","permissions":{"admin":false,"maintain":false,"push":false,"triage":false,"pull":true},"temp_clone_token":"","organization":{"login":"JuliaPlots","id":19197049,"node_id":"MDEyOk9yZ2FuaXphdGlvbjE5MTk3MDQ5","avatar_url":"https://avatars.githubusercontent.com/u/19197049?v=4","gravatar_id":"","url":"https://api.github.com/users/JuliaPlots","html_url":"https://github.com/JuliaPlots","followers_url":"https://api.github.com/users/JuliaPlots/followers","following_url":"https://api.github.com/users/JuliaPlots/following{/other_user}","gists_url":"https://api.github.com/users/JuliaPlots/gists{/gist_id}","starred_url":"https://api.github.com/users/JuliaPlots/starred{/owner}{/repo}","subscriptions_url":"https://api.github.com/users/JuliaPlots/subscriptions","organizations_url":"https://api.github.com/users/JuliaPlots/orgs","repos_url":"https://api.github.com/users/JuliaPlots/repos","events_url":"https://api.github.com/users/JuliaPlots/events{/privacy}","received_events_url":"https://api.github.com/users/JuliaPlots/received_events","type":"Organization","site_admin":false},"network_count":68,"subscribers_count":11}