{"id":50433592,"node_id":"MDEwOlJlcG9zaXRvcnk1MDQzMzU5Mg==","name":"Anasol.jl","full_name":"madsjulia/Anasol.jl","private":false,"owner":{"login":"madsjulia","id":13813710,"node_id":"MDEyOk9yZ2FuaXphdGlvbjEzODEzNzEw","avatar_url":"https://avatars.githubusercontent.com/u/13813710?v=4","gravatar_id":"","url":"https://api.github.com/users/madsjulia","html_url":"https://github.com/madsjulia","followers_url":"https://api.github.com/users/madsjulia/followers","following_url":"https://api.github.com/users/madsjulia/following{/other_user}","gists_url":"https://api.github.com/users/madsjulia/gists{/gist_id}","starred_url":"https://api.github.com/users/madsjulia/starred{/owner}{/repo}","subscriptions_url":"https://api.github.com/users/madsjulia/subscriptions","organizations_url":"https://api.github.com/users/madsjulia/orgs","repos_url":"https://api.github.com/users/madsjulia/repos","events_url":"https://api.github.com/users/madsjulia/events{/privacy}","received_events_url":"https://api.github.com/users/madsjulia/received_events","type":"Organization","site_admin":false},"html_url":"https://github.com/madsjulia/Anasol.jl","description":"Analytical solutions for groundwater contaminant transport","fork":false,"url":"https://api.github.com/repos/madsjulia/Anasol.jl","forks_url":"https://api.github.com/repos/madsjulia/Anasol.jl/forks","keys_url":"https://api.github.com/repos/madsjulia/Anasol.jl/keys{/key_id}","collaborators_url":"https://api.github.com/repos/madsjulia/Anasol.jl/collaborators{/collaborator}","teams_url":"https://api.github.com/repos/madsjulia/Anasol.jl/teams","hooks_url":"https://api.github.com/repos/madsjulia/Anasol.jl/hooks","issue_events_url":"https://api.github.com/repos/madsjulia/Anasol.jl/issues/events{/number}","events_url":"https://api.github.com/repos/madsjulia/Anasol.jl/events","assignees_url":"https://api.github.com/repos/madsjulia/Anasol.jl/assignees{/user}","branches_url":"https://api.github.com/repos/madsjulia/Anasol.jl/branches{/branch}","tags_url":"https://api.github.com/repos/madsjulia/Anasol.jl/tags","blobs_url":"https://api.github.com/repos/madsjulia/Anasol.jl/git/blobs{/sha}","git_tags_url":"https://api.github.com/repos/madsjulia/Anasol.jl/git/tags{/sha}","git_refs_url":"https://api.github.com/repos/madsjulia/Anasol.jl/git/refs{/sha}","trees_url":"https://api.github.com/repos/madsjulia/Anasol.jl/git/trees{/sha}","statuses_url":"https://api.github.com/repos/madsjulia/Anasol.jl/statuses/{sha}","languages_url":"https://api.github.com/repos/madsjulia/Anasol.jl/languages","stargazers_url":"https://api.github.com/repos/madsjulia/Anasol.jl/stargazers","contributors_url":"https://api.github.com/repos/madsjulia/Anasol.jl/contributors","subscribers_url":"https://api.github.com/repos/madsjulia/Anasol.jl/subscribers","subscription_url":"https://api.github.com/repos/madsjulia/Anasol.jl/subscription","commits_url":"https://api.github.com/repos/madsjulia/Anasol.jl/commits{/sha}","git_commits_url":"https://api.github.com/repos/madsjulia/Anasol.jl/git/commits{/sha}","comments_url":"https://api.github.com/repos/madsjulia/Anasol.jl/comments{/number}","issue_comment_url":"https://api.github.com/repos/madsjulia/Anasol.jl/issues/comments{/number}","contents_url":"https://api.github.com/repos/madsjulia/Anasol.jl/contents/{+path}","compare_url":"https://api.github.com/repos/madsjulia/Anasol.jl/compare/{base}...{head}","merges_url":"https://api.github.com/repos/madsjulia/Anasol.jl/merges","archive_url":"https://api.github.com/repos/madsjulia/Anasol.jl/{archive_format}{/ref}","downloads_url":"https://api.github.com/repos/madsjulia/Anasol.jl/downloads","issues_url":"https://api.github.com/repos/madsjulia/Anasol.jl/issues{/number}","pulls_url":"https://api.github.com/repos/madsjulia/Anasol.jl/pulls{/number}","milestones_url":"https://api.github.com/repos/madsjulia/Anasol.jl/milestones{/number}","notifications_url":"https://api.github.com/repos/madsjulia/Anasol.jl/notifications{?since,all,participating}","labels_url":"https://api.github.com/repos/madsjulia/Anasol.jl/labels{/name}","releases_url":"https://api.github.com/repos/madsjulia/Anasol.jl/releases{/id}","deployments_url":"https://api.github.com/repos/madsjulia/Anasol.jl/deployments","created_at":"2016-01-26T14:23:57Z","updated_at":"2022-05-06T10:23:19Z","pushed_at":"2021-03-25T15:16:19Z","git_url":"git://github.com/madsjulia/Anasol.jl.git","ssh_url":"git@github.com:madsjulia/Anasol.jl.git","clone_url":"https://github.com/madsjulia/Anasol.jl.git","svn_url":"https://github.com/madsjulia/Anasol.jl","homepage":"http://mads.gitlab.io","size":90,"stargazers_count":8,"watchers_count":8,"language":"Julia","has_issues":true,"has_projects":true,"has_downloads":true,"has_wiki":true,"has_pages":false,"forks_count":4,"mirror_url":null,"archived":false,"disabled":false,"open_issues_count":1,"license":{"key":"gpl-3.0","name":"GNU General Public License v3.0","spdx_id":"GPL-3.0","url":"https://api.github.com/licenses/gpl-3.0","node_id":"MDc6TGljZW5zZTk="},"allow_forking":true,"is_template":false,"web_commit_signoff_required":false,"topics":["analyses","analytical-solution","contamination","decision-support","flow","groundwater","julia","mads","migration","modeling","prediction","sensitivity-analysis","transport","uncertainty-quantification"],"visibility":"public","forks":4,"open_issues":1,"watchers":8,"default_branch":"master","permissions":{"admin":false,"maintain":false,"push":false,"triage":false,"pull":true},"temp_clone_token":"","organization":{"login":"madsjulia","id":13813710,"node_id":"MDEyOk9yZ2FuaXphdGlvbjEzODEzNzEw","avatar_url":"https://avatars.githubusercontent.com/u/13813710?v=4","gravatar_id":"","url":"https://api.github.com/users/madsjulia","html_url":"https://github.com/madsjulia","followers_url":"https://api.github.com/users/madsjulia/followers","following_url":"https://api.github.com/users/madsjulia/following{/other_user}","gists_url":"https://api.github.com/users/madsjulia/gists{/gist_id}","starred_url":"https://api.github.com/users/madsjulia/starred{/owner}{/repo}","subscriptions_url":"https://api.github.com/users/madsjulia/subscriptions","organizations_url":"https://api.github.com/users/madsjulia/orgs","repos_url":"https://api.github.com/users/madsjulia/repos","events_url":"https://api.github.com/users/madsjulia/events{/privacy}","received_events_url":"https://api.github.com/users/madsjulia/received_events","type":"Organization","site_admin":false},"network_count":4,"subscribers_count":8}