{"id":406473282,"node_id":"MDEwOlJlcG9zaXRvcnk0MDY0NzMyODI=","name":"AirfoilMeshers.jl","full_name":"xue-cheng/AirfoilMeshers.jl","private":false,"owner":{"login":"xue-cheng","id":32907024,"node_id":"MDQ6VXNlcjMyOTA3MDI0","avatar_url":"https://avatars.githubusercontent.com/u/32907024?v=4","gravatar_id":"","url":"https://api.github.com/users/xue-cheng","html_url":"https://github.com/xue-cheng","followers_url":"https://api.github.com/users/xue-cheng/followers","following_url":"https://api.github.com/users/xue-cheng/following{/other_user}","gists_url":"https://api.github.com/users/xue-cheng/gists{/gist_id}","starred_url":"https://api.github.com/users/xue-cheng/starred{/owner}{/repo}","subscriptions_url":"https://api.github.com/users/xue-cheng/subscriptions","organizations_url":"https://api.github.com/users/xue-cheng/orgs","repos_url":"https://api.github.com/users/xue-cheng/repos","events_url":"https://api.github.com/users/xue-cheng/events{/privacy}","received_events_url":"https://api.github.com/users/xue-cheng/received_events","type":"User","site_admin":false},"html_url":"https://github.com/xue-cheng/AirfoilMeshers.jl","description":null,"fork":false,"url":"https://api.github.com/repos/xue-cheng/AirfoilMeshers.jl","forks_url":"https://api.github.com/repos/xue-cheng/AirfoilMeshers.jl/forks","keys_url":"https://api.github.com/repos/xue-cheng/AirfoilMeshers.jl/keys{/key_id}","collaborators_url":"https://api.github.com/repos/xue-cheng/AirfoilMeshers.jl/collaborators{/collaborator}","teams_url":"https://api.github.com/repos/xue-cheng/AirfoilMeshers.jl/teams","hooks_url":"https://api.github.com/repos/xue-cheng/AirfoilMeshers.jl/hooks","issue_events_url":"https://api.github.com/repos/xue-cheng/AirfoilMeshers.jl/issues/events{/number}","events_url":"https://api.github.com/repos/xue-cheng/AirfoilMeshers.jl/events","assignees_url":"https://api.github.com/repos/xue-cheng/AirfoilMeshers.jl/assignees{/user}","branches_url":"https://api.github.com/repos/xue-cheng/AirfoilMeshers.jl/branches{/branch}","tags_url":"https://api.github.com/repos/xue-cheng/AirfoilMeshers.jl/tags","blobs_url":"https://api.github.com/repos/xue-cheng/AirfoilMeshers.jl/git/blobs{/sha}","git_tags_url":"https://api.github.com/repos/xue-cheng/AirfoilMeshers.jl/git/tags{/sha}","git_refs_url":"https://api.github.com/repos/xue-cheng/AirfoilMeshers.jl/git/refs{/sha}","trees_url":"https://api.github.com/repos/xue-cheng/AirfoilMeshers.jl/git/trees{/sha}","statuses_url":"https://api.github.com/repos/xue-cheng/AirfoilMeshers.jl/statuses/{sha}","languages_url":"https://api.github.com/repos/xue-cheng/AirfoilMeshers.jl/languages","stargazers_url":"https://api.github.com/repos/xue-cheng/AirfoilMeshers.jl/stargazers","contributors_url":"https://api.github.com/repos/xue-cheng/AirfoilMeshers.jl/contributors","subscribers_url":"https://api.github.com/repos/xue-cheng/AirfoilMeshers.jl/subscribers","subscription_url":"https://api.github.com/repos/xue-cheng/AirfoilMeshers.jl/subscription","commits_url":"https://api.github.com/repos/xue-cheng/AirfoilMeshers.jl/commits{/sha}","git_commits_url":"https://api.github.com/repos/xue-cheng/AirfoilMeshers.jl/git/commits{/sha}","comments_url":"https://api.github.com/repos/xue-cheng/AirfoilMeshers.jl/comments{/number}","issue_comment_url":"https://api.github.com/repos/xue-cheng/AirfoilMeshers.jl/issues/comments{/number}","contents_url":"https://api.github.com/repos/xue-cheng/AirfoilMeshers.jl/contents/{+path}","compare_url":"https://api.github.com/repos/xue-cheng/AirfoilMeshers.jl/compare/{base}...{head}","merges_url":"https://api.github.com/repos/xue-cheng/AirfoilMeshers.jl/merges","archive_url":"https://api.github.com/repos/xue-cheng/AirfoilMeshers.jl/{archive_format}{/ref}","downloads_url":"https://api.github.com/repos/xue-cheng/AirfoilMeshers.jl/downloads","issues_url":"https://api.github.com/repos/xue-cheng/AirfoilMeshers.jl/issues{/number}","pulls_url":"https://api.github.com/repos/xue-cheng/AirfoilMeshers.jl/pulls{/number}","milestones_url":"https://api.github.com/repos/xue-cheng/AirfoilMeshers.jl/milestones{/number}","notifications_url":"https://api.github.com/repos/xue-cheng/AirfoilMeshers.jl/notifications{?since,all,participating}","labels_url":"https://api.github.com/repos/xue-cheng/AirfoilMeshers.jl/labels{/name}","releases_url":"https://api.github.com/repos/xue-cheng/AirfoilMeshers.jl/releases{/id}","deployments_url":"https://api.github.com/repos/xue-cheng/AirfoilMeshers.jl/deployments","created_at":"2021-09-14T18:06:01Z","updated_at":"2021-12-01T02:21:43Z","pushed_at":"2022-03-09T10:45:06Z","git_url":"git://github.com/xue-cheng/AirfoilMeshers.jl.git","ssh_url":"git@github.com:xue-cheng/AirfoilMeshers.jl.git","clone_url":"https://github.com/xue-cheng/AirfoilMeshers.jl.git","svn_url":"https://github.com/xue-cheng/AirfoilMeshers.jl","homepage":null,"size":47,"stargazers_count":0,"watchers_count":0,"language":"Julia","has_issues":true,"has_projects":true,"has_downloads":true,"has_wiki":true,"has_pages":false,"forks_count":0,"mirror_url":null,"archived":false,"disabled":false,"open_issues_count":0,"license":{"key":"mit","name":"MIT License","spdx_id":"MIT","url":"https://api.github.com/licenses/mit","node_id":"MDc6TGljZW5zZTEz"},"allow_forking":true,"is_template":false,"web_commit_signoff_required":false,"topics":[],"visibility":"public","forks":0,"open_issues":0,"watchers":0,"default_branch":"main","permissions":{"admin":false,"maintain":false,"push":false,"triage":false,"pull":true},"temp_clone_token":"","network_count":0,"subscribers_count":1}