{"id":178710690,"node_id":"MDEwOlJlcG9zaXRvcnkxNzg3MTA2OTA=","name":"ApproxFunFourier.jl","full_name":"JuliaApproximation/ApproxFunFourier.jl","private":false,"owner":{"login":"JuliaApproximation","id":10121696,"node_id":"MDEyOk9yZ2FuaXphdGlvbjEwMTIxNjk2","avatar_url":"https://avatars.githubusercontent.com/u/10121696?v=4","gravatar_id":"","url":"https://api.github.com/users/JuliaApproximation","html_url":"https://github.com/JuliaApproximation","followers_url":"https://api.github.com/users/JuliaApproximation/followers","following_url":"https://api.github.com/users/JuliaApproximation/following{/other_user}","gists_url":"https://api.github.com/users/JuliaApproximation/gists{/gist_id}","starred_url":"https://api.github.com/users/JuliaApproximation/starred{/owner}{/repo}","subscriptions_url":"https://api.github.com/users/JuliaApproximation/subscriptions","organizations_url":"https://api.github.com/users/JuliaApproximation/orgs","repos_url":"https://api.github.com/users/JuliaApproximation/repos","events_url":"https://api.github.com/users/JuliaApproximation/events{/privacy}","received_events_url":"https://api.github.com/users/JuliaApproximation/received_events","type":"Organization","site_admin":false},"html_url":"https://github.com/JuliaApproximation/ApproxFunFourier.jl","description":"Support for Fourier-based spaces in ApproxFun","fork":false,"url":"https://api.github.com/repos/JuliaApproximation/ApproxFunFourier.jl","forks_url":"https://api.github.com/repos/JuliaApproximation/ApproxFunFourier.jl/forks","keys_url":"https://api.github.com/repos/JuliaApproximation/ApproxFunFourier.jl/keys{/key_id}","collaborators_url":"https://api.github.com/repos/JuliaApproximation/ApproxFunFourier.jl/collaborators{/collaborator}","teams_url":"https://api.github.com/repos/JuliaApproximation/ApproxFunFourier.jl/teams","hooks_url":"https://api.github.com/repos/JuliaApproximation/ApproxFunFourier.jl/hooks","issue_events_url":"https://api.github.com/repos/JuliaApproximation/ApproxFunFourier.jl/issues/events{/number}","events_url":"https://api.github.com/repos/JuliaApproximation/ApproxFunFourier.jl/events","assignees_url":"https://api.github.com/repos/JuliaApproximation/ApproxFunFourier.jl/assignees{/user}","branches_url":"https://api.github.com/repos/JuliaApproximation/ApproxFunFourier.jl/branches{/branch}","tags_url":"https://api.github.com/repos/JuliaApproximation/ApproxFunFourier.jl/tags","blobs_url":"https://api.github.com/repos/JuliaApproximation/ApproxFunFourier.jl/git/blobs{/sha}","git_tags_url":"https://api.github.com/repos/JuliaApproximation/ApproxFunFourier.jl/git/tags{/sha}","git_refs_url":"https://api.github.com/repos/JuliaApproximation/ApproxFunFourier.jl/git/refs{/sha}","trees_url":"https://api.github.com/repos/JuliaApproximation/ApproxFunFourier.jl/git/trees{/sha}","statuses_url":"https://api.github.com/repos/JuliaApproximation/ApproxFunFourier.jl/statuses/{sha}","languages_url":"https://api.github.com/repos/JuliaApproximation/ApproxFunFourier.jl/languages","stargazers_url":"https://api.github.com/repos/JuliaApproximation/ApproxFunFourier.jl/stargazers","contributors_url":"https://api.github.com/repos/JuliaApproximation/ApproxFunFourier.jl/contributors","subscribers_url":"https://api.github.com/repos/JuliaApproximation/ApproxFunFourier.jl/subscribers","subscription_url":"https://api.github.com/repos/JuliaApproximation/ApproxFunFourier.jl/subscription","commits_url":"https://api.github.com/repos/JuliaApproximation/ApproxFunFourier.jl/commits{/sha}","git_commits_url":"https://api.github.com/repos/JuliaApproximation/ApproxFunFourier.jl/git/commits{/sha}","comments_url":"https://api.github.com/repos/JuliaApproximation/ApproxFunFourier.jl/comments{/number}","issue_comment_url":"https://api.github.com/repos/JuliaApproximation/ApproxFunFourier.jl/issues/comments{/number}","contents_url":"https://api.github.com/repos/JuliaApproximation/ApproxFunFourier.jl/contents/{+path}","compare_url":"https://api.github.com/repos/JuliaApproximation/ApproxFunFourier.jl/compare/{base}...{head}","merges_url":"https://api.github.com/repos/JuliaApproximation/ApproxFunFourier.jl/merges","archive_url":"https://api.github.com/repos/JuliaApproximation/ApproxFunFourier.jl/{archive_format}{/ref}","downloads_url":"https://api.github.com/repos/JuliaApproximation/ApproxFunFourier.jl/downloads","issues_url":"https://api.github.com/repos/JuliaApproximation/ApproxFunFourier.jl/issues{/number}","pulls_url":"https://api.github.com/repos/JuliaApproximation/ApproxFunFourier.jl/pulls{/number}","milestones_url":"https://api.github.com/repos/JuliaApproximation/ApproxFunFourier.jl/milestones{/number}","notifications_url":"https://api.github.com/repos/JuliaApproximation/ApproxFunFourier.jl/notifications{?since,all,participating}","labels_url":"https://api.github.com/repos/JuliaApproximation/ApproxFunFourier.jl/labels{/name}","releases_url":"https://api.github.com/repos/JuliaApproximation/ApproxFunFourier.jl/releases{/id}","deployments_url":"https://api.github.com/repos/JuliaApproximation/ApproxFunFourier.jl/deployments","created_at":"2019-03-31T16:05:41Z","updated_at":"2021-11-07T22:36:53Z","pushed_at":"2022-05-31T20:40:55Z","git_url":"git://github.com/JuliaApproximation/ApproxFunFourier.jl.git","ssh_url":"git@github.com:JuliaApproximation/ApproxFunFourier.jl.git","clone_url":"https://github.com/JuliaApproximation/ApproxFunFourier.jl.git","svn_url":"https://github.com/JuliaApproximation/ApproxFunFourier.jl","homepage":null,"size":84,"stargazers_count":5,"watchers_count":5,"language":"Julia","has_issues":true,"has_projects":true,"has_downloads":true,"has_wiki":true,"has_pages":false,"forks_count":2,"mirror_url":null,"archived":false,"disabled":false,"open_issues_count":1,"license":{"key":"mit","name":"MIT License","spdx_id":"MIT","url":"https://api.github.com/licenses/mit","node_id":"MDc6TGljZW5zZTEz"},"allow_forking":true,"is_template":false,"web_commit_signoff_required":false,"topics":[],"visibility":"public","forks":2,"open_issues":1,"watchers":5,"default_branch":"master","permissions":{"admin":false,"maintain":false,"push":false,"triage":false,"pull":true},"temp_clone_token":"","organization":{"login":"JuliaApproximation","id":10121696,"node_id":"MDEyOk9yZ2FuaXphdGlvbjEwMTIxNjk2","avatar_url":"https://avatars.githubusercontent.com/u/10121696?v=4","gravatar_id":"","url":"https://api.github.com/users/JuliaApproximation","html_url":"https://github.com/JuliaApproximation","followers_url":"https://api.github.com/users/JuliaApproximation/followers","following_url":"https://api.github.com/users/JuliaApproximation/following{/other_user}","gists_url":"https://api.github.com/users/JuliaApproximation/gists{/gist_id}","starred_url":"https://api.github.com/users/JuliaApproximation/starred{/owner}{/repo}","subscriptions_url":"https://api.github.com/users/JuliaApproximation/subscriptions","organizations_url":"https://api.github.com/users/JuliaApproximation/orgs","repos_url":"https://api.github.com/users/JuliaApproximation/repos","events_url":"https://api.github.com/users/JuliaApproximation/events{/privacy}","received_events_url":"https://api.github.com/users/JuliaApproximation/received_events","type":"Organization","site_admin":false},"network_count":2,"subscribers_count":5}