{"id":39520281,"node_id":"MDEwOlJlcG9zaXRvcnkzOTUyMDI4MQ==","name":"AbstractTrees.jl","full_name":"JuliaCollections/AbstractTrees.jl","private":false,"owner":{"login":"JuliaCollections","id":24502254,"node_id":"MDEyOk9yZ2FuaXphdGlvbjI0NTAyMjU0","avatar_url":"https://avatars.githubusercontent.com/u/24502254?v=4","gravatar_id":"","url":"https://api.github.com/users/JuliaCollections","html_url":"https://github.com/JuliaCollections","followers_url":"https://api.github.com/users/JuliaCollections/followers","following_url":"https://api.github.com/users/JuliaCollections/following{/other_user}","gists_url":"https://api.github.com/users/JuliaCollections/gists{/gist_id}","starred_url":"https://api.github.com/users/JuliaCollections/starred{/owner}{/repo}","subscriptions_url":"https://api.github.com/users/JuliaCollections/subscriptions","organizations_url":"https://api.github.com/users/JuliaCollections/orgs","repos_url":"https://api.github.com/users/JuliaCollections/repos","events_url":"https://api.github.com/users/JuliaCollections/events{/privacy}","received_events_url":"https://api.github.com/users/JuliaCollections/received_events","type":"Organization","site_admin":false},"html_url":"https://github.com/JuliaCollections/AbstractTrees.jl","description":"Abstract julia interfaces for working with trees","fork":false,"url":"https://api.github.com/repos/JuliaCollections/AbstractTrees.jl","forks_url":"https://api.github.com/repos/JuliaCollections/AbstractTrees.jl/forks","keys_url":"https://api.github.com/repos/JuliaCollections/AbstractTrees.jl/keys{/key_id}","collaborators_url":"https://api.github.com/repos/JuliaCollections/AbstractTrees.jl/collaborators{/collaborator}","teams_url":"https://api.github.com/repos/JuliaCollections/AbstractTrees.jl/teams","hooks_url":"https://api.github.com/repos/JuliaCollections/AbstractTrees.jl/hooks","issue_events_url":"https://api.github.com/repos/JuliaCollections/AbstractTrees.jl/issues/events{/number}","events_url":"https://api.github.com/repos/JuliaCollections/AbstractTrees.jl/events","assignees_url":"https://api.github.com/repos/JuliaCollections/AbstractTrees.jl/assignees{/user}","branches_url":"https://api.github.com/repos/JuliaCollections/AbstractTrees.jl/branches{/branch}","tags_url":"https://api.github.com/repos/JuliaCollections/AbstractTrees.jl/tags","blobs_url":"https://api.github.com/repos/JuliaCollections/AbstractTrees.jl/git/blobs{/sha}","git_tags_url":"https://api.github.com/repos/JuliaCollections/AbstractTrees.jl/git/tags{/sha}","git_refs_url":"https://api.github.com/repos/JuliaCollections/AbstractTrees.jl/git/refs{/sha}","trees_url":"https://api.github.com/repos/JuliaCollections/AbstractTrees.jl/git/trees{/sha}","statuses_url":"https://api.github.com/repos/JuliaCollections/AbstractTrees.jl/statuses/{sha}","languages_url":"https://api.github.com/repos/JuliaCollections/AbstractTrees.jl/languages","stargazers_url":"https://api.github.com/repos/JuliaCollections/AbstractTrees.jl/stargazers","contributors_url":"https://api.github.com/repos/JuliaCollections/AbstractTrees.jl/contributors","subscribers_url":"https://api.github.com/repos/JuliaCollections/AbstractTrees.jl/subscribers","subscription_url":"https://api.github.com/repos/JuliaCollections/AbstractTrees.jl/subscription","commits_url":"https://api.github.com/repos/JuliaCollections/AbstractTrees.jl/commits{/sha}","git_commits_url":"https://api.github.com/repos/JuliaCollections/AbstractTrees.jl/git/commits{/sha}","comments_url":"https://api.github.com/repos/JuliaCollections/AbstractTrees.jl/comments{/number}","issue_comment_url":"https://api.github.com/repos/JuliaCollections/AbstractTrees.jl/issues/comments{/number}","contents_url":"https://api.github.com/repos/JuliaCollections/AbstractTrees.jl/contents/{+path}","compare_url":"https://api.github.com/repos/JuliaCollections/AbstractTrees.jl/compare/{base}...{head}","merges_url":"https://api.github.com/repos/JuliaCollections/AbstractTrees.jl/merges","archive_url":"https://api.github.com/repos/JuliaCollections/AbstractTrees.jl/{archive_format}{/ref}","downloads_url":"https://api.github.com/repos/JuliaCollections/AbstractTrees.jl/downloads","issues_url":"https://api.github.com/repos/JuliaCollections/AbstractTrees.jl/issues{/number}","pulls_url":"https://api.github.com/repos/JuliaCollections/AbstractTrees.jl/pulls{/number}","milestones_url":"https://api.github.com/repos/JuliaCollections/AbstractTrees.jl/milestones{/number}","notifications_url":"https://api.github.com/repos/JuliaCollections/AbstractTrees.jl/notifications{?since,all,participating}","labels_url":"https://api.github.com/repos/JuliaCollections/AbstractTrees.jl/labels{/name}","releases_url":"https://api.github.com/repos/JuliaCollections/AbstractTrees.jl/releases{/id}","deployments_url":"https://api.github.com/repos/JuliaCollections/AbstractTrees.jl/deployments","created_at":"2015-07-22T17:32:10Z","updated_at":"2022-06-26T19:36:17Z","pushed_at":"2022-06-23T20:26:49Z","git_url":"git://github.com/JuliaCollections/AbstractTrees.jl.git","ssh_url":"git@github.com:JuliaCollections/AbstractTrees.jl.git","clone_url":"https://github.com/JuliaCollections/AbstractTrees.jl.git","svn_url":"https://github.com/JuliaCollections/AbstractTrees.jl","homepage":null,"size":519,"stargazers_count":158,"watchers_count":158,"language":"Julia","has_issues":true,"has_projects":true,"has_downloads":true,"has_wiki":true,"has_pages":true,"forks_count":43,"mirror_url":null,"archived":false,"disabled":false,"open_issues_count":19,"license":{"key":"other","name":"Other","spdx_id":"NOASSERTION","url":null,"node_id":"MDc6TGljZW5zZTA="},"allow_forking":true,"is_template":false,"web_commit_signoff_required":false,"topics":[],"visibility":"public","forks":43,"open_issues":19,"watchers":158,"default_branch":"master","permissions":{"admin":false,"maintain":false,"push":false,"triage":false,"pull":true},"temp_clone_token":"","organization":{"login":"JuliaCollections","id":24502254,"node_id":"MDEyOk9yZ2FuaXphdGlvbjI0NTAyMjU0","avatar_url":"https://avatars.githubusercontent.com/u/24502254?v=4","gravatar_id":"","url":"https://api.github.com/users/JuliaCollections","html_url":"https://github.com/JuliaCollections","followers_url":"https://api.github.com/users/JuliaCollections/followers","following_url":"https://api.github.com/users/JuliaCollections/following{/other_user}","gists_url":"https://api.github.com/users/JuliaCollections/gists{/gist_id}","starred_url":"https://api.github.com/users/JuliaCollections/starred{/owner}{/repo}","subscriptions_url":"https://api.github.com/users/JuliaCollections/subscriptions","organizations_url":"https://api.github.com/users/JuliaCollections/orgs","repos_url":"https://api.github.com/users/JuliaCollections/repos","events_url":"https://api.github.com/users/JuliaCollections/events{/privacy}","received_events_url":"https://api.github.com/users/JuliaCollections/received_events","type":"Organization","site_admin":false},"network_count":43,"subscribers_count":11}