{"id":82024483,"node_id":"MDEwOlJlcG9zaXRvcnk4MjAyNDQ4Mw==","name":"ArgCheck.jl","full_name":"jw3126/ArgCheck.jl","private":false,"owner":{"login":"jw3126","id":7261506,"node_id":"MDQ6VXNlcjcyNjE1MDY=","avatar_url":"https://avatars.githubusercontent.com/u/7261506?v=4","gravatar_id":"","url":"https://api.github.com/users/jw3126","html_url":"https://github.com/jw3126","followers_url":"https://api.github.com/users/jw3126/followers","following_url":"https://api.github.com/users/jw3126/following{/other_user}","gists_url":"https://api.github.com/users/jw3126/gists{/gist_id}","starred_url":"https://api.github.com/users/jw3126/starred{/owner}{/repo}","subscriptions_url":"https://api.github.com/users/jw3126/subscriptions","organizations_url":"https://api.github.com/users/jw3126/orgs","repos_url":"https://api.github.com/users/jw3126/repos","events_url":"https://api.github.com/users/jw3126/events{/privacy}","received_events_url":"https://api.github.com/users/jw3126/received_events","type":"User","site_admin":false},"html_url":"https://github.com/jw3126/ArgCheck.jl","description":"Package for checking function arguments","fork":false,"url":"https://api.github.com/repos/jw3126/ArgCheck.jl","forks_url":"https://api.github.com/repos/jw3126/ArgCheck.jl/forks","keys_url":"https://api.github.com/repos/jw3126/ArgCheck.jl/keys{/key_id}","collaborators_url":"https://api.github.com/repos/jw3126/ArgCheck.jl/collaborators{/collaborator}","teams_url":"https://api.github.com/repos/jw3126/ArgCheck.jl/teams","hooks_url":"https://api.github.com/repos/jw3126/ArgCheck.jl/hooks","issue_events_url":"https://api.github.com/repos/jw3126/ArgCheck.jl/issues/events{/number}","events_url":"https://api.github.com/repos/jw3126/ArgCheck.jl/events","assignees_url":"https://api.github.com/repos/jw3126/ArgCheck.jl/assignees{/user}","branches_url":"https://api.github.com/repos/jw3126/ArgCheck.jl/branches{/branch}","tags_url":"https://api.github.com/repos/jw3126/ArgCheck.jl/tags","blobs_url":"https://api.github.com/repos/jw3126/ArgCheck.jl/git/blobs{/sha}","git_tags_url":"https://api.github.com/repos/jw3126/ArgCheck.jl/git/tags{/sha}","git_refs_url":"https://api.github.com/repos/jw3126/ArgCheck.jl/git/refs{/sha}","trees_url":"https://api.github.com/repos/jw3126/ArgCheck.jl/git/trees{/sha}","statuses_url":"https://api.github.com/repos/jw3126/ArgCheck.jl/statuses/{sha}","languages_url":"https://api.github.com/repos/jw3126/ArgCheck.jl/languages","stargazers_url":"https://api.github.com/repos/jw3126/ArgCheck.jl/stargazers","contributors_url":"https://api.github.com/repos/jw3126/ArgCheck.jl/contributors","subscribers_url":"https://api.github.com/repos/jw3126/ArgCheck.jl/subscribers","subscription_url":"https://api.github.com/repos/jw3126/ArgCheck.jl/subscription","commits_url":"https://api.github.com/repos/jw3126/ArgCheck.jl/commits{/sha}","git_commits_url":"https://api.github.com/repos/jw3126/ArgCheck.jl/git/commits{/sha}","comments_url":"https://api.github.com/repos/jw3126/ArgCheck.jl/comments{/number}","issue_comment_url":"https://api.github.com/repos/jw3126/ArgCheck.jl/issues/comments{/number}","contents_url":"https://api.github.com/repos/jw3126/ArgCheck.jl/contents/{+path}","compare_url":"https://api.github.com/repos/jw3126/ArgCheck.jl/compare/{base}...{head}","merges_url":"https://api.github.com/repos/jw3126/ArgCheck.jl/merges","archive_url":"https://api.github.com/repos/jw3126/ArgCheck.jl/{archive_format}{/ref}","downloads_url":"https://api.github.com/repos/jw3126/ArgCheck.jl/downloads","issues_url":"https://api.github.com/repos/jw3126/ArgCheck.jl/issues{/number}","pulls_url":"https://api.github.com/repos/jw3126/ArgCheck.jl/pulls{/number}","milestones_url":"https://api.github.com/repos/jw3126/ArgCheck.jl/milestones{/number}","notifications_url":"https://api.github.com/repos/jw3126/ArgCheck.jl/notifications{?since,all,participating}","labels_url":"https://api.github.com/repos/jw3126/ArgCheck.jl/labels{/name}","releases_url":"https://api.github.com/repos/jw3126/ArgCheck.jl/releases{/id}","deployments_url":"https://api.github.com/repos/jw3126/ArgCheck.jl/deployments","created_at":"2017-02-15T05:40:53Z","updated_at":"2022-02-14T03:51:16Z","pushed_at":"2022-06-02T13:07:15Z","git_url":"git://github.com/jw3126/ArgCheck.jl.git","ssh_url":"git@github.com:jw3126/ArgCheck.jl.git","clone_url":"https://github.com/jw3126/ArgCheck.jl.git","svn_url":"https://github.com/jw3126/ArgCheck.jl","homepage":"","size":69,"stargazers_count":67,"watchers_count":67,"language":"Julia","has_issues":true,"has_projects":true,"has_downloads":true,"has_wiki":true,"has_pages":false,"forks_count":5,"mirror_url":null,"archived":false,"disabled":false,"open_issues_count":2,"license":{"key":"other","name":"Other","spdx_id":"NOASSERTION","url":null,"node_id":"MDc6TGljZW5zZTA="},"allow_forking":true,"is_template":false,"web_commit_signoff_required":false,"topics":["argument-checks","errors","julia"],"visibility":"public","forks":5,"open_issues":2,"watchers":67,"default_branch":"master","permissions":{"admin":false,"maintain":false,"push":false,"triage":false,"pull":true},"temp_clone_token":"","network_count":5,"subscribers_count":3}