{"id":169811826,"node_id":"MDEwOlJlcG9zaXRvcnkxNjk4MTE4MjY=","name":"AbstractTensors.jl","full_name":"chakravala/AbstractTensors.jl","private":false,"owner":{"login":"chakravala","id":18372368,"node_id":"MDQ6VXNlcjE4MzcyMzY4","avatar_url":"https://avatars.githubusercontent.com/u/18372368?v=4","gravatar_id":"","url":"https://api.github.com/users/chakravala","html_url":"https://github.com/chakravala","followers_url":"https://api.github.com/users/chakravala/followers","following_url":"https://api.github.com/users/chakravala/following{/other_user}","gists_url":"https://api.github.com/users/chakravala/gists{/gist_id}","starred_url":"https://api.github.com/users/chakravala/starred{/owner}{/repo}","subscriptions_url":"https://api.github.com/users/chakravala/subscriptions","organizations_url":"https://api.github.com/users/chakravala/orgs","repos_url":"https://api.github.com/users/chakravala/repos","events_url":"https://api.github.com/users/chakravala/events{/privacy}","received_events_url":"https://api.github.com/users/chakravala/received_events","type":"User","site_admin":false},"html_url":"https://github.com/chakravala/AbstractTensors.jl","description":"Tensor algebra abstract type interoperability setup","fork":false,"url":"https://api.github.com/repos/chakravala/AbstractTensors.jl","forks_url":"https://api.github.com/repos/chakravala/AbstractTensors.jl/forks","keys_url":"https://api.github.com/repos/chakravala/AbstractTensors.jl/keys{/key_id}","collaborators_url":"https://api.github.com/repos/chakravala/AbstractTensors.jl/collaborators{/collaborator}","teams_url":"https://api.github.com/repos/chakravala/AbstractTensors.jl/teams","hooks_url":"https://api.github.com/repos/chakravala/AbstractTensors.jl/hooks","issue_events_url":"https://api.github.com/repos/chakravala/AbstractTensors.jl/issues/events{/number}","events_url":"https://api.github.com/repos/chakravala/AbstractTensors.jl/events","assignees_url":"https://api.github.com/repos/chakravala/AbstractTensors.jl/assignees{/user}","branches_url":"https://api.github.com/repos/chakravala/AbstractTensors.jl/branches{/branch}","tags_url":"https://api.github.com/repos/chakravala/AbstractTensors.jl/tags","blobs_url":"https://api.github.com/repos/chakravala/AbstractTensors.jl/git/blobs{/sha}","git_tags_url":"https://api.github.com/repos/chakravala/AbstractTensors.jl/git/tags{/sha}","git_refs_url":"https://api.github.com/repos/chakravala/AbstractTensors.jl/git/refs{/sha}","trees_url":"https://api.github.com/repos/chakravala/AbstractTensors.jl/git/trees{/sha}","statuses_url":"https://api.github.com/repos/chakravala/AbstractTensors.jl/statuses/{sha}","languages_url":"https://api.github.com/repos/chakravala/AbstractTensors.jl/languages","stargazers_url":"https://api.github.com/repos/chakravala/AbstractTensors.jl/stargazers","contributors_url":"https://api.github.com/repos/chakravala/AbstractTensors.jl/contributors","subscribers_url":"https://api.github.com/repos/chakravala/AbstractTensors.jl/subscribers","subscription_url":"https://api.github.com/repos/chakravala/AbstractTensors.jl/subscription","commits_url":"https://api.github.com/repos/chakravala/AbstractTensors.jl/commits{/sha}","git_commits_url":"https://api.github.com/repos/chakravala/AbstractTensors.jl/git/commits{/sha}","comments_url":"https://api.github.com/repos/chakravala/AbstractTensors.jl/comments{/number}","issue_comment_url":"https://api.github.com/repos/chakravala/AbstractTensors.jl/issues/comments{/number}","contents_url":"https://api.github.com/repos/chakravala/AbstractTensors.jl/contents/{+path}","compare_url":"https://api.github.com/repos/chakravala/AbstractTensors.jl/compare/{base}...{head}","merges_url":"https://api.github.com/repos/chakravala/AbstractTensors.jl/merges","archive_url":"https://api.github.com/repos/chakravala/AbstractTensors.jl/{archive_format}{/ref}","downloads_url":"https://api.github.com/repos/chakravala/AbstractTensors.jl/downloads","issues_url":"https://api.github.com/repos/chakravala/AbstractTensors.jl/issues{/number}","pulls_url":"https://api.github.com/repos/chakravala/AbstractTensors.jl/pulls{/number}","milestones_url":"https://api.github.com/repos/chakravala/AbstractTensors.jl/milestones{/number}","notifications_url":"https://api.github.com/repos/chakravala/AbstractTensors.jl/notifications{?since,all,participating}","labels_url":"https://api.github.com/repos/chakravala/AbstractTensors.jl/labels{/name}","releases_url":"https://api.github.com/repos/chakravala/AbstractTensors.jl/releases{/id}","deployments_url":"https://api.github.com/repos/chakravala/AbstractTensors.jl/deployments","created_at":"2019-02-08T23:20:22Z","updated_at":"2022-04-26T20:50:46Z","pushed_at":"2022-01-17T20:54:30Z","git_url":"git://github.com/chakravala/AbstractTensors.jl.git","ssh_url":"git@github.com:chakravala/AbstractTensors.jl.git","clone_url":"https://github.com/chakravala/AbstractTensors.jl.git","svn_url":"https://github.com/chakravala/AbstractTensors.jl","homepage":"https://grassmann.crucialflow.com/dev/design","size":98,"stargazers_count":36,"watchers_count":36,"language":"Julia","has_issues":true,"has_projects":false,"has_downloads":true,"has_wiki":false,"has_pages":false,"forks_count":4,"mirror_url":null,"archived":false,"disabled":false,"open_issues_count":0,"license":{"key":"mit","name":"MIT License","spdx_id":"MIT","url":"https://api.github.com/licenses/mit","node_id":"MDc6TGljZW5zZTEz"},"allow_forking":true,"is_template":false,"web_commit_signoff_required":false,"topics":["abstraction-layer","category-theory","interoperability","linear-algebra","manifold","manifolds","math","tensor","tensor-algebra","type-system"],"visibility":"public","forks":4,"open_issues":0,"watchers":36,"default_branch":"master","permissions":{"admin":false,"maintain":false,"push":false,"triage":false,"pull":true},"temp_clone_token":"","network_count":4,"subscribers_count":4}