{"id":151127102,"node_id":"MDEwOlJlcG9zaXRvcnkxNTExMjcxMDI=","name":"ApproxManifoldProducts.jl","full_name":"JuliaRobotics/ApproxManifoldProducts.jl","private":false,"owner":{"login":"JuliaRobotics","id":36864694,"node_id":"MDEyOk9yZ2FuaXphdGlvbjM2ODY0Njk0","avatar_url":"https://avatars.githubusercontent.com/u/36864694?v=4","gravatar_id":"","url":"https://api.github.com/users/JuliaRobotics","html_url":"https://github.com/JuliaRobotics","followers_url":"https://api.github.com/users/JuliaRobotics/followers","following_url":"https://api.github.com/users/JuliaRobotics/following{/other_user}","gists_url":"https://api.github.com/users/JuliaRobotics/gists{/gist_id}","starred_url":"https://api.github.com/users/JuliaRobotics/starred{/owner}{/repo}","subscriptions_url":"https://api.github.com/users/JuliaRobotics/subscriptions","organizations_url":"https://api.github.com/users/JuliaRobotics/orgs","repos_url":"https://api.github.com/users/JuliaRobotics/repos","events_url":"https://api.github.com/users/JuliaRobotics/events{/privacy}","received_events_url":"https://api.github.com/users/JuliaRobotics/received_events","type":"Organization","site_admin":false},"html_url":"https://github.com/JuliaRobotics/ApproxManifoldProducts.jl","description":"Approximate the product between infinite functional objects on a manifold -- i.e. belief products","fork":false,"url":"https://api.github.com/repos/JuliaRobotics/ApproxManifoldProducts.jl","forks_url":"https://api.github.com/repos/JuliaRobotics/ApproxManifoldProducts.jl/forks","keys_url":"https://api.github.com/repos/JuliaRobotics/ApproxManifoldProducts.jl/keys{/key_id}","collaborators_url":"https://api.github.com/repos/JuliaRobotics/ApproxManifoldProducts.jl/collaborators{/collaborator}","teams_url":"https://api.github.com/repos/JuliaRobotics/ApproxManifoldProducts.jl/teams","hooks_url":"https://api.github.com/repos/JuliaRobotics/ApproxManifoldProducts.jl/hooks","issue_events_url":"https://api.github.com/repos/JuliaRobotics/ApproxManifoldProducts.jl/issues/events{/number}","events_url":"https://api.github.com/repos/JuliaRobotics/ApproxManifoldProducts.jl/events","assignees_url":"https://api.github.com/repos/JuliaRobotics/ApproxManifoldProducts.jl/assignees{/user}","branches_url":"https://api.github.com/repos/JuliaRobotics/ApproxManifoldProducts.jl/branches{/branch}","tags_url":"https://api.github.com/repos/JuliaRobotics/ApproxManifoldProducts.jl/tags","blobs_url":"https://api.github.com/repos/JuliaRobotics/ApproxManifoldProducts.jl/git/blobs{/sha}","git_tags_url":"https://api.github.com/repos/JuliaRobotics/ApproxManifoldProducts.jl/git/tags{/sha}","git_refs_url":"https://api.github.com/repos/JuliaRobotics/ApproxManifoldProducts.jl/git/refs{/sha}","trees_url":"https://api.github.com/repos/JuliaRobotics/ApproxManifoldProducts.jl/git/trees{/sha}","statuses_url":"https://api.github.com/repos/JuliaRobotics/ApproxManifoldProducts.jl/statuses/{sha}","languages_url":"https://api.github.com/repos/JuliaRobotics/ApproxManifoldProducts.jl/languages","stargazers_url":"https://api.github.com/repos/JuliaRobotics/ApproxManifoldProducts.jl/stargazers","contributors_url":"https://api.github.com/repos/JuliaRobotics/ApproxManifoldProducts.jl/contributors","subscribers_url":"https://api.github.com/repos/JuliaRobotics/ApproxManifoldProducts.jl/subscribers","subscription_url":"https://api.github.com/repos/JuliaRobotics/ApproxManifoldProducts.jl/subscription","commits_url":"https://api.github.com/repos/JuliaRobotics/ApproxManifoldProducts.jl/commits{/sha}","git_commits_url":"https://api.github.com/repos/JuliaRobotics/ApproxManifoldProducts.jl/git/commits{/sha}","comments_url":"https://api.github.com/repos/JuliaRobotics/ApproxManifoldProducts.jl/comments{/number}","issue_comment_url":"https://api.github.com/repos/JuliaRobotics/ApproxManifoldProducts.jl/issues/comments{/number}","contents_url":"https://api.github.com/repos/JuliaRobotics/ApproxManifoldProducts.jl/contents/{+path}","compare_url":"https://api.github.com/repos/JuliaRobotics/ApproxManifoldProducts.jl/compare/{base}...{head}","merges_url":"https://api.github.com/repos/JuliaRobotics/ApproxManifoldProducts.jl/merges","archive_url":"https://api.github.com/repos/JuliaRobotics/ApproxManifoldProducts.jl/{archive_format}{/ref}","downloads_url":"https://api.github.com/repos/JuliaRobotics/ApproxManifoldProducts.jl/downloads","issues_url":"https://api.github.com/repos/JuliaRobotics/ApproxManifoldProducts.jl/issues{/number}","pulls_url":"https://api.github.com/repos/JuliaRobotics/ApproxManifoldProducts.jl/pulls{/number}","milestones_url":"https://api.github.com/repos/JuliaRobotics/ApproxManifoldProducts.jl/milestones{/number}","notifications_url":"https://api.github.com/repos/JuliaRobotics/ApproxManifoldProducts.jl/notifications{?since,all,participating}","labels_url":"https://api.github.com/repos/JuliaRobotics/ApproxManifoldProducts.jl/labels{/name}","releases_url":"https://api.github.com/repos/JuliaRobotics/ApproxManifoldProducts.jl/releases{/id}","deployments_url":"https://api.github.com/repos/JuliaRobotics/ApproxManifoldProducts.jl/deployments","created_at":"2018-10-01T17:16:31Z","updated_at":"2022-05-10T16:09:38Z","pushed_at":"2022-06-06T18:07:06Z","git_url":"git://github.com/JuliaRobotics/ApproxManifoldProducts.jl.git","ssh_url":"git@github.com:JuliaRobotics/ApproxManifoldProducts.jl.git","clone_url":"https://github.com/JuliaRobotics/ApproxManifoldProducts.jl.git","svn_url":"https://github.com/JuliaRobotics/ApproxManifoldProducts.jl","homepage":null,"size":416,"stargazers_count":11,"watchers_count":11,"language":"Julia","has_issues":true,"has_projects":true,"has_downloads":true,"has_wiki":true,"has_pages":false,"forks_count":3,"mirror_url":null,"archived":false,"disabled":false,"open_issues_count":8,"license":{"key":"mit","name":"MIT License","spdx_id":"MIT","url":"https://api.github.com/licenses/mit","node_id":"MDc6TGljZW5zZTEz"},"allow_forking":true,"is_template":false,"web_commit_signoff_required":false,"topics":[],"visibility":"public","forks":3,"open_issues":8,"watchers":11,"default_branch":"master","permissions":{"admin":false,"maintain":false,"push":false,"triage":false,"pull":true},"temp_clone_token":"","organization":{"login":"JuliaRobotics","id":36864694,"node_id":"MDEyOk9yZ2FuaXphdGlvbjM2ODY0Njk0","avatar_url":"https://avatars.githubusercontent.com/u/36864694?v=4","gravatar_id":"","url":"https://api.github.com/users/JuliaRobotics","html_url":"https://github.com/JuliaRobotics","followers_url":"https://api.github.com/users/JuliaRobotics/followers","following_url":"https://api.github.com/users/JuliaRobotics/following{/other_user}","gists_url":"https://api.github.com/users/JuliaRobotics/gists{/gist_id}","starred_url":"https://api.github.com/users/JuliaRobotics/starred{/owner}{/repo}","subscriptions_url":"https://api.github.com/users/JuliaRobotics/subscriptions","organizations_url":"https://api.github.com/users/JuliaRobotics/orgs","repos_url":"https://api.github.com/users/JuliaRobotics/repos","events_url":"https://api.github.com/users/JuliaRobotics/events{/privacy}","received_events_url":"https://api.github.com/users/JuliaRobotics/received_events","type":"Organization","site_admin":false},"network_count":3,"subscribers_count":5}