{"id":185531553,"node_id":"MDEwOlJlcG9zaXRvcnkxODU1MzE1NTM=","name":"AIBECS.jl","full_name":"JuliaOcean/AIBECS.jl","private":false,"owner":{"login":"JuliaOcean","id":41747359,"node_id":"MDEyOk9yZ2FuaXphdGlvbjQxNzQ3MzU5","avatar_url":"https://avatars.githubusercontent.com/u/41747359?v=4","gravatar_id":"","url":"https://api.github.com/users/JuliaOcean","html_url":"https://github.com/JuliaOcean","followers_url":"https://api.github.com/users/JuliaOcean/followers","following_url":"https://api.github.com/users/JuliaOcean/following{/other_user}","gists_url":"https://api.github.com/users/JuliaOcean/gists{/gist_id}","starred_url":"https://api.github.com/users/JuliaOcean/starred{/owner}{/repo}","subscriptions_url":"https://api.github.com/users/JuliaOcean/subscriptions","organizations_url":"https://api.github.com/users/JuliaOcean/orgs","repos_url":"https://api.github.com/users/JuliaOcean/repos","events_url":"https://api.github.com/users/JuliaOcean/events{/privacy}","received_events_url":"https://api.github.com/users/JuliaOcean/received_events","type":"Organization","site_admin":false},"html_url":"https://github.com/JuliaOcean/AIBECS.jl","description":"The ideal tool for exploring global marine biogeochemical cycles.","fork":false,"url":"https://api.github.com/repos/JuliaOcean/AIBECS.jl","forks_url":"https://api.github.com/repos/JuliaOcean/AIBECS.jl/forks","keys_url":"https://api.github.com/repos/JuliaOcean/AIBECS.jl/keys{/key_id}","collaborators_url":"https://api.github.com/repos/JuliaOcean/AIBECS.jl/collaborators{/collaborator}","teams_url":"https://api.github.com/repos/JuliaOcean/AIBECS.jl/teams","hooks_url":"https://api.github.com/repos/JuliaOcean/AIBECS.jl/hooks","issue_events_url":"https://api.github.com/repos/JuliaOcean/AIBECS.jl/issues/events{/number}","events_url":"https://api.github.com/repos/JuliaOcean/AIBECS.jl/events","assignees_url":"https://api.github.com/repos/JuliaOcean/AIBECS.jl/assignees{/user}","branches_url":"https://api.github.com/repos/JuliaOcean/AIBECS.jl/branches{/branch}","tags_url":"https://api.github.com/repos/JuliaOcean/AIBECS.jl/tags","blobs_url":"https://api.github.com/repos/JuliaOcean/AIBECS.jl/git/blobs{/sha}","git_tags_url":"https://api.github.com/repos/JuliaOcean/AIBECS.jl/git/tags{/sha}","git_refs_url":"https://api.github.com/repos/JuliaOcean/AIBECS.jl/git/refs{/sha}","trees_url":"https://api.github.com/repos/JuliaOcean/AIBECS.jl/git/trees{/sha}","statuses_url":"https://api.github.com/repos/JuliaOcean/AIBECS.jl/statuses/{sha}","languages_url":"https://api.github.com/repos/JuliaOcean/AIBECS.jl/languages","stargazers_url":"https://api.github.com/repos/JuliaOcean/AIBECS.jl/stargazers","contributors_url":"https://api.github.com/repos/JuliaOcean/AIBECS.jl/contributors","subscribers_url":"https://api.github.com/repos/JuliaOcean/AIBECS.jl/subscribers","subscription_url":"https://api.github.com/repos/JuliaOcean/AIBECS.jl/subscription","commits_url":"https://api.github.com/repos/JuliaOcean/AIBECS.jl/commits{/sha}","git_commits_url":"https://api.github.com/repos/JuliaOcean/AIBECS.jl/git/commits{/sha}","comments_url":"https://api.github.com/repos/JuliaOcean/AIBECS.jl/comments{/number}","issue_comment_url":"https://api.github.com/repos/JuliaOcean/AIBECS.jl/issues/comments{/number}","contents_url":"https://api.github.com/repos/JuliaOcean/AIBECS.jl/contents/{+path}","compare_url":"https://api.github.com/repos/JuliaOcean/AIBECS.jl/compare/{base}...{head}","merges_url":"https://api.github.com/repos/JuliaOcean/AIBECS.jl/merges","archive_url":"https://api.github.com/repos/JuliaOcean/AIBECS.jl/{archive_format}{/ref}","downloads_url":"https://api.github.com/repos/JuliaOcean/AIBECS.jl/downloads","issues_url":"https://api.github.com/repos/JuliaOcean/AIBECS.jl/issues{/number}","pulls_url":"https://api.github.com/repos/JuliaOcean/AIBECS.jl/pulls{/number}","milestones_url":"https://api.github.com/repos/JuliaOcean/AIBECS.jl/milestones{/number}","notifications_url":"https://api.github.com/repos/JuliaOcean/AIBECS.jl/notifications{?since,all,participating}","labels_url":"https://api.github.com/repos/JuliaOcean/AIBECS.jl/labels{/name}","releases_url":"https://api.github.com/repos/JuliaOcean/AIBECS.jl/releases{/id}","deployments_url":"https://api.github.com/repos/JuliaOcean/AIBECS.jl/deployments","created_at":"2019-05-08T05:03:31Z","updated_at":"2022-06-15T16:41:31Z","pushed_at":"2022-06-24T05:48:45Z","git_url":"git://github.com/JuliaOcean/AIBECS.jl.git","ssh_url":"git@github.com:JuliaOcean/AIBECS.jl.git","clone_url":"https://github.com/JuliaOcean/AIBECS.jl.git","svn_url":"https://github.com/JuliaOcean/AIBECS.jl","homepage":null,"size":367618,"stargazers_count":31,"watchers_count":31,"language":"Julia","has_issues":true,"has_projects":true,"has_downloads":true,"has_wiki":true,"has_pages":true,"forks_count":6,"mirror_url":null,"archived":false,"disabled":false,"open_issues_count":30,"license":{"key":"mit","name":"MIT License","spdx_id":"MIT","url":"https://api.github.com/licenses/mit","node_id":"MDc6TGljZW5zZTEz"},"allow_forking":true,"is_template":false,"web_commit_signoff_required":false,"topics":["awesome","biogeochemical","biogeochemical-model","biogeochemistry","fluxes","global","inverse-model","julia","marine","marine-tracer","model","modeling","models","ocean","ocean-circulation","oceanography","optimization","pathways","tracer","transport"],"visibility":"public","forks":6,"open_issues":30,"watchers":31,"default_branch":"master","permissions":{"admin":false,"maintain":false,"push":false,"triage":false,"pull":true},"temp_clone_token":"","organization":{"login":"JuliaOcean","id":41747359,"node_id":"MDEyOk9yZ2FuaXphdGlvbjQxNzQ3MzU5","avatar_url":"https://avatars.githubusercontent.com/u/41747359?v=4","gravatar_id":"","url":"https://api.github.com/users/JuliaOcean","html_url":"https://github.com/JuliaOcean","followers_url":"https://api.github.com/users/JuliaOcean/followers","following_url":"https://api.github.com/users/JuliaOcean/following{/other_user}","gists_url":"https://api.github.com/users/JuliaOcean/gists{/gist_id}","starred_url":"https://api.github.com/users/JuliaOcean/starred{/owner}{/repo}","subscriptions_url":"https://api.github.com/users/JuliaOcean/subscriptions","organizations_url":"https://api.github.com/users/JuliaOcean/orgs","repos_url":"https://api.github.com/users/JuliaOcean/repos","events_url":"https://api.github.com/users/JuliaOcean/events{/privacy}","received_events_url":"https://api.github.com/users/JuliaOcean/received_events","type":"Organization","site_admin":false},"network_count":6,"subscribers_count":4}