{"id":238454272,"node_id":"MDEwOlJlcG9zaXRvcnkyMzg0NTQyNzI=","name":"Ansillary.jl","full_name":"Sean1708/Ansillary.jl","private":false,"owner":{"login":"Sean1708","id":5058711,"node_id":"MDQ6VXNlcjUwNTg3MTE=","avatar_url":"https://avatars.githubusercontent.com/u/5058711?v=4","gravatar_id":"","url":"https://api.github.com/users/Sean1708","html_url":"https://github.com/Sean1708","followers_url":"https://api.github.com/users/Sean1708/followers","following_url":"https://api.github.com/users/Sean1708/following{/other_user}","gists_url":"https://api.github.com/users/Sean1708/gists{/gist_id}","starred_url":"https://api.github.com/users/Sean1708/starred{/owner}{/repo}","subscriptions_url":"https://api.github.com/users/Sean1708/subscriptions","organizations_url":"https://api.github.com/users/Sean1708/orgs","repos_url":"https://api.github.com/users/Sean1708/repos","events_url":"https://api.github.com/users/Sean1708/events{/privacy}","received_events_url":"https://api.github.com/users/Sean1708/received_events","type":"User","site_admin":false},"html_url":"https://github.com/Sean1708/Ansillary.jl","description":"Releases of the Julia package for interacting with ANSI compatible terminals.","fork":false,"url":"https://api.github.com/repos/Sean1708/Ansillary.jl","forks_url":"https://api.github.com/repos/Sean1708/Ansillary.jl/forks","keys_url":"https://api.github.com/repos/Sean1708/Ansillary.jl/keys{/key_id}","collaborators_url":"https://api.github.com/repos/Sean1708/Ansillary.jl/collaborators{/collaborator}","teams_url":"https://api.github.com/repos/Sean1708/Ansillary.jl/teams","hooks_url":"https://api.github.com/repos/Sean1708/Ansillary.jl/hooks","issue_events_url":"https://api.github.com/repos/Sean1708/Ansillary.jl/issues/events{/number}","events_url":"https://api.github.com/repos/Sean1708/Ansillary.jl/events","assignees_url":"https://api.github.com/repos/Sean1708/Ansillary.jl/assignees{/user}","branches_url":"https://api.github.com/repos/Sean1708/Ansillary.jl/branches{/branch}","tags_url":"https://api.github.com/repos/Sean1708/Ansillary.jl/tags","blobs_url":"https://api.github.com/repos/Sean1708/Ansillary.jl/git/blobs{/sha}","git_tags_url":"https://api.github.com/repos/Sean1708/Ansillary.jl/git/tags{/sha}","git_refs_url":"https://api.github.com/repos/Sean1708/Ansillary.jl/git/refs{/sha}","trees_url":"https://api.github.com/repos/Sean1708/Ansillary.jl/git/trees{/sha}","statuses_url":"https://api.github.com/repos/Sean1708/Ansillary.jl/statuses/{sha}","languages_url":"https://api.github.com/repos/Sean1708/Ansillary.jl/languages","stargazers_url":"https://api.github.com/repos/Sean1708/Ansillary.jl/stargazers","contributors_url":"https://api.github.com/repos/Sean1708/Ansillary.jl/contributors","subscribers_url":"https://api.github.com/repos/Sean1708/Ansillary.jl/subscribers","subscription_url":"https://api.github.com/repos/Sean1708/Ansillary.jl/subscription","commits_url":"https://api.github.com/repos/Sean1708/Ansillary.jl/commits{/sha}","git_commits_url":"https://api.github.com/repos/Sean1708/Ansillary.jl/git/commits{/sha}","comments_url":"https://api.github.com/repos/Sean1708/Ansillary.jl/comments{/number}","issue_comment_url":"https://api.github.com/repos/Sean1708/Ansillary.jl/issues/comments{/number}","contents_url":"https://api.github.com/repos/Sean1708/Ansillary.jl/contents/{+path}","compare_url":"https://api.github.com/repos/Sean1708/Ansillary.jl/compare/{base}...{head}","merges_url":"https://api.github.com/repos/Sean1708/Ansillary.jl/merges","archive_url":"https://api.github.com/repos/Sean1708/Ansillary.jl/{archive_format}{/ref}","downloads_url":"https://api.github.com/repos/Sean1708/Ansillary.jl/downloads","issues_url":"https://api.github.com/repos/Sean1708/Ansillary.jl/issues{/number}","pulls_url":"https://api.github.com/repos/Sean1708/Ansillary.jl/pulls{/number}","milestones_url":"https://api.github.com/repos/Sean1708/Ansillary.jl/milestones{/number}","notifications_url":"https://api.github.com/repos/Sean1708/Ansillary.jl/notifications{?since,all,participating}","labels_url":"https://api.github.com/repos/Sean1708/Ansillary.jl/labels{/name}","releases_url":"https://api.github.com/repos/Sean1708/Ansillary.jl/releases{/id}","deployments_url":"https://api.github.com/repos/Sean1708/Ansillary.jl/deployments","created_at":"2020-02-05T13:16:18Z","updated_at":"2022-03-29T20:12:00Z","pushed_at":"2020-02-05T13:17:44Z","git_url":"git://github.com/Sean1708/Ansillary.jl.git","ssh_url":"git@github.com:Sean1708/Ansillary.jl.git","clone_url":"https://github.com/Sean1708/Ansillary.jl.git","svn_url":"https://github.com/Sean1708/Ansillary.jl","homepage":null,"size":36,"stargazers_count":2,"watchers_count":2,"language":"Julia","has_issues":true,"has_projects":true,"has_downloads":true,"has_wiki":true,"has_pages":false,"forks_count":0,"mirror_url":null,"archived":false,"disabled":false,"open_issues_count":0,"license":{"key":"mit","name":"MIT License","spdx_id":"MIT","url":"https://api.github.com/licenses/mit","node_id":"MDc6TGljZW5zZTEz"},"allow_forking":true,"is_template":false,"web_commit_signoff_required":false,"topics":[],"visibility":"public","forks":0,"open_issues":0,"watchers":2,"default_branch":"master","permissions":{"admin":false,"maintain":false,"push":false,"triage":false,"pull":true},"temp_clone_token":"","network_count":0,"subscribers_count":2}