{"id":247127500,"node_id":"MDEwOlJlcG9zaXRvcnkyNDcxMjc1MDA=","name":"ADSeismic.jl","full_name":"kailaix/ADSeismic.jl","private":false,"owner":{"login":"kailaix","id":20198333,"node_id":"MDQ6VXNlcjIwMTk4MzMz","avatar_url":"https://avatars.githubusercontent.com/u/20198333?v=4","gravatar_id":"","url":"https://api.github.com/users/kailaix","html_url":"https://github.com/kailaix","followers_url":"https://api.github.com/users/kailaix/followers","following_url":"https://api.github.com/users/kailaix/following{/other_user}","gists_url":"https://api.github.com/users/kailaix/gists{/gist_id}","starred_url":"https://api.github.com/users/kailaix/starred{/owner}{/repo}","subscriptions_url":"https://api.github.com/users/kailaix/subscriptions","organizations_url":"https://api.github.com/users/kailaix/orgs","repos_url":"https://api.github.com/users/kailaix/repos","events_url":"https://api.github.com/users/kailaix/events{/privacy}","received_events_url":"https://api.github.com/users/kailaix/received_events","type":"User","site_admin":false},"html_url":"https://github.com/kailaix/ADSeismic.jl","description":"A General Approach to Seismic Inversion Problems using Automatic Differentiation","fork":false,"url":"https://api.github.com/repos/kailaix/ADSeismic.jl","forks_url":"https://api.github.com/repos/kailaix/ADSeismic.jl/forks","keys_url":"https://api.github.com/repos/kailaix/ADSeismic.jl/keys{/key_id}","collaborators_url":"https://api.github.com/repos/kailaix/ADSeismic.jl/collaborators{/collaborator}","teams_url":"https://api.github.com/repos/kailaix/ADSeismic.jl/teams","hooks_url":"https://api.github.com/repos/kailaix/ADSeismic.jl/hooks","issue_events_url":"https://api.github.com/repos/kailaix/ADSeismic.jl/issues/events{/number}","events_url":"https://api.github.com/repos/kailaix/ADSeismic.jl/events","assignees_url":"https://api.github.com/repos/kailaix/ADSeismic.jl/assignees{/user}","branches_url":"https://api.github.com/repos/kailaix/ADSeismic.jl/branches{/branch}","tags_url":"https://api.github.com/repos/kailaix/ADSeismic.jl/tags","blobs_url":"https://api.github.com/repos/kailaix/ADSeismic.jl/git/blobs{/sha}","git_tags_url":"https://api.github.com/repos/kailaix/ADSeismic.jl/git/tags{/sha}","git_refs_url":"https://api.github.com/repos/kailaix/ADSeismic.jl/git/refs{/sha}","trees_url":"https://api.github.com/repos/kailaix/ADSeismic.jl/git/trees{/sha}","statuses_url":"https://api.github.com/repos/kailaix/ADSeismic.jl/statuses/{sha}","languages_url":"https://api.github.com/repos/kailaix/ADSeismic.jl/languages","stargazers_url":"https://api.github.com/repos/kailaix/ADSeismic.jl/stargazers","contributors_url":"https://api.github.com/repos/kailaix/ADSeismic.jl/contributors","subscribers_url":"https://api.github.com/repos/kailaix/ADSeismic.jl/subscribers","subscription_url":"https://api.github.com/repos/kailaix/ADSeismic.jl/subscription","commits_url":"https://api.github.com/repos/kailaix/ADSeismic.jl/commits{/sha}","git_commits_url":"https://api.github.com/repos/kailaix/ADSeismic.jl/git/commits{/sha}","comments_url":"https://api.github.com/repos/kailaix/ADSeismic.jl/comments{/number}","issue_comment_url":"https://api.github.com/repos/kailaix/ADSeismic.jl/issues/comments{/number}","contents_url":"https://api.github.com/repos/kailaix/ADSeismic.jl/contents/{+path}","compare_url":"https://api.github.com/repos/kailaix/ADSeismic.jl/compare/{base}...{head}","merges_url":"https://api.github.com/repos/kailaix/ADSeismic.jl/merges","archive_url":"https://api.github.com/repos/kailaix/ADSeismic.jl/{archive_format}{/ref}","downloads_url":"https://api.github.com/repos/kailaix/ADSeismic.jl/downloads","issues_url":"https://api.github.com/repos/kailaix/ADSeismic.jl/issues{/number}","pulls_url":"https://api.github.com/repos/kailaix/ADSeismic.jl/pulls{/number}","milestones_url":"https://api.github.com/repos/kailaix/ADSeismic.jl/milestones{/number}","notifications_url":"https://api.github.com/repos/kailaix/ADSeismic.jl/notifications{?since,all,participating}","labels_url":"https://api.github.com/repos/kailaix/ADSeismic.jl/labels{/name}","releases_url":"https://api.github.com/repos/kailaix/ADSeismic.jl/releases{/id}","deployments_url":"https://api.github.com/repos/kailaix/ADSeismic.jl/deployments","created_at":"2020-03-13T17:32:42Z","updated_at":"2022-04-30T04:23:50Z","pushed_at":"2022-06-27T02:13:59Z","git_url":"git://github.com/kailaix/ADSeismic.jl.git","ssh_url":"git@github.com:kailaix/ADSeismic.jl.git","clone_url":"https://github.com/kailaix/ADSeismic.jl.git","svn_url":"https://github.com/kailaix/ADSeismic.jl","homepage":null,"size":41685,"stargazers_count":41,"watchers_count":41,"language":"Julia","has_issues":true,"has_projects":true,"has_downloads":true,"has_wiki":true,"has_pages":true,"forks_count":17,"mirror_url":null,"archived":false,"disabled":false,"open_issues_count":5,"license":{"key":"mit","name":"MIT License","spdx_id":"MIT","url":"https://api.github.com/licenses/mit","node_id":"MDc6TGljZW5zZTEz"},"allow_forking":true,"is_template":false,"web_commit_signoff_required":false,"topics":[],"visibility":"public","forks":17,"open_issues":5,"watchers":41,"default_branch":"master","permissions":{"admin":false,"maintain":false,"push":false,"triage":false,"pull":true},"temp_clone_token":"","network_count":17,"subscribers_count":5}