{"id":254290216,"node_id":"MDEwOlJlcG9zaXRvcnkyNTQyOTAyMTY=","name":"AndExport.jl","full_name":"pengwyn/AndExport.jl","private":false,"owner":{"login":"pengwyn","id":31554,"node_id":"MDQ6VXNlcjMxNTU0","avatar_url":"https://avatars.githubusercontent.com/u/31554?v=4","gravatar_id":"","url":"https://api.github.com/users/pengwyn","html_url":"https://github.com/pengwyn","followers_url":"https://api.github.com/users/pengwyn/followers","following_url":"https://api.github.com/users/pengwyn/following{/other_user}","gists_url":"https://api.github.com/users/pengwyn/gists{/gist_id}","starred_url":"https://api.github.com/users/pengwyn/starred{/owner}{/repo}","subscriptions_url":"https://api.github.com/users/pengwyn/subscriptions","organizations_url":"https://api.github.com/users/pengwyn/orgs","repos_url":"https://api.github.com/users/pengwyn/repos","events_url":"https://api.github.com/users/pengwyn/events{/privacy}","received_events_url":"https://api.github.com/users/pengwyn/received_events","type":"User","site_admin":false},"html_url":"https://github.com/pengwyn/AndExport.jl","description":"A convenience macro to easily export things.","fork":false,"url":"https://api.github.com/repos/pengwyn/AndExport.jl","forks_url":"https://api.github.com/repos/pengwyn/AndExport.jl/forks","keys_url":"https://api.github.com/repos/pengwyn/AndExport.jl/keys{/key_id}","collaborators_url":"https://api.github.com/repos/pengwyn/AndExport.jl/collaborators{/collaborator}","teams_url":"https://api.github.com/repos/pengwyn/AndExport.jl/teams","hooks_url":"https://api.github.com/repos/pengwyn/AndExport.jl/hooks","issue_events_url":"https://api.github.com/repos/pengwyn/AndExport.jl/issues/events{/number}","events_url":"https://api.github.com/repos/pengwyn/AndExport.jl/events","assignees_url":"https://api.github.com/repos/pengwyn/AndExport.jl/assignees{/user}","branches_url":"https://api.github.com/repos/pengwyn/AndExport.jl/branches{/branch}","tags_url":"https://api.github.com/repos/pengwyn/AndExport.jl/tags","blobs_url":"https://api.github.com/repos/pengwyn/AndExport.jl/git/blobs{/sha}","git_tags_url":"https://api.github.com/repos/pengwyn/AndExport.jl/git/tags{/sha}","git_refs_url":"https://api.github.com/repos/pengwyn/AndExport.jl/git/refs{/sha}","trees_url":"https://api.github.com/repos/pengwyn/AndExport.jl/git/trees{/sha}","statuses_url":"https://api.github.com/repos/pengwyn/AndExport.jl/statuses/{sha}","languages_url":"https://api.github.com/repos/pengwyn/AndExport.jl/languages","stargazers_url":"https://api.github.com/repos/pengwyn/AndExport.jl/stargazers","contributors_url":"https://api.github.com/repos/pengwyn/AndExport.jl/contributors","subscribers_url":"https://api.github.com/repos/pengwyn/AndExport.jl/subscribers","subscription_url":"https://api.github.com/repos/pengwyn/AndExport.jl/subscription","commits_url":"https://api.github.com/repos/pengwyn/AndExport.jl/commits{/sha}","git_commits_url":"https://api.github.com/repos/pengwyn/AndExport.jl/git/commits{/sha}","comments_url":"https://api.github.com/repos/pengwyn/AndExport.jl/comments{/number}","issue_comment_url":"https://api.github.com/repos/pengwyn/AndExport.jl/issues/comments{/number}","contents_url":"https://api.github.com/repos/pengwyn/AndExport.jl/contents/{+path}","compare_url":"https://api.github.com/repos/pengwyn/AndExport.jl/compare/{base}...{head}","merges_url":"https://api.github.com/repos/pengwyn/AndExport.jl/merges","archive_url":"https://api.github.com/repos/pengwyn/AndExport.jl/{archive_format}{/ref}","downloads_url":"https://api.github.com/repos/pengwyn/AndExport.jl/downloads","issues_url":"https://api.github.com/repos/pengwyn/AndExport.jl/issues{/number}","pulls_url":"https://api.github.com/repos/pengwyn/AndExport.jl/pulls{/number}","milestones_url":"https://api.github.com/repos/pengwyn/AndExport.jl/milestones{/number}","notifications_url":"https://api.github.com/repos/pengwyn/AndExport.jl/notifications{?since,all,participating}","labels_url":"https://api.github.com/repos/pengwyn/AndExport.jl/labels{/name}","releases_url":"https://api.github.com/repos/pengwyn/AndExport.jl/releases{/id}","deployments_url":"https://api.github.com/repos/pengwyn/AndExport.jl/deployments","created_at":"2020-04-09T06:31:35Z","updated_at":"2021-09-29T10:13:06Z","pushed_at":"2020-11-20T03:04:33Z","git_url":"git://github.com/pengwyn/AndExport.jl.git","ssh_url":"git@github.com:pengwyn/AndExport.jl.git","clone_url":"https://github.com/pengwyn/AndExport.jl.git","svn_url":"https://github.com/pengwyn/AndExport.jl","homepage":null,"size":6,"stargazers_count":1,"watchers_count":1,"language":"Julia","has_issues":true,"has_projects":true,"has_downloads":true,"has_wiki":true,"has_pages":false,"forks_count":0,"mirror_url":null,"archived":false,"disabled":false,"open_issues_count":0,"license":{"key":"mit","name":"MIT License","spdx_id":"MIT","url":"https://api.github.com/licenses/mit","node_id":"MDc6TGljZW5zZTEz"},"allow_forking":true,"is_template":false,"web_commit_signoff_required":false,"topics":[],"visibility":"public","forks":0,"open_issues":0,"watchers":1,"default_branch":"master","permissions":{"admin":false,"maintain":false,"push":false,"triage":false,"pull":true},"temp_clone_token":"","network_count":0,"subscribers_count":2}