{"id":308916364,"node_id":"MDEwOlJlcG9zaXRvcnkzMDg5MTYzNjQ=","name":"AdaOPS.jl","full_name":"LAMDA-POMDP/AdaOPS.jl","private":false,"owner":{"login":"LAMDA-POMDP","id":69662777,"node_id":"MDEyOk9yZ2FuaXphdGlvbjY5NjYyNzc3","avatar_url":"https://avatars.githubusercontent.com/u/69662777?v=4","gravatar_id":"","url":"https://api.github.com/users/LAMDA-POMDP","html_url":"https://github.com/LAMDA-POMDP","followers_url":"https://api.github.com/users/LAMDA-POMDP/followers","following_url":"https://api.github.com/users/LAMDA-POMDP/following{/other_user}","gists_url":"https://api.github.com/users/LAMDA-POMDP/gists{/gist_id}","starred_url":"https://api.github.com/users/LAMDA-POMDP/starred{/owner}{/repo}","subscriptions_url":"https://api.github.com/users/LAMDA-POMDP/subscriptions","organizations_url":"https://api.github.com/users/LAMDA-POMDP/orgs","repos_url":"https://api.github.com/users/LAMDA-POMDP/repos","events_url":"https://api.github.com/users/LAMDA-POMDP/events{/privacy}","received_events_url":"https://api.github.com/users/LAMDA-POMDP/received_events","type":"Organization","site_admin":false},"html_url":"https://github.com/LAMDA-POMDP/AdaOPS.jl","description":"An implementation of the AdaOPS (Adaptive Online Packing-based Search), which is an online POMDP Solver used to solve problems defined with the POMDPs.jl generative interface.","fork":false,"url":"https://api.github.com/repos/LAMDA-POMDP/AdaOPS.jl","forks_url":"https://api.github.com/repos/LAMDA-POMDP/AdaOPS.jl/forks","keys_url":"https://api.github.com/repos/LAMDA-POMDP/AdaOPS.jl/keys{/key_id}","collaborators_url":"https://api.github.com/repos/LAMDA-POMDP/AdaOPS.jl/collaborators{/collaborator}","teams_url":"https://api.github.com/repos/LAMDA-POMDP/AdaOPS.jl/teams","hooks_url":"https://api.github.com/repos/LAMDA-POMDP/AdaOPS.jl/hooks","issue_events_url":"https://api.github.com/repos/LAMDA-POMDP/AdaOPS.jl/issues/events{/number}","events_url":"https://api.github.com/repos/LAMDA-POMDP/AdaOPS.jl/events","assignees_url":"https://api.github.com/repos/LAMDA-POMDP/AdaOPS.jl/assignees{/user}","branches_url":"https://api.github.com/repos/LAMDA-POMDP/AdaOPS.jl/branches{/branch}","tags_url":"https://api.github.com/repos/LAMDA-POMDP/AdaOPS.jl/tags","blobs_url":"https://api.github.com/repos/LAMDA-POMDP/AdaOPS.jl/git/blobs{/sha}","git_tags_url":"https://api.github.com/repos/LAMDA-POMDP/AdaOPS.jl/git/tags{/sha}","git_refs_url":"https://api.github.com/repos/LAMDA-POMDP/AdaOPS.jl/git/refs{/sha}","trees_url":"https://api.github.com/repos/LAMDA-POMDP/AdaOPS.jl/git/trees{/sha}","statuses_url":"https://api.github.com/repos/LAMDA-POMDP/AdaOPS.jl/statuses/{sha}","languages_url":"https://api.github.com/repos/LAMDA-POMDP/AdaOPS.jl/languages","stargazers_url":"https://api.github.com/repos/LAMDA-POMDP/AdaOPS.jl/stargazers","contributors_url":"https://api.github.com/repos/LAMDA-POMDP/AdaOPS.jl/contributors","subscribers_url":"https://api.github.com/repos/LAMDA-POMDP/AdaOPS.jl/subscribers","subscription_url":"https://api.github.com/repos/LAMDA-POMDP/AdaOPS.jl/subscription","commits_url":"https://api.github.com/repos/LAMDA-POMDP/AdaOPS.jl/commits{/sha}","git_commits_url":"https://api.github.com/repos/LAMDA-POMDP/AdaOPS.jl/git/commits{/sha}","comments_url":"https://api.github.com/repos/LAMDA-POMDP/AdaOPS.jl/comments{/number}","issue_comment_url":"https://api.github.com/repos/LAMDA-POMDP/AdaOPS.jl/issues/comments{/number}","contents_url":"https://api.github.com/repos/LAMDA-POMDP/AdaOPS.jl/contents/{+path}","compare_url":"https://api.github.com/repos/LAMDA-POMDP/AdaOPS.jl/compare/{base}...{head}","merges_url":"https://api.github.com/repos/LAMDA-POMDP/AdaOPS.jl/merges","archive_url":"https://api.github.com/repos/LAMDA-POMDP/AdaOPS.jl/{archive_format}{/ref}","downloads_url":"https://api.github.com/repos/LAMDA-POMDP/AdaOPS.jl/downloads","issues_url":"https://api.github.com/repos/LAMDA-POMDP/AdaOPS.jl/issues{/number}","pulls_url":"https://api.github.com/repos/LAMDA-POMDP/AdaOPS.jl/pulls{/number}","milestones_url":"https://api.github.com/repos/LAMDA-POMDP/AdaOPS.jl/milestones{/number}","notifications_url":"https://api.github.com/repos/LAMDA-POMDP/AdaOPS.jl/notifications{?since,all,participating}","labels_url":"https://api.github.com/repos/LAMDA-POMDP/AdaOPS.jl/labels{/name}","releases_url":"https://api.github.com/repos/LAMDA-POMDP/AdaOPS.jl/releases{/id}","deployments_url":"https://api.github.com/repos/LAMDA-POMDP/AdaOPS.jl/deployments","created_at":"2020-10-31T15:49:29Z","updated_at":"2022-06-12T05:56:22Z","pushed_at":"2022-06-13T18:18:29Z","git_url":"git://github.com/LAMDA-POMDP/AdaOPS.jl.git","ssh_url":"git@github.com:LAMDA-POMDP/AdaOPS.jl.git","clone_url":"https://github.com/LAMDA-POMDP/AdaOPS.jl.git","svn_url":"https://github.com/LAMDA-POMDP/AdaOPS.jl","homepage":"","size":283,"stargazers_count":7,"watchers_count":7,"language":"Julia","has_issues":true,"has_projects":true,"has_downloads":true,"has_wiki":true,"has_pages":false,"forks_count":3,"mirror_url":null,"archived":false,"disabled":false,"open_issues_count":0,"license":{"key":"other","name":"Other","spdx_id":"NOASSERTION","url":null,"node_id":"MDc6TGljZW5zZTA="},"allow_forking":true,"is_template":false,"web_commit_signoff_required":false,"topics":[],"visibility":"public","forks":3,"open_issues":0,"watchers":7,"default_branch":"main","permissions":{"admin":false,"maintain":false,"push":false,"triage":false,"pull":true},"temp_clone_token":"","organization":{"login":"LAMDA-POMDP","id":69662777,"node_id":"MDEyOk9yZ2FuaXphdGlvbjY5NjYyNzc3","avatar_url":"https://avatars.githubusercontent.com/u/69662777?v=4","gravatar_id":"","url":"https://api.github.com/users/LAMDA-POMDP","html_url":"https://github.com/LAMDA-POMDP","followers_url":"https://api.github.com/users/LAMDA-POMDP/followers","following_url":"https://api.github.com/users/LAMDA-POMDP/following{/other_user}","gists_url":"https://api.github.com/users/LAMDA-POMDP/gists{/gist_id}","starred_url":"https://api.github.com/users/LAMDA-POMDP/starred{/owner}{/repo}","subscriptions_url":"https://api.github.com/users/LAMDA-POMDP/subscriptions","organizations_url":"https://api.github.com/users/LAMDA-POMDP/orgs","repos_url":"https://api.github.com/users/LAMDA-POMDP/repos","events_url":"https://api.github.com/users/LAMDA-POMDP/events{/privacy}","received_events_url":"https://api.github.com/users/LAMDA-POMDP/received_events","type":"Organization","site_admin":false},"network_count":3,"subscribers_count":2}