{"id":293196027,"node_id":"MDEwOlJlcG9zaXRvcnkyOTMxOTYwMjc=","name":"AbstractYieldMacros.jl","full_name":"JuliaFolds/AbstractYieldMacros.jl","private":false,"owner":{"login":"JuliaFolds","id":64239196,"node_id":"MDEyOk9yZ2FuaXphdGlvbjY0MjM5MTk2","avatar_url":"https://avatars.githubusercontent.com/u/64239196?v=4","gravatar_id":"","url":"https://api.github.com/users/JuliaFolds","html_url":"https://github.com/JuliaFolds","followers_url":"https://api.github.com/users/JuliaFolds/followers","following_url":"https://api.github.com/users/JuliaFolds/following{/other_user}","gists_url":"https://api.github.com/users/JuliaFolds/gists{/gist_id}","starred_url":"https://api.github.com/users/JuliaFolds/starred{/owner}{/repo}","subscriptions_url":"https://api.github.com/users/JuliaFolds/subscriptions","organizations_url":"https://api.github.com/users/JuliaFolds/orgs","repos_url":"https://api.github.com/users/JuliaFolds/repos","events_url":"https://api.github.com/users/JuliaFolds/events{/privacy}","received_events_url":"https://api.github.com/users/JuliaFolds/received_events","type":"Organization","site_admin":false},"html_url":"https://github.com/JuliaFolds/AbstractYieldMacros.jl","description":null,"fork":false,"url":"https://api.github.com/repos/JuliaFolds/AbstractYieldMacros.jl","forks_url":"https://api.github.com/repos/JuliaFolds/AbstractYieldMacros.jl/forks","keys_url":"https://api.github.com/repos/JuliaFolds/AbstractYieldMacros.jl/keys{/key_id}","collaborators_url":"https://api.github.com/repos/JuliaFolds/AbstractYieldMacros.jl/collaborators{/collaborator}","teams_url":"https://api.github.com/repos/JuliaFolds/AbstractYieldMacros.jl/teams","hooks_url":"https://api.github.com/repos/JuliaFolds/AbstractYieldMacros.jl/hooks","issue_events_url":"https://api.github.com/repos/JuliaFolds/AbstractYieldMacros.jl/issues/events{/number}","events_url":"https://api.github.com/repos/JuliaFolds/AbstractYieldMacros.jl/events","assignees_url":"https://api.github.com/repos/JuliaFolds/AbstractYieldMacros.jl/assignees{/user}","branches_url":"https://api.github.com/repos/JuliaFolds/AbstractYieldMacros.jl/branches{/branch}","tags_url":"https://api.github.com/repos/JuliaFolds/AbstractYieldMacros.jl/tags","blobs_url":"https://api.github.com/repos/JuliaFolds/AbstractYieldMacros.jl/git/blobs{/sha}","git_tags_url":"https://api.github.com/repos/JuliaFolds/AbstractYieldMacros.jl/git/tags{/sha}","git_refs_url":"https://api.github.com/repos/JuliaFolds/AbstractYieldMacros.jl/git/refs{/sha}","trees_url":"https://api.github.com/repos/JuliaFolds/AbstractYieldMacros.jl/git/trees{/sha}","statuses_url":"https://api.github.com/repos/JuliaFolds/AbstractYieldMacros.jl/statuses/{sha}","languages_url":"https://api.github.com/repos/JuliaFolds/AbstractYieldMacros.jl/languages","stargazers_url":"https://api.github.com/repos/JuliaFolds/AbstractYieldMacros.jl/stargazers","contributors_url":"https://api.github.com/repos/JuliaFolds/AbstractYieldMacros.jl/contributors","subscribers_url":"https://api.github.com/repos/JuliaFolds/AbstractYieldMacros.jl/subscribers","subscription_url":"https://api.github.com/repos/JuliaFolds/AbstractYieldMacros.jl/subscription","commits_url":"https://api.github.com/repos/JuliaFolds/AbstractYieldMacros.jl/commits{/sha}","git_commits_url":"https://api.github.com/repos/JuliaFolds/AbstractYieldMacros.jl/git/commits{/sha}","comments_url":"https://api.github.com/repos/JuliaFolds/AbstractYieldMacros.jl/comments{/number}","issue_comment_url":"https://api.github.com/repos/JuliaFolds/AbstractYieldMacros.jl/issues/comments{/number}","contents_url":"https://api.github.com/repos/JuliaFolds/AbstractYieldMacros.jl/contents/{+path}","compare_url":"https://api.github.com/repos/JuliaFolds/AbstractYieldMacros.jl/compare/{base}...{head}","merges_url":"https://api.github.com/repos/JuliaFolds/AbstractYieldMacros.jl/merges","archive_url":"https://api.github.com/repos/JuliaFolds/AbstractYieldMacros.jl/{archive_format}{/ref}","downloads_url":"https://api.github.com/repos/JuliaFolds/AbstractYieldMacros.jl/downloads","issues_url":"https://api.github.com/repos/JuliaFolds/AbstractYieldMacros.jl/issues{/number}","pulls_url":"https://api.github.com/repos/JuliaFolds/AbstractYieldMacros.jl/pulls{/number}","milestones_url":"https://api.github.com/repos/JuliaFolds/AbstractYieldMacros.jl/milestones{/number}","notifications_url":"https://api.github.com/repos/JuliaFolds/AbstractYieldMacros.jl/notifications{?since,all,participating}","labels_url":"https://api.github.com/repos/JuliaFolds/AbstractYieldMacros.jl/labels{/name}","releases_url":"https://api.github.com/repos/JuliaFolds/AbstractYieldMacros.jl/releases{/id}","deployments_url":"https://api.github.com/repos/JuliaFolds/AbstractYieldMacros.jl/deployments","created_at":"2020-09-06T03:28:31Z","updated_at":"2020-09-06T04:25:07Z","pushed_at":"2020-09-09T04:45:26Z","git_url":"git://github.com/JuliaFolds/AbstractYieldMacros.jl.git","ssh_url":"git@github.com:JuliaFolds/AbstractYieldMacros.jl.git","clone_url":"https://github.com/JuliaFolds/AbstractYieldMacros.jl.git","svn_url":"https://github.com/JuliaFolds/AbstractYieldMacros.jl","homepage":null,"size":6,"stargazers_count":0,"watchers_count":0,"language":"Julia","has_issues":true,"has_projects":true,"has_downloads":true,"has_wiki":true,"has_pages":false,"forks_count":0,"mirror_url":null,"archived":false,"disabled":false,"open_issues_count":0,"license":{"key":"mit","name":"MIT License","spdx_id":"MIT","url":"https://api.github.com/licenses/mit","node_id":"MDc6TGljZW5zZTEz"},"allow_forking":true,"is_template":false,"web_commit_signoff_required":false,"topics":[],"visibility":"public","forks":0,"open_issues":0,"watchers":0,"default_branch":"master","permissions":{"admin":false,"maintain":false,"push":false,"triage":false,"pull":true},"temp_clone_token":"","organization":{"login":"JuliaFolds","id":64239196,"node_id":"MDEyOk9yZ2FuaXphdGlvbjY0MjM5MTk2","avatar_url":"https://avatars.githubusercontent.com/u/64239196?v=4","gravatar_id":"","url":"https://api.github.com/users/JuliaFolds","html_url":"https://github.com/JuliaFolds","followers_url":"https://api.github.com/users/JuliaFolds/followers","following_url":"https://api.github.com/users/JuliaFolds/following{/other_user}","gists_url":"https://api.github.com/users/JuliaFolds/gists{/gist_id}","starred_url":"https://api.github.com/users/JuliaFolds/starred{/owner}{/repo}","subscriptions_url":"https://api.github.com/users/JuliaFolds/subscriptions","organizations_url":"https://api.github.com/users/JuliaFolds/orgs","repos_url":"https://api.github.com/users/JuliaFolds/repos","events_url":"https://api.github.com/users/JuliaFolds/events{/privacy}","received_events_url":"https://api.github.com/users/JuliaFolds/received_events","type":"Organization","site_admin":false},"network_count":0,"subscribers_count":2}