{"id":23978302,"node_id":"MDEwOlJlcG9zaXRvcnkyMzk3ODMwMg==","name":"Arrowhead.jl","full_name":"ivanslapnicar/Arrowhead.jl","private":false,"owner":{"login":"ivanslapnicar","id":8678320,"node_id":"MDQ6VXNlcjg2NzgzMjA=","avatar_url":"https://avatars.githubusercontent.com/u/8678320?v=4","gravatar_id":"","url":"https://api.github.com/users/ivanslapnicar","html_url":"https://github.com/ivanslapnicar","followers_url":"https://api.github.com/users/ivanslapnicar/followers","following_url":"https://api.github.com/users/ivanslapnicar/following{/other_user}","gists_url":"https://api.github.com/users/ivanslapnicar/gists{/gist_id}","starred_url":"https://api.github.com/users/ivanslapnicar/starred{/owner}{/repo}","subscriptions_url":"https://api.github.com/users/ivanslapnicar/subscriptions","organizations_url":"https://api.github.com/users/ivanslapnicar/orgs","repos_url":"https://api.github.com/users/ivanslapnicar/repos","events_url":"https://api.github.com/users/ivanslapnicar/events{/privacy}","received_events_url":"https://api.github.com/users/ivanslapnicar/received_events","type":"User","site_admin":false},"html_url":"https://github.com/ivanslapnicar/Arrowhead.jl","description":"Arrowhead and DPR1 eigenvalues","fork":false,"url":"https://api.github.com/repos/ivanslapnicar/Arrowhead.jl","forks_url":"https://api.github.com/repos/ivanslapnicar/Arrowhead.jl/forks","keys_url":"https://api.github.com/repos/ivanslapnicar/Arrowhead.jl/keys{/key_id}","collaborators_url":"https://api.github.com/repos/ivanslapnicar/Arrowhead.jl/collaborators{/collaborator}","teams_url":"https://api.github.com/repos/ivanslapnicar/Arrowhead.jl/teams","hooks_url":"https://api.github.com/repos/ivanslapnicar/Arrowhead.jl/hooks","issue_events_url":"https://api.github.com/repos/ivanslapnicar/Arrowhead.jl/issues/events{/number}","events_url":"https://api.github.com/repos/ivanslapnicar/Arrowhead.jl/events","assignees_url":"https://api.github.com/repos/ivanslapnicar/Arrowhead.jl/assignees{/user}","branches_url":"https://api.github.com/repos/ivanslapnicar/Arrowhead.jl/branches{/branch}","tags_url":"https://api.github.com/repos/ivanslapnicar/Arrowhead.jl/tags","blobs_url":"https://api.github.com/repos/ivanslapnicar/Arrowhead.jl/git/blobs{/sha}","git_tags_url":"https://api.github.com/repos/ivanslapnicar/Arrowhead.jl/git/tags{/sha}","git_refs_url":"https://api.github.com/repos/ivanslapnicar/Arrowhead.jl/git/refs{/sha}","trees_url":"https://api.github.com/repos/ivanslapnicar/Arrowhead.jl/git/trees{/sha}","statuses_url":"https://api.github.com/repos/ivanslapnicar/Arrowhead.jl/statuses/{sha}","languages_url":"https://api.github.com/repos/ivanslapnicar/Arrowhead.jl/languages","stargazers_url":"https://api.github.com/repos/ivanslapnicar/Arrowhead.jl/stargazers","contributors_url":"https://api.github.com/repos/ivanslapnicar/Arrowhead.jl/contributors","subscribers_url":"https://api.github.com/repos/ivanslapnicar/Arrowhead.jl/subscribers","subscription_url":"https://api.github.com/repos/ivanslapnicar/Arrowhead.jl/subscription","commits_url":"https://api.github.com/repos/ivanslapnicar/Arrowhead.jl/commits{/sha}","git_commits_url":"https://api.github.com/repos/ivanslapnicar/Arrowhead.jl/git/commits{/sha}","comments_url":"https://api.github.com/repos/ivanslapnicar/Arrowhead.jl/comments{/number}","issue_comment_url":"https://api.github.com/repos/ivanslapnicar/Arrowhead.jl/issues/comments{/number}","contents_url":"https://api.github.com/repos/ivanslapnicar/Arrowhead.jl/contents/{+path}","compare_url":"https://api.github.com/repos/ivanslapnicar/Arrowhead.jl/compare/{base}...{head}","merges_url":"https://api.github.com/repos/ivanslapnicar/Arrowhead.jl/merges","archive_url":"https://api.github.com/repos/ivanslapnicar/Arrowhead.jl/{archive_format}{/ref}","downloads_url":"https://api.github.com/repos/ivanslapnicar/Arrowhead.jl/downloads","issues_url":"https://api.github.com/repos/ivanslapnicar/Arrowhead.jl/issues{/number}","pulls_url":"https://api.github.com/repos/ivanslapnicar/Arrowhead.jl/pulls{/number}","milestones_url":"https://api.github.com/repos/ivanslapnicar/Arrowhead.jl/milestones{/number}","notifications_url":"https://api.github.com/repos/ivanslapnicar/Arrowhead.jl/notifications{?since,all,participating}","labels_url":"https://api.github.com/repos/ivanslapnicar/Arrowhead.jl/labels{/name}","releases_url":"https://api.github.com/repos/ivanslapnicar/Arrowhead.jl/releases{/id}","deployments_url":"https://api.github.com/repos/ivanslapnicar/Arrowhead.jl/deployments","created_at":"2014-09-12T21:58:59Z","updated_at":"2022-05-06T12:26:03Z","pushed_at":"2022-05-11T19:07:10Z","git_url":"git://github.com/ivanslapnicar/Arrowhead.jl.git","ssh_url":"git@github.com:ivanslapnicar/Arrowhead.jl.git","clone_url":"https://github.com/ivanslapnicar/Arrowhead.jl.git","svn_url":"https://github.com/ivanslapnicar/Arrowhead.jl","homepage":null,"size":248,"stargazers_count":9,"watchers_count":9,"language":"Julia","has_issues":true,"has_projects":true,"has_downloads":true,"has_wiki":true,"has_pages":false,"forks_count":4,"mirror_url":null,"archived":false,"disabled":false,"open_issues_count":0,"license":{"key":"other","name":"Other","spdx_id":"NOASSERTION","url":null,"node_id":"MDc6TGljZW5zZTA="},"allow_forking":true,"is_template":false,"web_commit_signoff_required":false,"topics":[],"visibility":"public","forks":4,"open_issues":0,"watchers":9,"default_branch":"master","permissions":{"admin":false,"maintain":false,"push":false,"triage":false,"pull":true},"temp_clone_token":"","network_count":4,"subscribers_count":4}