{"id":168571233,"node_id":"MDEwOlJlcG9zaXRvcnkxNjg1NzEyMzM=","name":"AlgebraResultTypes.jl","full_name":"tpapp/AlgebraResultTypes.jl","private":false,"owner":{"login":"tpapp","id":84122,"node_id":"MDQ6VXNlcjg0MTIy","avatar_url":"https://avatars.githubusercontent.com/u/84122?v=4","gravatar_id":"","url":"https://api.github.com/users/tpapp","html_url":"https://github.com/tpapp","followers_url":"https://api.github.com/users/tpapp/followers","following_url":"https://api.github.com/users/tpapp/following{/other_user}","gists_url":"https://api.github.com/users/tpapp/gists{/gist_id}","starred_url":"https://api.github.com/users/tpapp/starred{/owner}{/repo}","subscriptions_url":"https://api.github.com/users/tpapp/subscriptions","organizations_url":"https://api.github.com/users/tpapp/orgs","repos_url":"https://api.github.com/users/tpapp/repos","events_url":"https://api.github.com/users/tpapp/events{/privacy}","received_events_url":"https://api.github.com/users/tpapp/received_events","type":"User","site_admin":false},"html_url":"https://github.com/tpapp/AlgebraResultTypes.jl","description":"result type calculations for algebraic operations","fork":false,"url":"https://api.github.com/repos/tpapp/AlgebraResultTypes.jl","forks_url":"https://api.github.com/repos/tpapp/AlgebraResultTypes.jl/forks","keys_url":"https://api.github.com/repos/tpapp/AlgebraResultTypes.jl/keys{/key_id}","collaborators_url":"https://api.github.com/repos/tpapp/AlgebraResultTypes.jl/collaborators{/collaborator}","teams_url":"https://api.github.com/repos/tpapp/AlgebraResultTypes.jl/teams","hooks_url":"https://api.github.com/repos/tpapp/AlgebraResultTypes.jl/hooks","issue_events_url":"https://api.github.com/repos/tpapp/AlgebraResultTypes.jl/issues/events{/number}","events_url":"https://api.github.com/repos/tpapp/AlgebraResultTypes.jl/events","assignees_url":"https://api.github.com/repos/tpapp/AlgebraResultTypes.jl/assignees{/user}","branches_url":"https://api.github.com/repos/tpapp/AlgebraResultTypes.jl/branches{/branch}","tags_url":"https://api.github.com/repos/tpapp/AlgebraResultTypes.jl/tags","blobs_url":"https://api.github.com/repos/tpapp/AlgebraResultTypes.jl/git/blobs{/sha}","git_tags_url":"https://api.github.com/repos/tpapp/AlgebraResultTypes.jl/git/tags{/sha}","git_refs_url":"https://api.github.com/repos/tpapp/AlgebraResultTypes.jl/git/refs{/sha}","trees_url":"https://api.github.com/repos/tpapp/AlgebraResultTypes.jl/git/trees{/sha}","statuses_url":"https://api.github.com/repos/tpapp/AlgebraResultTypes.jl/statuses/{sha}","languages_url":"https://api.github.com/repos/tpapp/AlgebraResultTypes.jl/languages","stargazers_url":"https://api.github.com/repos/tpapp/AlgebraResultTypes.jl/stargazers","contributors_url":"https://api.github.com/repos/tpapp/AlgebraResultTypes.jl/contributors","subscribers_url":"https://api.github.com/repos/tpapp/AlgebraResultTypes.jl/subscribers","subscription_url":"https://api.github.com/repos/tpapp/AlgebraResultTypes.jl/subscription","commits_url":"https://api.github.com/repos/tpapp/AlgebraResultTypes.jl/commits{/sha}","git_commits_url":"https://api.github.com/repos/tpapp/AlgebraResultTypes.jl/git/commits{/sha}","comments_url":"https://api.github.com/repos/tpapp/AlgebraResultTypes.jl/comments{/number}","issue_comment_url":"https://api.github.com/repos/tpapp/AlgebraResultTypes.jl/issues/comments{/number}","contents_url":"https://api.github.com/repos/tpapp/AlgebraResultTypes.jl/contents/{+path}","compare_url":"https://api.github.com/repos/tpapp/AlgebraResultTypes.jl/compare/{base}...{head}","merges_url":"https://api.github.com/repos/tpapp/AlgebraResultTypes.jl/merges","archive_url":"https://api.github.com/repos/tpapp/AlgebraResultTypes.jl/{archive_format}{/ref}","downloads_url":"https://api.github.com/repos/tpapp/AlgebraResultTypes.jl/downloads","issues_url":"https://api.github.com/repos/tpapp/AlgebraResultTypes.jl/issues{/number}","pulls_url":"https://api.github.com/repos/tpapp/AlgebraResultTypes.jl/pulls{/number}","milestones_url":"https://api.github.com/repos/tpapp/AlgebraResultTypes.jl/milestones{/number}","notifications_url":"https://api.github.com/repos/tpapp/AlgebraResultTypes.jl/notifications{?since,all,participating}","labels_url":"https://api.github.com/repos/tpapp/AlgebraResultTypes.jl/labels{/name}","releases_url":"https://api.github.com/repos/tpapp/AlgebraResultTypes.jl/releases{/id}","deployments_url":"https://api.github.com/repos/tpapp/AlgebraResultTypes.jl/deployments","created_at":"2019-01-31T18:02:11Z","updated_at":"2021-11-09T22:18:12Z","pushed_at":"2020-12-20T09:12:54Z","git_url":"git://github.com/tpapp/AlgebraResultTypes.jl.git","ssh_url":"git@github.com:tpapp/AlgebraResultTypes.jl.git","clone_url":"https://github.com/tpapp/AlgebraResultTypes.jl.git","svn_url":"https://github.com/tpapp/AlgebraResultTypes.jl","homepage":null,"size":12,"stargazers_count":2,"watchers_count":2,"language":"Julia","has_issues":true,"has_projects":true,"has_downloads":true,"has_wiki":true,"has_pages":false,"forks_count":3,"mirror_url":null,"archived":false,"disabled":false,"open_issues_count":4,"license":{"key":"other","name":"Other","spdx_id":"NOASSERTION","url":null,"node_id":"MDc6TGljZW5zZTA="},"allow_forking":true,"is_template":false,"web_commit_signoff_required":false,"topics":[],"visibility":"public","forks":3,"open_issues":4,"watchers":2,"default_branch":"master","permissions":{"admin":false,"maintain":false,"push":false,"triage":false,"pull":true},"temp_clone_token":"","network_count":3,"subscribers_count":2}