{"id":123145072,"node_id":"MDEwOlJlcG9zaXRvcnkxMjMxNDUwNzI=","name":"Arena.jl","full_name":"JuliaRobotics/Arena.jl","private":false,"owner":{"login":"JuliaRobotics","id":36864694,"node_id":"MDEyOk9yZ2FuaXphdGlvbjM2ODY0Njk0","avatar_url":"https://avatars.githubusercontent.com/u/36864694?v=4","gravatar_id":"","url":"https://api.github.com/users/JuliaRobotics","html_url":"https://github.com/JuliaRobotics","followers_url":"https://api.github.com/users/JuliaRobotics/followers","following_url":"https://api.github.com/users/JuliaRobotics/following{/other_user}","gists_url":"https://api.github.com/users/JuliaRobotics/gists{/gist_id}","starred_url":"https://api.github.com/users/JuliaRobotics/starred{/owner}{/repo}","subscriptions_url":"https://api.github.com/users/JuliaRobotics/subscriptions","organizations_url":"https://api.github.com/users/JuliaRobotics/orgs","repos_url":"https://api.github.com/users/JuliaRobotics/repos","events_url":"https://api.github.com/users/JuliaRobotics/events{/privacy}","received_events_url":"https://api.github.com/users/JuliaRobotics/received_events","type":"Organization","site_admin":false},"html_url":"https://github.com/JuliaRobotics/Arena.jl","description":"Collection 3D visualization tools associated with the Caesar.jl and RoME.jl robot navigation packages ","fork":false,"url":"https://api.github.com/repos/JuliaRobotics/Arena.jl","forks_url":"https://api.github.com/repos/JuliaRobotics/Arena.jl/forks","keys_url":"https://api.github.com/repos/JuliaRobotics/Arena.jl/keys{/key_id}","collaborators_url":"https://api.github.com/repos/JuliaRobotics/Arena.jl/collaborators{/collaborator}","teams_url":"https://api.github.com/repos/JuliaRobotics/Arena.jl/teams","hooks_url":"https://api.github.com/repos/JuliaRobotics/Arena.jl/hooks","issue_events_url":"https://api.github.com/repos/JuliaRobotics/Arena.jl/issues/events{/number}","events_url":"https://api.github.com/repos/JuliaRobotics/Arena.jl/events","assignees_url":"https://api.github.com/repos/JuliaRobotics/Arena.jl/assignees{/user}","branches_url":"https://api.github.com/repos/JuliaRobotics/Arena.jl/branches{/branch}","tags_url":"https://api.github.com/repos/JuliaRobotics/Arena.jl/tags","blobs_url":"https://api.github.com/repos/JuliaRobotics/Arena.jl/git/blobs{/sha}","git_tags_url":"https://api.github.com/repos/JuliaRobotics/Arena.jl/git/tags{/sha}","git_refs_url":"https://api.github.com/repos/JuliaRobotics/Arena.jl/git/refs{/sha}","trees_url":"https://api.github.com/repos/JuliaRobotics/Arena.jl/git/trees{/sha}","statuses_url":"https://api.github.com/repos/JuliaRobotics/Arena.jl/statuses/{sha}","languages_url":"https://api.github.com/repos/JuliaRobotics/Arena.jl/languages","stargazers_url":"https://api.github.com/repos/JuliaRobotics/Arena.jl/stargazers","contributors_url":"https://api.github.com/repos/JuliaRobotics/Arena.jl/contributors","subscribers_url":"https://api.github.com/repos/JuliaRobotics/Arena.jl/subscribers","subscription_url":"https://api.github.com/repos/JuliaRobotics/Arena.jl/subscription","commits_url":"https://api.github.com/repos/JuliaRobotics/Arena.jl/commits{/sha}","git_commits_url":"https://api.github.com/repos/JuliaRobotics/Arena.jl/git/commits{/sha}","comments_url":"https://api.github.com/repos/JuliaRobotics/Arena.jl/comments{/number}","issue_comment_url":"https://api.github.com/repos/JuliaRobotics/Arena.jl/issues/comments{/number}","contents_url":"https://api.github.com/repos/JuliaRobotics/Arena.jl/contents/{+path}","compare_url":"https://api.github.com/repos/JuliaRobotics/Arena.jl/compare/{base}...{head}","merges_url":"https://api.github.com/repos/JuliaRobotics/Arena.jl/merges","archive_url":"https://api.github.com/repos/JuliaRobotics/Arena.jl/{archive_format}{/ref}","downloads_url":"https://api.github.com/repos/JuliaRobotics/Arena.jl/downloads","issues_url":"https://api.github.com/repos/JuliaRobotics/Arena.jl/issues{/number}","pulls_url":"https://api.github.com/repos/JuliaRobotics/Arena.jl/pulls{/number}","milestones_url":"https://api.github.com/repos/JuliaRobotics/Arena.jl/milestones{/number}","notifications_url":"https://api.github.com/repos/JuliaRobotics/Arena.jl/notifications{?since,all,participating}","labels_url":"https://api.github.com/repos/JuliaRobotics/Arena.jl/labels{/name}","releases_url":"https://api.github.com/repos/JuliaRobotics/Arena.jl/releases{/id}","deployments_url":"https://api.github.com/repos/JuliaRobotics/Arena.jl/deployments","created_at":"2018-02-27T15:00:48Z","updated_at":"2020-05-03T18:27:38Z","pushed_at":"2020-05-03T18:27:36Z","git_url":"git://github.com/JuliaRobotics/Arena.jl.git","ssh_url":"git@github.com:JuliaRobotics/Arena.jl.git","clone_url":"https://github.com/JuliaRobotics/Arena.jl.git","svn_url":"https://github.com/JuliaRobotics/Arena.jl","homepage":"","size":5500,"stargazers_count":6,"watchers_count":6,"language":"Julia","has_issues":true,"has_projects":true,"has_downloads":true,"has_wiki":true,"has_pages":false,"forks_count":2,"mirror_url":null,"archived":false,"disabled":false,"open_issues_count":5,"license":{"key":"mit","name":"MIT License","spdx_id":"MIT","url":"https://api.github.com/licenses/mit","node_id":"MDc6TGljZW5zZTEz"},"allow_forking":true,"is_template":false,"web_commit_signoff_required":false,"topics":[],"visibility":"public","forks":2,"open_issues":5,"watchers":6,"default_branch":"master","permissions":{"admin":false,"maintain":false,"push":false,"triage":false,"pull":true},"temp_clone_token":"","organization":{"login":"JuliaRobotics","id":36864694,"node_id":"MDEyOk9yZ2FuaXphdGlvbjM2ODY0Njk0","avatar_url":"https://avatars.githubusercontent.com/u/36864694?v=4","gravatar_id":"","url":"https://api.github.com/users/JuliaRobotics","html_url":"https://github.com/JuliaRobotics","followers_url":"https://api.github.com/users/JuliaRobotics/followers","following_url":"https://api.github.com/users/JuliaRobotics/following{/other_user}","gists_url":"https://api.github.com/users/JuliaRobotics/gists{/gist_id}","starred_url":"https://api.github.com/users/JuliaRobotics/starred{/owner}{/repo}","subscriptions_url":"https://api.github.com/users/JuliaRobotics/subscriptions","organizations_url":"https://api.github.com/users/JuliaRobotics/orgs","repos_url":"https://api.github.com/users/JuliaRobotics/repos","events_url":"https://api.github.com/users/JuliaRobotics/events{/privacy}","received_events_url":"https://api.github.com/users/JuliaRobotics/received_events","type":"Organization","site_admin":false},"network_count":2,"subscribers_count":4}