{"id":146501346,"node_id":"MDEwOlJlcG9zaXRvcnkxNDY1MDEzNDY=","name":"Arbitrary.jl","full_name":"eschnett/Arbitrary.jl","private":false,"owner":{"login":"eschnett","id":213514,"node_id":"MDQ6VXNlcjIxMzUxNA==","avatar_url":"https://avatars.githubusercontent.com/u/213514?v=4","gravatar_id":"","url":"https://api.github.com/users/eschnett","html_url":"https://github.com/eschnett","followers_url":"https://api.github.com/users/eschnett/followers","following_url":"https://api.github.com/users/eschnett/following{/other_user}","gists_url":"https://api.github.com/users/eschnett/gists{/gist_id}","starred_url":"https://api.github.com/users/eschnett/starred{/owner}{/repo}","subscriptions_url":"https://api.github.com/users/eschnett/subscriptions","organizations_url":"https://api.github.com/users/eschnett/orgs","repos_url":"https://api.github.com/users/eschnett/repos","events_url":"https://api.github.com/users/eschnett/events{/privacy}","received_events_url":"https://api.github.com/users/eschnett/received_events","type":"User","site_admin":false},"html_url":"https://github.com/eschnett/Arbitrary.jl","description":"Generate arbitrary sequences for testing","fork":false,"url":"https://api.github.com/repos/eschnett/Arbitrary.jl","forks_url":"https://api.github.com/repos/eschnett/Arbitrary.jl/forks","keys_url":"https://api.github.com/repos/eschnett/Arbitrary.jl/keys{/key_id}","collaborators_url":"https://api.github.com/repos/eschnett/Arbitrary.jl/collaborators{/collaborator}","teams_url":"https://api.github.com/repos/eschnett/Arbitrary.jl/teams","hooks_url":"https://api.github.com/repos/eschnett/Arbitrary.jl/hooks","issue_events_url":"https://api.github.com/repos/eschnett/Arbitrary.jl/issues/events{/number}","events_url":"https://api.github.com/repos/eschnett/Arbitrary.jl/events","assignees_url":"https://api.github.com/repos/eschnett/Arbitrary.jl/assignees{/user}","branches_url":"https://api.github.com/repos/eschnett/Arbitrary.jl/branches{/branch}","tags_url":"https://api.github.com/repos/eschnett/Arbitrary.jl/tags","blobs_url":"https://api.github.com/repos/eschnett/Arbitrary.jl/git/blobs{/sha}","git_tags_url":"https://api.github.com/repos/eschnett/Arbitrary.jl/git/tags{/sha}","git_refs_url":"https://api.github.com/repos/eschnett/Arbitrary.jl/git/refs{/sha}","trees_url":"https://api.github.com/repos/eschnett/Arbitrary.jl/git/trees{/sha}","statuses_url":"https://api.github.com/repos/eschnett/Arbitrary.jl/statuses/{sha}","languages_url":"https://api.github.com/repos/eschnett/Arbitrary.jl/languages","stargazers_url":"https://api.github.com/repos/eschnett/Arbitrary.jl/stargazers","contributors_url":"https://api.github.com/repos/eschnett/Arbitrary.jl/contributors","subscribers_url":"https://api.github.com/repos/eschnett/Arbitrary.jl/subscribers","subscription_url":"https://api.github.com/repos/eschnett/Arbitrary.jl/subscription","commits_url":"https://api.github.com/repos/eschnett/Arbitrary.jl/commits{/sha}","git_commits_url":"https://api.github.com/repos/eschnett/Arbitrary.jl/git/commits{/sha}","comments_url":"https://api.github.com/repos/eschnett/Arbitrary.jl/comments{/number}","issue_comment_url":"https://api.github.com/repos/eschnett/Arbitrary.jl/issues/comments{/number}","contents_url":"https://api.github.com/repos/eschnett/Arbitrary.jl/contents/{+path}","compare_url":"https://api.github.com/repos/eschnett/Arbitrary.jl/compare/{base}...{head}","merges_url":"https://api.github.com/repos/eschnett/Arbitrary.jl/merges","archive_url":"https://api.github.com/repos/eschnett/Arbitrary.jl/{archive_format}{/ref}","downloads_url":"https://api.github.com/repos/eschnett/Arbitrary.jl/downloads","issues_url":"https://api.github.com/repos/eschnett/Arbitrary.jl/issues{/number}","pulls_url":"https://api.github.com/repos/eschnett/Arbitrary.jl/pulls{/number}","milestones_url":"https://api.github.com/repos/eschnett/Arbitrary.jl/milestones{/number}","notifications_url":"https://api.github.com/repos/eschnett/Arbitrary.jl/notifications{?since,all,participating}","labels_url":"https://api.github.com/repos/eschnett/Arbitrary.jl/labels{/name}","releases_url":"https://api.github.com/repos/eschnett/Arbitrary.jl/releases{/id}","deployments_url":"https://api.github.com/repos/eschnett/Arbitrary.jl/deployments","created_at":"2018-08-28T20:12:16Z","updated_at":"2022-02-06T01:26:56Z","pushed_at":"2020-02-08T21:13:41Z","git_url":"git://github.com/eschnett/Arbitrary.jl.git","ssh_url":"git@github.com:eschnett/Arbitrary.jl.git","clone_url":"https://github.com/eschnett/Arbitrary.jl.git","svn_url":"https://github.com/eschnett/Arbitrary.jl","homepage":null,"size":23,"stargazers_count":4,"watchers_count":4,"language":"Julia","has_issues":true,"has_projects":true,"has_downloads":true,"has_wiki":true,"has_pages":false,"forks_count":1,"mirror_url":null,"archived":false,"disabled":false,"open_issues_count":1,"license":{"key":"other","name":"Other","spdx_id":"NOASSERTION","url":null,"node_id":"MDc6TGljZW5zZTA="},"allow_forking":true,"is_template":false,"web_commit_signoff_required":false,"topics":[],"visibility":"public","forks":1,"open_issues":1,"watchers":4,"default_branch":"master","permissions":{"admin":false,"maintain":false,"push":false,"triage":false,"pull":true},"temp_clone_token":"","network_count":1,"subscribers_count":2}