{"id":223828990,"node_id":"MDEwOlJlcG9zaXRvcnkyMjM4Mjg5OTA=","name":"AcuteBenchmark.jl","full_name":"aminya/AcuteBenchmark.jl","private":false,"owner":{"login":"aminya","id":16418197,"node_id":"MDQ6VXNlcjE2NDE4MTk3","avatar_url":"https://avatars.githubusercontent.com/u/16418197?v=4","gravatar_id":"","url":"https://api.github.com/users/aminya","html_url":"https://github.com/aminya","followers_url":"https://api.github.com/users/aminya/followers","following_url":"https://api.github.com/users/aminya/following{/other_user}","gists_url":"https://api.github.com/users/aminya/gists{/gist_id}","starred_url":"https://api.github.com/users/aminya/starred{/owner}{/repo}","subscriptions_url":"https://api.github.com/users/aminya/subscriptions","organizations_url":"https://api.github.com/users/aminya/orgs","repos_url":"https://api.github.com/users/aminya/repos","events_url":"https://api.github.com/users/aminya/events{/privacy}","received_events_url":"https://api.github.com/users/aminya/received_events","type":"User","site_admin":false},"html_url":"https://github.com/aminya/AcuteBenchmark.jl","description":"Automatically benchmark functions!","fork":false,"url":"https://api.github.com/repos/aminya/AcuteBenchmark.jl","forks_url":"https://api.github.com/repos/aminya/AcuteBenchmark.jl/forks","keys_url":"https://api.github.com/repos/aminya/AcuteBenchmark.jl/keys{/key_id}","collaborators_url":"https://api.github.com/repos/aminya/AcuteBenchmark.jl/collaborators{/collaborator}","teams_url":"https://api.github.com/repos/aminya/AcuteBenchmark.jl/teams","hooks_url":"https://api.github.com/repos/aminya/AcuteBenchmark.jl/hooks","issue_events_url":"https://api.github.com/repos/aminya/AcuteBenchmark.jl/issues/events{/number}","events_url":"https://api.github.com/repos/aminya/AcuteBenchmark.jl/events","assignees_url":"https://api.github.com/repos/aminya/AcuteBenchmark.jl/assignees{/user}","branches_url":"https://api.github.com/repos/aminya/AcuteBenchmark.jl/branches{/branch}","tags_url":"https://api.github.com/repos/aminya/AcuteBenchmark.jl/tags","blobs_url":"https://api.github.com/repos/aminya/AcuteBenchmark.jl/git/blobs{/sha}","git_tags_url":"https://api.github.com/repos/aminya/AcuteBenchmark.jl/git/tags{/sha}","git_refs_url":"https://api.github.com/repos/aminya/AcuteBenchmark.jl/git/refs{/sha}","trees_url":"https://api.github.com/repos/aminya/AcuteBenchmark.jl/git/trees{/sha}","statuses_url":"https://api.github.com/repos/aminya/AcuteBenchmark.jl/statuses/{sha}","languages_url":"https://api.github.com/repos/aminya/AcuteBenchmark.jl/languages","stargazers_url":"https://api.github.com/repos/aminya/AcuteBenchmark.jl/stargazers","contributors_url":"https://api.github.com/repos/aminya/AcuteBenchmark.jl/contributors","subscribers_url":"https://api.github.com/repos/aminya/AcuteBenchmark.jl/subscribers","subscription_url":"https://api.github.com/repos/aminya/AcuteBenchmark.jl/subscription","commits_url":"https://api.github.com/repos/aminya/AcuteBenchmark.jl/commits{/sha}","git_commits_url":"https://api.github.com/repos/aminya/AcuteBenchmark.jl/git/commits{/sha}","comments_url":"https://api.github.com/repos/aminya/AcuteBenchmark.jl/comments{/number}","issue_comment_url":"https://api.github.com/repos/aminya/AcuteBenchmark.jl/issues/comments{/number}","contents_url":"https://api.github.com/repos/aminya/AcuteBenchmark.jl/contents/{+path}","compare_url":"https://api.github.com/repos/aminya/AcuteBenchmark.jl/compare/{base}...{head}","merges_url":"https://api.github.com/repos/aminya/AcuteBenchmark.jl/merges","archive_url":"https://api.github.com/repos/aminya/AcuteBenchmark.jl/{archive_format}{/ref}","downloads_url":"https://api.github.com/repos/aminya/AcuteBenchmark.jl/downloads","issues_url":"https://api.github.com/repos/aminya/AcuteBenchmark.jl/issues{/number}","pulls_url":"https://api.github.com/repos/aminya/AcuteBenchmark.jl/pulls{/number}","milestones_url":"https://api.github.com/repos/aminya/AcuteBenchmark.jl/milestones{/number}","notifications_url":"https://api.github.com/repos/aminya/AcuteBenchmark.jl/notifications{?since,all,participating}","labels_url":"https://api.github.com/repos/aminya/AcuteBenchmark.jl/labels{/name}","releases_url":"https://api.github.com/repos/aminya/AcuteBenchmark.jl/releases{/id}","deployments_url":"https://api.github.com/repos/aminya/AcuteBenchmark.jl/deployments","created_at":"2019-11-25T00:04:22Z","updated_at":"2021-02-02T10:55:19Z","pushed_at":"2021-04-01T00:29:31Z","git_url":"git://github.com/aminya/AcuteBenchmark.jl.git","ssh_url":"git@github.com:aminya/AcuteBenchmark.jl.git","clone_url":"https://github.com/aminya/AcuteBenchmark.jl.git","svn_url":"https://github.com/aminya/AcuteBenchmark.jl","homepage":null,"size":3027,"stargazers_count":2,"watchers_count":2,"language":"Julia","has_issues":true,"has_projects":true,"has_downloads":true,"has_wiki":true,"has_pages":true,"forks_count":0,"mirror_url":null,"archived":false,"disabled":false,"open_issues_count":7,"license":{"key":"mit","name":"MIT License","spdx_id":"MIT","url":"https://api.github.com/licenses/mit","node_id":"MDc6TGljZW5zZTEz"},"allow_forking":true,"is_template":false,"web_commit_signoff_required":false,"topics":[],"visibility":"public","forks":0,"open_issues":7,"watchers":2,"default_branch":"master","permissions":{"admin":false,"maintain":false,"push":false,"triage":false,"pull":true},"temp_clone_token":"","network_count":0,"subscribers_count":2}