{"id":26210535,"node_id":"MDEwOlJlcG9zaXRvcnkyNjIxMDUzNQ==","name":"AppleAccelerate.jl","full_name":"JuliaMath/AppleAccelerate.jl","private":false,"owner":{"login":"JuliaMath","id":19329613,"node_id":"MDEyOk9yZ2FuaXphdGlvbjE5MzI5NjEz","avatar_url":"https://avatars.githubusercontent.com/u/19329613?v=4","gravatar_id":"","url":"https://api.github.com/users/JuliaMath","html_url":"https://github.com/JuliaMath","followers_url":"https://api.github.com/users/JuliaMath/followers","following_url":"https://api.github.com/users/JuliaMath/following{/other_user}","gists_url":"https://api.github.com/users/JuliaMath/gists{/gist_id}","starred_url":"https://api.github.com/users/JuliaMath/starred{/owner}{/repo}","subscriptions_url":"https://api.github.com/users/JuliaMath/subscriptions","organizations_url":"https://api.github.com/users/JuliaMath/orgs","repos_url":"https://api.github.com/users/JuliaMath/repos","events_url":"https://api.github.com/users/JuliaMath/events{/privacy}","received_events_url":"https://api.github.com/users/JuliaMath/received_events","type":"Organization","site_admin":false},"html_url":"https://github.com/JuliaMath/AppleAccelerate.jl","description":"Julia interface to OS X's Accelerate framework","fork":false,"url":"https://api.github.com/repos/JuliaMath/AppleAccelerate.jl","forks_url":"https://api.github.com/repos/JuliaMath/AppleAccelerate.jl/forks","keys_url":"https://api.github.com/repos/JuliaMath/AppleAccelerate.jl/keys{/key_id}","collaborators_url":"https://api.github.com/repos/JuliaMath/AppleAccelerate.jl/collaborators{/collaborator}","teams_url":"https://api.github.com/repos/JuliaMath/AppleAccelerate.jl/teams","hooks_url":"https://api.github.com/repos/JuliaMath/AppleAccelerate.jl/hooks","issue_events_url":"https://api.github.com/repos/JuliaMath/AppleAccelerate.jl/issues/events{/number}","events_url":"https://api.github.com/repos/JuliaMath/AppleAccelerate.jl/events","assignees_url":"https://api.github.com/repos/JuliaMath/AppleAccelerate.jl/assignees{/user}","branches_url":"https://api.github.com/repos/JuliaMath/AppleAccelerate.jl/branches{/branch}","tags_url":"https://api.github.com/repos/JuliaMath/AppleAccelerate.jl/tags","blobs_url":"https://api.github.com/repos/JuliaMath/AppleAccelerate.jl/git/blobs{/sha}","git_tags_url":"https://api.github.com/repos/JuliaMath/AppleAccelerate.jl/git/tags{/sha}","git_refs_url":"https://api.github.com/repos/JuliaMath/AppleAccelerate.jl/git/refs{/sha}","trees_url":"https://api.github.com/repos/JuliaMath/AppleAccelerate.jl/git/trees{/sha}","statuses_url":"https://api.github.com/repos/JuliaMath/AppleAccelerate.jl/statuses/{sha}","languages_url":"https://api.github.com/repos/JuliaMath/AppleAccelerate.jl/languages","stargazers_url":"https://api.github.com/repos/JuliaMath/AppleAccelerate.jl/stargazers","contributors_url":"https://api.github.com/repos/JuliaMath/AppleAccelerate.jl/contributors","subscribers_url":"https://api.github.com/repos/JuliaMath/AppleAccelerate.jl/subscribers","subscription_url":"https://api.github.com/repos/JuliaMath/AppleAccelerate.jl/subscription","commits_url":"https://api.github.com/repos/JuliaMath/AppleAccelerate.jl/commits{/sha}","git_commits_url":"https://api.github.com/repos/JuliaMath/AppleAccelerate.jl/git/commits{/sha}","comments_url":"https://api.github.com/repos/JuliaMath/AppleAccelerate.jl/comments{/number}","issue_comment_url":"https://api.github.com/repos/JuliaMath/AppleAccelerate.jl/issues/comments{/number}","contents_url":"https://api.github.com/repos/JuliaMath/AppleAccelerate.jl/contents/{+path}","compare_url":"https://api.github.com/repos/JuliaMath/AppleAccelerate.jl/compare/{base}...{head}","merges_url":"https://api.github.com/repos/JuliaMath/AppleAccelerate.jl/merges","archive_url":"https://api.github.com/repos/JuliaMath/AppleAccelerate.jl/{archive_format}{/ref}","downloads_url":"https://api.github.com/repos/JuliaMath/AppleAccelerate.jl/downloads","issues_url":"https://api.github.com/repos/JuliaMath/AppleAccelerate.jl/issues{/number}","pulls_url":"https://api.github.com/repos/JuliaMath/AppleAccelerate.jl/pulls{/number}","milestones_url":"https://api.github.com/repos/JuliaMath/AppleAccelerate.jl/milestones{/number}","notifications_url":"https://api.github.com/repos/JuliaMath/AppleAccelerate.jl/notifications{?since,all,participating}","labels_url":"https://api.github.com/repos/JuliaMath/AppleAccelerate.jl/labels{/name}","releases_url":"https://api.github.com/repos/JuliaMath/AppleAccelerate.jl/releases{/id}","deployments_url":"https://api.github.com/repos/JuliaMath/AppleAccelerate.jl/deployments","created_at":"2014-11-05T08:35:56Z","updated_at":"2022-05-17T19:35:47Z","pushed_at":"2021-11-30T02:50:26Z","git_url":"git://github.com/JuliaMath/AppleAccelerate.jl.git","ssh_url":"git@github.com:JuliaMath/AppleAccelerate.jl.git","clone_url":"https://github.com/JuliaMath/AppleAccelerate.jl.git","svn_url":"https://github.com/JuliaMath/AppleAccelerate.jl","homepage":"","size":66,"stargazers_count":34,"watchers_count":34,"language":"Julia","has_issues":true,"has_projects":true,"has_downloads":true,"has_wiki":true,"has_pages":false,"forks_count":16,"mirror_url":null,"archived":false,"disabled":false,"open_issues_count":7,"license":{"key":"other","name":"Other","spdx_id":"NOASSERTION","url":null,"node_id":"MDc6TGljZW5zZTA="},"allow_forking":true,"is_template":false,"web_commit_signoff_required":false,"topics":[],"visibility":"public","forks":16,"open_issues":7,"watchers":34,"default_branch":"master","permissions":{"admin":false,"maintain":false,"push":false,"triage":false,"pull":true},"temp_clone_token":"","organization":{"login":"JuliaMath","id":19329613,"node_id":"MDEyOk9yZ2FuaXphdGlvbjE5MzI5NjEz","avatar_url":"https://avatars.githubusercontent.com/u/19329613?v=4","gravatar_id":"","url":"https://api.github.com/users/JuliaMath","html_url":"https://github.com/JuliaMath","followers_url":"https://api.github.com/users/JuliaMath/followers","following_url":"https://api.github.com/users/JuliaMath/following{/other_user}","gists_url":"https://api.github.com/users/JuliaMath/gists{/gist_id}","starred_url":"https://api.github.com/users/JuliaMath/starred{/owner}{/repo}","subscriptions_url":"https://api.github.com/users/JuliaMath/subscriptions","organizations_url":"https://api.github.com/users/JuliaMath/orgs","repos_url":"https://api.github.com/users/JuliaMath/repos","events_url":"https://api.github.com/users/JuliaMath/events{/privacy}","received_events_url":"https://api.github.com/users/JuliaMath/received_events","type":"Organization","site_admin":false},"network_count":16,"subscribers_count":13}