{"id":351647929,"node_id":"MDEwOlJlcG9zaXRvcnkzNTE2NDc5Mjk=","name":"AddToField.jl","full_name":"pdeffebach/AddToField.jl","private":false,"owner":{"login":"pdeffebach","id":23196228,"node_id":"MDQ6VXNlcjIzMTk2MjI4","avatar_url":"https://avatars.githubusercontent.com/u/23196228?v=4","gravatar_id":"","url":"https://api.github.com/users/pdeffebach","html_url":"https://github.com/pdeffebach","followers_url":"https://api.github.com/users/pdeffebach/followers","following_url":"https://api.github.com/users/pdeffebach/following{/other_user}","gists_url":"https://api.github.com/users/pdeffebach/gists{/gist_id}","starred_url":"https://api.github.com/users/pdeffebach/starred{/owner}{/repo}","subscriptions_url":"https://api.github.com/users/pdeffebach/subscriptions","organizations_url":"https://api.github.com/users/pdeffebach/orgs","repos_url":"https://api.github.com/users/pdeffebach/repos","events_url":"https://api.github.com/users/pdeffebach/events{/privacy}","received_events_url":"https://api.github.com/users/pdeffebach/received_events","type":"User","site_admin":false},"html_url":"https://github.com/pdeffebach/AddToField.jl","description":"Julia macros to easily construct named tuples and set properties of mutable structures. ","fork":false,"url":"https://api.github.com/repos/pdeffebach/AddToField.jl","forks_url":"https://api.github.com/repos/pdeffebach/AddToField.jl/forks","keys_url":"https://api.github.com/repos/pdeffebach/AddToField.jl/keys{/key_id}","collaborators_url":"https://api.github.com/repos/pdeffebach/AddToField.jl/collaborators{/collaborator}","teams_url":"https://api.github.com/repos/pdeffebach/AddToField.jl/teams","hooks_url":"https://api.github.com/repos/pdeffebach/AddToField.jl/hooks","issue_events_url":"https://api.github.com/repos/pdeffebach/AddToField.jl/issues/events{/number}","events_url":"https://api.github.com/repos/pdeffebach/AddToField.jl/events","assignees_url":"https://api.github.com/repos/pdeffebach/AddToField.jl/assignees{/user}","branches_url":"https://api.github.com/repos/pdeffebach/AddToField.jl/branches{/branch}","tags_url":"https://api.github.com/repos/pdeffebach/AddToField.jl/tags","blobs_url":"https://api.github.com/repos/pdeffebach/AddToField.jl/git/blobs{/sha}","git_tags_url":"https://api.github.com/repos/pdeffebach/AddToField.jl/git/tags{/sha}","git_refs_url":"https://api.github.com/repos/pdeffebach/AddToField.jl/git/refs{/sha}","trees_url":"https://api.github.com/repos/pdeffebach/AddToField.jl/git/trees{/sha}","statuses_url":"https://api.github.com/repos/pdeffebach/AddToField.jl/statuses/{sha}","languages_url":"https://api.github.com/repos/pdeffebach/AddToField.jl/languages","stargazers_url":"https://api.github.com/repos/pdeffebach/AddToField.jl/stargazers","contributors_url":"https://api.github.com/repos/pdeffebach/AddToField.jl/contributors","subscribers_url":"https://api.github.com/repos/pdeffebach/AddToField.jl/subscribers","subscription_url":"https://api.github.com/repos/pdeffebach/AddToField.jl/subscription","commits_url":"https://api.github.com/repos/pdeffebach/AddToField.jl/commits{/sha}","git_commits_url":"https://api.github.com/repos/pdeffebach/AddToField.jl/git/commits{/sha}","comments_url":"https://api.github.com/repos/pdeffebach/AddToField.jl/comments{/number}","issue_comment_url":"https://api.github.com/repos/pdeffebach/AddToField.jl/issues/comments{/number}","contents_url":"https://api.github.com/repos/pdeffebach/AddToField.jl/contents/{+path}","compare_url":"https://api.github.com/repos/pdeffebach/AddToField.jl/compare/{base}...{head}","merges_url":"https://api.github.com/repos/pdeffebach/AddToField.jl/merges","archive_url":"https://api.github.com/repos/pdeffebach/AddToField.jl/{archive_format}{/ref}","downloads_url":"https://api.github.com/repos/pdeffebach/AddToField.jl/downloads","issues_url":"https://api.github.com/repos/pdeffebach/AddToField.jl/issues{/number}","pulls_url":"https://api.github.com/repos/pdeffebach/AddToField.jl/pulls{/number}","milestones_url":"https://api.github.com/repos/pdeffebach/AddToField.jl/milestones{/number}","notifications_url":"https://api.github.com/repos/pdeffebach/AddToField.jl/notifications{?since,all,participating}","labels_url":"https://api.github.com/repos/pdeffebach/AddToField.jl/labels{/name}","releases_url":"https://api.github.com/repos/pdeffebach/AddToField.jl/releases{/id}","deployments_url":"https://api.github.com/repos/pdeffebach/AddToField.jl/deployments","created_at":"2021-03-26T03:16:29Z","updated_at":"2022-02-09T08:11:59Z","pushed_at":"2021-09-17T14:57:29Z","git_url":"git://github.com/pdeffebach/AddToField.jl.git","ssh_url":"git@github.com:pdeffebach/AddToField.jl.git","clone_url":"https://github.com/pdeffebach/AddToField.jl.git","svn_url":"https://github.com/pdeffebach/AddToField.jl","homepage":"https://pdeffebach.github.io/AddToField.jl/stable/","size":319,"stargazers_count":5,"watchers_count":5,"language":"Julia","has_issues":true,"has_projects":true,"has_downloads":true,"has_wiki":true,"has_pages":true,"forks_count":0,"mirror_url":null,"archived":false,"disabled":false,"open_issues_count":0,"license":{"key":"mit","name":"MIT License","spdx_id":"MIT","url":"https://api.github.com/licenses/mit","node_id":"MDc6TGljZW5zZTEz"},"allow_forking":true,"is_template":false,"web_commit_signoff_required":false,"topics":[],"visibility":"public","forks":0,"open_issues":0,"watchers":5,"default_branch":"master","permissions":{"admin":false,"maintain":false,"push":false,"triage":false,"pull":true},"temp_clone_token":"","network_count":0,"subscribers_count":1}