{"id":312640528,"node_id":"MDEwOlJlcG9zaXRvcnkzMTI2NDA1Mjg=","name":"AlignedArrays.jl","full_name":"analytech-solutions/AlignedArrays.jl","private":false,"owner":{"login":"analytech-solutions","id":50304782,"node_id":"MDEyOk9yZ2FuaXphdGlvbjUwMzA0Nzgy","avatar_url":"https://avatars.githubusercontent.com/u/50304782?v=4","gravatar_id":"","url":"https://api.github.com/users/analytech-solutions","html_url":"https://github.com/analytech-solutions","followers_url":"https://api.github.com/users/analytech-solutions/followers","following_url":"https://api.github.com/users/analytech-solutions/following{/other_user}","gists_url":"https://api.github.com/users/analytech-solutions/gists{/gist_id}","starred_url":"https://api.github.com/users/analytech-solutions/starred{/owner}{/repo}","subscriptions_url":"https://api.github.com/users/analytech-solutions/subscriptions","organizations_url":"https://api.github.com/users/analytech-solutions/orgs","repos_url":"https://api.github.com/users/analytech-solutions/repos","events_url":"https://api.github.com/users/analytech-solutions/events{/privacy}","received_events_url":"https://api.github.com/users/analytech-solutions/received_events","type":"Organization","site_admin":false},"html_url":"https://github.com/analytech-solutions/AlignedArrays.jl","description":"Array wrappers for working with aligned memory allocations in Julia","fork":false,"url":"https://api.github.com/repos/analytech-solutions/AlignedArrays.jl","forks_url":"https://api.github.com/repos/analytech-solutions/AlignedArrays.jl/forks","keys_url":"https://api.github.com/repos/analytech-solutions/AlignedArrays.jl/keys{/key_id}","collaborators_url":"https://api.github.com/repos/analytech-solutions/AlignedArrays.jl/collaborators{/collaborator}","teams_url":"https://api.github.com/repos/analytech-solutions/AlignedArrays.jl/teams","hooks_url":"https://api.github.com/repos/analytech-solutions/AlignedArrays.jl/hooks","issue_events_url":"https://api.github.com/repos/analytech-solutions/AlignedArrays.jl/issues/events{/number}","events_url":"https://api.github.com/repos/analytech-solutions/AlignedArrays.jl/events","assignees_url":"https://api.github.com/repos/analytech-solutions/AlignedArrays.jl/assignees{/user}","branches_url":"https://api.github.com/repos/analytech-solutions/AlignedArrays.jl/branches{/branch}","tags_url":"https://api.github.com/repos/analytech-solutions/AlignedArrays.jl/tags","blobs_url":"https://api.github.com/repos/analytech-solutions/AlignedArrays.jl/git/blobs{/sha}","git_tags_url":"https://api.github.com/repos/analytech-solutions/AlignedArrays.jl/git/tags{/sha}","git_refs_url":"https://api.github.com/repos/analytech-solutions/AlignedArrays.jl/git/refs{/sha}","trees_url":"https://api.github.com/repos/analytech-solutions/AlignedArrays.jl/git/trees{/sha}","statuses_url":"https://api.github.com/repos/analytech-solutions/AlignedArrays.jl/statuses/{sha}","languages_url":"https://api.github.com/repos/analytech-solutions/AlignedArrays.jl/languages","stargazers_url":"https://api.github.com/repos/analytech-solutions/AlignedArrays.jl/stargazers","contributors_url":"https://api.github.com/repos/analytech-solutions/AlignedArrays.jl/contributors","subscribers_url":"https://api.github.com/repos/analytech-solutions/AlignedArrays.jl/subscribers","subscription_url":"https://api.github.com/repos/analytech-solutions/AlignedArrays.jl/subscription","commits_url":"https://api.github.com/repos/analytech-solutions/AlignedArrays.jl/commits{/sha}","git_commits_url":"https://api.github.com/repos/analytech-solutions/AlignedArrays.jl/git/commits{/sha}","comments_url":"https://api.github.com/repos/analytech-solutions/AlignedArrays.jl/comments{/number}","issue_comment_url":"https://api.github.com/repos/analytech-solutions/AlignedArrays.jl/issues/comments{/number}","contents_url":"https://api.github.com/repos/analytech-solutions/AlignedArrays.jl/contents/{+path}","compare_url":"https://api.github.com/repos/analytech-solutions/AlignedArrays.jl/compare/{base}...{head}","merges_url":"https://api.github.com/repos/analytech-solutions/AlignedArrays.jl/merges","archive_url":"https://api.github.com/repos/analytech-solutions/AlignedArrays.jl/{archive_format}{/ref}","downloads_url":"https://api.github.com/repos/analytech-solutions/AlignedArrays.jl/downloads","issues_url":"https://api.github.com/repos/analytech-solutions/AlignedArrays.jl/issues{/number}","pulls_url":"https://api.github.com/repos/analytech-solutions/AlignedArrays.jl/pulls{/number}","milestones_url":"https://api.github.com/repos/analytech-solutions/AlignedArrays.jl/milestones{/number}","notifications_url":"https://api.github.com/repos/analytech-solutions/AlignedArrays.jl/notifications{?since,all,participating}","labels_url":"https://api.github.com/repos/analytech-solutions/AlignedArrays.jl/labels{/name}","releases_url":"https://api.github.com/repos/analytech-solutions/AlignedArrays.jl/releases{/id}","deployments_url":"https://api.github.com/repos/analytech-solutions/AlignedArrays.jl/deployments","created_at":"2020-11-13T17:24:37Z","updated_at":"2020-11-16T18:40:03Z","pushed_at":"2020-11-16T18:40:01Z","git_url":"git://github.com/analytech-solutions/AlignedArrays.jl.git","ssh_url":"git@github.com:analytech-solutions/AlignedArrays.jl.git","clone_url":"https://github.com/analytech-solutions/AlignedArrays.jl.git","svn_url":"https://github.com/analytech-solutions/AlignedArrays.jl","homepage":null,"size":5,"stargazers_count":0,"watchers_count":0,"language":"Julia","has_issues":true,"has_projects":true,"has_downloads":true,"has_wiki":true,"has_pages":false,"forks_count":1,"mirror_url":null,"archived":false,"disabled":false,"open_issues_count":0,"license":{"key":"mit","name":"MIT License","spdx_id":"MIT","url":"https://api.github.com/licenses/mit","node_id":"MDc6TGljZW5zZTEz"},"allow_forking":true,"is_template":false,"web_commit_signoff_required":false,"topics":[],"visibility":"public","forks":1,"open_issues":0,"watchers":0,"default_branch":"master","permissions":{"admin":false,"maintain":false,"push":false,"triage":false,"pull":true},"temp_clone_token":"","organization":{"login":"analytech-solutions","id":50304782,"node_id":"MDEyOk9yZ2FuaXphdGlvbjUwMzA0Nzgy","avatar_url":"https://avatars.githubusercontent.com/u/50304782?v=4","gravatar_id":"","url":"https://api.github.com/users/analytech-solutions","html_url":"https://github.com/analytech-solutions","followers_url":"https://api.github.com/users/analytech-solutions/followers","following_url":"https://api.github.com/users/analytech-solutions/following{/other_user}","gists_url":"https://api.github.com/users/analytech-solutions/gists{/gist_id}","starred_url":"https://api.github.com/users/analytech-solutions/starred{/owner}{/repo}","subscriptions_url":"https://api.github.com/users/analytech-solutions/subscriptions","organizations_url":"https://api.github.com/users/analytech-solutions/orgs","repos_url":"https://api.github.com/users/analytech-solutions/repos","events_url":"https://api.github.com/users/analytech-solutions/events{/privacy}","received_events_url":"https://api.github.com/users/analytech-solutions/received_events","type":"Organization","site_admin":false},"network_count":1,"subscribers_count":2}