{"id":132702556,"node_id":"MDEwOlJlcG9zaXRvcnkxMzI3MDI1NTY=","name":"Arpack.jl","full_name":"JuliaLinearAlgebra/Arpack.jl","private":false,"owner":{"login":"JuliaLinearAlgebra","id":39632249,"node_id":"MDEyOk9yZ2FuaXphdGlvbjM5NjMyMjQ5","avatar_url":"https://avatars.githubusercontent.com/u/39632249?v=4","gravatar_id":"","url":"https://api.github.com/users/JuliaLinearAlgebra","html_url":"https://github.com/JuliaLinearAlgebra","followers_url":"https://api.github.com/users/JuliaLinearAlgebra/followers","following_url":"https://api.github.com/users/JuliaLinearAlgebra/following{/other_user}","gists_url":"https://api.github.com/users/JuliaLinearAlgebra/gists{/gist_id}","starred_url":"https://api.github.com/users/JuliaLinearAlgebra/starred{/owner}{/repo}","subscriptions_url":"https://api.github.com/users/JuliaLinearAlgebra/subscriptions","organizations_url":"https://api.github.com/users/JuliaLinearAlgebra/orgs","repos_url":"https://api.github.com/users/JuliaLinearAlgebra/repos","events_url":"https://api.github.com/users/JuliaLinearAlgebra/events{/privacy}","received_events_url":"https://api.github.com/users/JuliaLinearAlgebra/received_events","type":"Organization","site_admin":false},"html_url":"https://github.com/JuliaLinearAlgebra/Arpack.jl","description":"Julia Wrappers for the arpack-ng Fortran library","fork":false,"url":"https://api.github.com/repos/JuliaLinearAlgebra/Arpack.jl","forks_url":"https://api.github.com/repos/JuliaLinearAlgebra/Arpack.jl/forks","keys_url":"https://api.github.com/repos/JuliaLinearAlgebra/Arpack.jl/keys{/key_id}","collaborators_url":"https://api.github.com/repos/JuliaLinearAlgebra/Arpack.jl/collaborators{/collaborator}","teams_url":"https://api.github.com/repos/JuliaLinearAlgebra/Arpack.jl/teams","hooks_url":"https://api.github.com/repos/JuliaLinearAlgebra/Arpack.jl/hooks","issue_events_url":"https://api.github.com/repos/JuliaLinearAlgebra/Arpack.jl/issues/events{/number}","events_url":"https://api.github.com/repos/JuliaLinearAlgebra/Arpack.jl/events","assignees_url":"https://api.github.com/repos/JuliaLinearAlgebra/Arpack.jl/assignees{/user}","branches_url":"https://api.github.com/repos/JuliaLinearAlgebra/Arpack.jl/branches{/branch}","tags_url":"https://api.github.com/repos/JuliaLinearAlgebra/Arpack.jl/tags","blobs_url":"https://api.github.com/repos/JuliaLinearAlgebra/Arpack.jl/git/blobs{/sha}","git_tags_url":"https://api.github.com/repos/JuliaLinearAlgebra/Arpack.jl/git/tags{/sha}","git_refs_url":"https://api.github.com/repos/JuliaLinearAlgebra/Arpack.jl/git/refs{/sha}","trees_url":"https://api.github.com/repos/JuliaLinearAlgebra/Arpack.jl/git/trees{/sha}","statuses_url":"https://api.github.com/repos/JuliaLinearAlgebra/Arpack.jl/statuses/{sha}","languages_url":"https://api.github.com/repos/JuliaLinearAlgebra/Arpack.jl/languages","stargazers_url":"https://api.github.com/repos/JuliaLinearAlgebra/Arpack.jl/stargazers","contributors_url":"https://api.github.com/repos/JuliaLinearAlgebra/Arpack.jl/contributors","subscribers_url":"https://api.github.com/repos/JuliaLinearAlgebra/Arpack.jl/subscribers","subscription_url":"https://api.github.com/repos/JuliaLinearAlgebra/Arpack.jl/subscription","commits_url":"https://api.github.com/repos/JuliaLinearAlgebra/Arpack.jl/commits{/sha}","git_commits_url":"https://api.github.com/repos/JuliaLinearAlgebra/Arpack.jl/git/commits{/sha}","comments_url":"https://api.github.com/repos/JuliaLinearAlgebra/Arpack.jl/comments{/number}","issue_comment_url":"https://api.github.com/repos/JuliaLinearAlgebra/Arpack.jl/issues/comments{/number}","contents_url":"https://api.github.com/repos/JuliaLinearAlgebra/Arpack.jl/contents/{+path}","compare_url":"https://api.github.com/repos/JuliaLinearAlgebra/Arpack.jl/compare/{base}...{head}","merges_url":"https://api.github.com/repos/JuliaLinearAlgebra/Arpack.jl/merges","archive_url":"https://api.github.com/repos/JuliaLinearAlgebra/Arpack.jl/{archive_format}{/ref}","downloads_url":"https://api.github.com/repos/JuliaLinearAlgebra/Arpack.jl/downloads","issues_url":"https://api.github.com/repos/JuliaLinearAlgebra/Arpack.jl/issues{/number}","pulls_url":"https://api.github.com/repos/JuliaLinearAlgebra/Arpack.jl/pulls{/number}","milestones_url":"https://api.github.com/repos/JuliaLinearAlgebra/Arpack.jl/milestones{/number}","notifications_url":"https://api.github.com/repos/JuliaLinearAlgebra/Arpack.jl/notifications{?since,all,participating}","labels_url":"https://api.github.com/repos/JuliaLinearAlgebra/Arpack.jl/labels{/name}","releases_url":"https://api.github.com/repos/JuliaLinearAlgebra/Arpack.jl/releases{/id}","deployments_url":"https://api.github.com/repos/JuliaLinearAlgebra/Arpack.jl/deployments","created_at":"2018-05-09T04:42:01Z","updated_at":"2022-04-07T04:20:50Z","pushed_at":"2021-11-17T12:27:43Z","git_url":"git://github.com/JuliaLinearAlgebra/Arpack.jl.git","ssh_url":"git@github.com:JuliaLinearAlgebra/Arpack.jl.git","clone_url":"https://github.com/JuliaLinearAlgebra/Arpack.jl.git","svn_url":"https://github.com/JuliaLinearAlgebra/Arpack.jl","homepage":"https://julialinearalgebra.github.io/Arpack.jl/latest/","size":375,"stargazers_count":49,"watchers_count":49,"language":"Julia","has_issues":true,"has_projects":false,"has_downloads":true,"has_wiki":false,"has_pages":true,"forks_count":24,"mirror_url":null,"archived":false,"disabled":false,"open_issues_count":14,"license":{"key":"mit","name":"MIT License","spdx_id":"MIT","url":"https://api.github.com/licenses/mit","node_id":"MDc6TGljZW5zZTEz"},"allow_forking":true,"is_template":false,"web_commit_signoff_required":false,"topics":["arpack","julia"],"visibility":"public","forks":24,"open_issues":14,"watchers":49,"default_branch":"master","permissions":{"admin":false,"maintain":false,"push":false,"triage":false,"pull":true},"temp_clone_token":"","organization":{"login":"JuliaLinearAlgebra","id":39632249,"node_id":"MDEyOk9yZ2FuaXphdGlvbjM5NjMyMjQ5","avatar_url":"https://avatars.githubusercontent.com/u/39632249?v=4","gravatar_id":"","url":"https://api.github.com/users/JuliaLinearAlgebra","html_url":"https://github.com/JuliaLinearAlgebra","followers_url":"https://api.github.com/users/JuliaLinearAlgebra/followers","following_url":"https://api.github.com/users/JuliaLinearAlgebra/following{/other_user}","gists_url":"https://api.github.com/users/JuliaLinearAlgebra/gists{/gist_id}","starred_url":"https://api.github.com/users/JuliaLinearAlgebra/starred{/owner}{/repo}","subscriptions_url":"https://api.github.com/users/JuliaLinearAlgebra/subscriptions","organizations_url":"https://api.github.com/users/JuliaLinearAlgebra/orgs","repos_url":"https://api.github.com/users/JuliaLinearAlgebra/repos","events_url":"https://api.github.com/users/JuliaLinearAlgebra/events{/privacy}","received_events_url":"https://api.github.com/users/JuliaLinearAlgebra/received_events","type":"Organization","site_admin":false},"network_count":24,"subscribers_count":5}