{"id":375339068,"node_id":"MDEwOlJlcG9zaXRvcnkzNzUzMzkwNjg=","name":"AbstractControlProcesses.jl","full_name":"ControlLTH/AbstractControlProcesses.jl","private":false,"owner":{"login":"ControlLTH","id":85562326,"node_id":"MDEyOk9yZ2FuaXphdGlvbjg1NTYyMzI2","avatar_url":"https://avatars.githubusercontent.com/u/85562326?v=4","gravatar_id":"","url":"https://api.github.com/users/ControlLTH","html_url":"https://github.com/ControlLTH","followers_url":"https://api.github.com/users/ControlLTH/followers","following_url":"https://api.github.com/users/ControlLTH/following{/other_user}","gists_url":"https://api.github.com/users/ControlLTH/gists{/gist_id}","starred_url":"https://api.github.com/users/ControlLTH/starred{/owner}{/repo}","subscriptions_url":"https://api.github.com/users/ControlLTH/subscriptions","organizations_url":"https://api.github.com/users/ControlLTH/orgs","repos_url":"https://api.github.com/users/ControlLTH/repos","events_url":"https://api.github.com/users/ControlLTH/events{/privacy}","received_events_url":"https://api.github.com/users/ControlLTH/received_events","type":"Organization","site_admin":false},"html_url":"https://github.com/ControlLTH/AbstractControlProcesses.jl","description":"Abstract interface for lab processes","fork":false,"url":"https://api.github.com/repos/ControlLTH/AbstractControlProcesses.jl","forks_url":"https://api.github.com/repos/ControlLTH/AbstractControlProcesses.jl/forks","keys_url":"https://api.github.com/repos/ControlLTH/AbstractControlProcesses.jl/keys{/key_id}","collaborators_url":"https://api.github.com/repos/ControlLTH/AbstractControlProcesses.jl/collaborators{/collaborator}","teams_url":"https://api.github.com/repos/ControlLTH/AbstractControlProcesses.jl/teams","hooks_url":"https://api.github.com/repos/ControlLTH/AbstractControlProcesses.jl/hooks","issue_events_url":"https://api.github.com/repos/ControlLTH/AbstractControlProcesses.jl/issues/events{/number}","events_url":"https://api.github.com/repos/ControlLTH/AbstractControlProcesses.jl/events","assignees_url":"https://api.github.com/repos/ControlLTH/AbstractControlProcesses.jl/assignees{/user}","branches_url":"https://api.github.com/repos/ControlLTH/AbstractControlProcesses.jl/branches{/branch}","tags_url":"https://api.github.com/repos/ControlLTH/AbstractControlProcesses.jl/tags","blobs_url":"https://api.github.com/repos/ControlLTH/AbstractControlProcesses.jl/git/blobs{/sha}","git_tags_url":"https://api.github.com/repos/ControlLTH/AbstractControlProcesses.jl/git/tags{/sha}","git_refs_url":"https://api.github.com/repos/ControlLTH/AbstractControlProcesses.jl/git/refs{/sha}","trees_url":"https://api.github.com/repos/ControlLTH/AbstractControlProcesses.jl/git/trees{/sha}","statuses_url":"https://api.github.com/repos/ControlLTH/AbstractControlProcesses.jl/statuses/{sha}","languages_url":"https://api.github.com/repos/ControlLTH/AbstractControlProcesses.jl/languages","stargazers_url":"https://api.github.com/repos/ControlLTH/AbstractControlProcesses.jl/stargazers","contributors_url":"https://api.github.com/repos/ControlLTH/AbstractControlProcesses.jl/contributors","subscribers_url":"https://api.github.com/repos/ControlLTH/AbstractControlProcesses.jl/subscribers","subscription_url":"https://api.github.com/repos/ControlLTH/AbstractControlProcesses.jl/subscription","commits_url":"https://api.github.com/repos/ControlLTH/AbstractControlProcesses.jl/commits{/sha}","git_commits_url":"https://api.github.com/repos/ControlLTH/AbstractControlProcesses.jl/git/commits{/sha}","comments_url":"https://api.github.com/repos/ControlLTH/AbstractControlProcesses.jl/comments{/number}","issue_comment_url":"https://api.github.com/repos/ControlLTH/AbstractControlProcesses.jl/issues/comments{/number}","contents_url":"https://api.github.com/repos/ControlLTH/AbstractControlProcesses.jl/contents/{+path}","compare_url":"https://api.github.com/repos/ControlLTH/AbstractControlProcesses.jl/compare/{base}...{head}","merges_url":"https://api.github.com/repos/ControlLTH/AbstractControlProcesses.jl/merges","archive_url":"https://api.github.com/repos/ControlLTH/AbstractControlProcesses.jl/{archive_format}{/ref}","downloads_url":"https://api.github.com/repos/ControlLTH/AbstractControlProcesses.jl/downloads","issues_url":"https://api.github.com/repos/ControlLTH/AbstractControlProcesses.jl/issues{/number}","pulls_url":"https://api.github.com/repos/ControlLTH/AbstractControlProcesses.jl/pulls{/number}","milestones_url":"https://api.github.com/repos/ControlLTH/AbstractControlProcesses.jl/milestones{/number}","notifications_url":"https://api.github.com/repos/ControlLTH/AbstractControlProcesses.jl/notifications{?since,all,participating}","labels_url":"https://api.github.com/repos/ControlLTH/AbstractControlProcesses.jl/labels{/name}","releases_url":"https://api.github.com/repos/ControlLTH/AbstractControlProcesses.jl/releases{/id}","deployments_url":"https://api.github.com/repos/ControlLTH/AbstractControlProcesses.jl/deployments","created_at":"2021-06-09T11:58:19Z","updated_at":"2021-06-22T20:02:37Z","pushed_at":"2021-06-22T20:04:48Z","git_url":"git://github.com/ControlLTH/AbstractControlProcesses.jl.git","ssh_url":"git@github.com:ControlLTH/AbstractControlProcesses.jl.git","clone_url":"https://github.com/ControlLTH/AbstractControlProcesses.jl.git","svn_url":"https://github.com/ControlLTH/AbstractControlProcesses.jl","homepage":null,"size":13,"stargazers_count":0,"watchers_count":0,"language":"Julia","has_issues":true,"has_projects":true,"has_downloads":true,"has_wiki":true,"has_pages":false,"forks_count":0,"mirror_url":null,"archived":false,"disabled":false,"open_issues_count":0,"license":{"key":"mit","name":"MIT License","spdx_id":"MIT","url":"https://api.github.com/licenses/mit","node_id":"MDc6TGljZW5zZTEz"},"allow_forking":true,"is_template":false,"web_commit_signoff_required":false,"topics":[],"visibility":"public","forks":0,"open_issues":0,"watchers":0,"default_branch":"main","permissions":{"admin":false,"maintain":false,"push":false,"triage":false,"pull":true},"temp_clone_token":"","organization":{"login":"ControlLTH","id":85562326,"node_id":"MDEyOk9yZ2FuaXphdGlvbjg1NTYyMzI2","avatar_url":"https://avatars.githubusercontent.com/u/85562326?v=4","gravatar_id":"","url":"https://api.github.com/users/ControlLTH","html_url":"https://github.com/ControlLTH","followers_url":"https://api.github.com/users/ControlLTH/followers","following_url":"https://api.github.com/users/ControlLTH/following{/other_user}","gists_url":"https://api.github.com/users/ControlLTH/gists{/gist_id}","starred_url":"https://api.github.com/users/ControlLTH/starred{/owner}{/repo}","subscriptions_url":"https://api.github.com/users/ControlLTH/subscriptions","organizations_url":"https://api.github.com/users/ControlLTH/orgs","repos_url":"https://api.github.com/users/ControlLTH/repos","events_url":"https://api.github.com/users/ControlLTH/events{/privacy}","received_events_url":"https://api.github.com/users/ControlLTH/received_events","type":"Organization","site_admin":false},"network_count":0,"subscribers_count":3}