{"id":123245376,"node_id":"MDEwOlJlcG9zaXRvcnkxMjMyNDUzNzY=","name":"ApplicationBuilder.jl","full_name":"NHDaly/ApplicationBuilder.jl","private":false,"owner":{"login":"NHDaly","id":1582097,"node_id":"MDQ6VXNlcjE1ODIwOTc=","avatar_url":"https://avatars.githubusercontent.com/u/1582097?v=4","gravatar_id":"","url":"https://api.github.com/users/NHDaly","html_url":"https://github.com/NHDaly","followers_url":"https://api.github.com/users/NHDaly/followers","following_url":"https://api.github.com/users/NHDaly/following{/other_user}","gists_url":"https://api.github.com/users/NHDaly/gists{/gist_id}","starred_url":"https://api.github.com/users/NHDaly/starred{/owner}{/repo}","subscriptions_url":"https://api.github.com/users/NHDaly/subscriptions","organizations_url":"https://api.github.com/users/NHDaly/orgs","repos_url":"https://api.github.com/users/NHDaly/repos","events_url":"https://api.github.com/users/NHDaly/events{/privacy}","received_events_url":"https://api.github.com/users/NHDaly/received_events","type":"User","site_admin":false},"html_url":"https://github.com/NHDaly/ApplicationBuilder.jl","description":"[deprecated] Compile, bundle, and release julia software","fork":false,"url":"https://api.github.com/repos/NHDaly/ApplicationBuilder.jl","forks_url":"https://api.github.com/repos/NHDaly/ApplicationBuilder.jl/forks","keys_url":"https://api.github.com/repos/NHDaly/ApplicationBuilder.jl/keys{/key_id}","collaborators_url":"https://api.github.com/repos/NHDaly/ApplicationBuilder.jl/collaborators{/collaborator}","teams_url":"https://api.github.com/repos/NHDaly/ApplicationBuilder.jl/teams","hooks_url":"https://api.github.com/repos/NHDaly/ApplicationBuilder.jl/hooks","issue_events_url":"https://api.github.com/repos/NHDaly/ApplicationBuilder.jl/issues/events{/number}","events_url":"https://api.github.com/repos/NHDaly/ApplicationBuilder.jl/events","assignees_url":"https://api.github.com/repos/NHDaly/ApplicationBuilder.jl/assignees{/user}","branches_url":"https://api.github.com/repos/NHDaly/ApplicationBuilder.jl/branches{/branch}","tags_url":"https://api.github.com/repos/NHDaly/ApplicationBuilder.jl/tags","blobs_url":"https://api.github.com/repos/NHDaly/ApplicationBuilder.jl/git/blobs{/sha}","git_tags_url":"https://api.github.com/repos/NHDaly/ApplicationBuilder.jl/git/tags{/sha}","git_refs_url":"https://api.github.com/repos/NHDaly/ApplicationBuilder.jl/git/refs{/sha}","trees_url":"https://api.github.com/repos/NHDaly/ApplicationBuilder.jl/git/trees{/sha}","statuses_url":"https://api.github.com/repos/NHDaly/ApplicationBuilder.jl/statuses/{sha}","languages_url":"https://api.github.com/repos/NHDaly/ApplicationBuilder.jl/languages","stargazers_url":"https://api.github.com/repos/NHDaly/ApplicationBuilder.jl/stargazers","contributors_url":"https://api.github.com/repos/NHDaly/ApplicationBuilder.jl/contributors","subscribers_url":"https://api.github.com/repos/NHDaly/ApplicationBuilder.jl/subscribers","subscription_url":"https://api.github.com/repos/NHDaly/ApplicationBuilder.jl/subscription","commits_url":"https://api.github.com/repos/NHDaly/ApplicationBuilder.jl/commits{/sha}","git_commits_url":"https://api.github.com/repos/NHDaly/ApplicationBuilder.jl/git/commits{/sha}","comments_url":"https://api.github.com/repos/NHDaly/ApplicationBuilder.jl/comments{/number}","issue_comment_url":"https://api.github.com/repos/NHDaly/ApplicationBuilder.jl/issues/comments{/number}","contents_url":"https://api.github.com/repos/NHDaly/ApplicationBuilder.jl/contents/{+path}","compare_url":"https://api.github.com/repos/NHDaly/ApplicationBuilder.jl/compare/{base}...{head}","merges_url":"https://api.github.com/repos/NHDaly/ApplicationBuilder.jl/merges","archive_url":"https://api.github.com/repos/NHDaly/ApplicationBuilder.jl/{archive_format}{/ref}","downloads_url":"https://api.github.com/repos/NHDaly/ApplicationBuilder.jl/downloads","issues_url":"https://api.github.com/repos/NHDaly/ApplicationBuilder.jl/issues{/number}","pulls_url":"https://api.github.com/repos/NHDaly/ApplicationBuilder.jl/pulls{/number}","milestones_url":"https://api.github.com/repos/NHDaly/ApplicationBuilder.jl/milestones{/number}","notifications_url":"https://api.github.com/repos/NHDaly/ApplicationBuilder.jl/notifications{?since,all,participating}","labels_url":"https://api.github.com/repos/NHDaly/ApplicationBuilder.jl/labels{/name}","releases_url":"https://api.github.com/repos/NHDaly/ApplicationBuilder.jl/releases{/id}","deployments_url":"https://api.github.com/repos/NHDaly/ApplicationBuilder.jl/deployments","created_at":"2018-02-28T07:16:56Z","updated_at":"2022-05-22T10:28:40Z","pushed_at":"2022-02-17T04:46:05Z","git_url":"git://github.com/NHDaly/ApplicationBuilder.jl.git","ssh_url":"git@github.com:NHDaly/ApplicationBuilder.jl.git","clone_url":"https://github.com/NHDaly/ApplicationBuilder.jl.git","svn_url":"https://github.com/NHDaly/ApplicationBuilder.jl","homepage":"","size":167,"stargazers_count":168,"watchers_count":168,"language":"Julia","has_issues":true,"has_projects":true,"has_downloads":true,"has_wiki":true,"has_pages":false,"forks_count":14,"mirror_url":null,"archived":false,"disabled":false,"open_issues_count":25,"license":{"key":"mit","name":"MIT License","spdx_id":"MIT","url":"https://api.github.com/licenses/mit","node_id":"MDc6TGljZW5zZTEz"},"allow_forking":true,"is_template":false,"web_commit_signoff_required":false,"topics":["desktop-application","julia","linux","macos","software-development","windows"],"visibility":"public","forks":14,"open_issues":25,"watchers":168,"default_branch":"master","permissions":{"admin":false,"maintain":false,"push":false,"triage":false,"pull":true},"temp_clone_token":"","network_count":14,"subscribers_count":8}