{"id":218297206,"node_id":"MDEwOlJlcG9zaXRvcnkyMTgyOTcyMDY=","name":"AbstractMCMC.jl","full_name":"TuringLang/AbstractMCMC.jl","private":false,"owner":{"login":"TuringLang","id":26261527,"node_id":"MDEyOk9yZ2FuaXphdGlvbjI2MjYxNTI3","avatar_url":"https://avatars.githubusercontent.com/u/26261527?v=4","gravatar_id":"","url":"https://api.github.com/users/TuringLang","html_url":"https://github.com/TuringLang","followers_url":"https://api.github.com/users/TuringLang/followers","following_url":"https://api.github.com/users/TuringLang/following{/other_user}","gists_url":"https://api.github.com/users/TuringLang/gists{/gist_id}","starred_url":"https://api.github.com/users/TuringLang/starred{/owner}{/repo}","subscriptions_url":"https://api.github.com/users/TuringLang/subscriptions","organizations_url":"https://api.github.com/users/TuringLang/orgs","repos_url":"https://api.github.com/users/TuringLang/repos","events_url":"https://api.github.com/users/TuringLang/events{/privacy}","received_events_url":"https://api.github.com/users/TuringLang/received_events","type":"Organization","site_admin":false},"html_url":"https://github.com/TuringLang/AbstractMCMC.jl","description":"Abstract types and interfaces for Markov chain Monte Carlo methods ","fork":false,"url":"https://api.github.com/repos/TuringLang/AbstractMCMC.jl","forks_url":"https://api.github.com/repos/TuringLang/AbstractMCMC.jl/forks","keys_url":"https://api.github.com/repos/TuringLang/AbstractMCMC.jl/keys{/key_id}","collaborators_url":"https://api.github.com/repos/TuringLang/AbstractMCMC.jl/collaborators{/collaborator}","teams_url":"https://api.github.com/repos/TuringLang/AbstractMCMC.jl/teams","hooks_url":"https://api.github.com/repos/TuringLang/AbstractMCMC.jl/hooks","issue_events_url":"https://api.github.com/repos/TuringLang/AbstractMCMC.jl/issues/events{/number}","events_url":"https://api.github.com/repos/TuringLang/AbstractMCMC.jl/events","assignees_url":"https://api.github.com/repos/TuringLang/AbstractMCMC.jl/assignees{/user}","branches_url":"https://api.github.com/repos/TuringLang/AbstractMCMC.jl/branches{/branch}","tags_url":"https://api.github.com/repos/TuringLang/AbstractMCMC.jl/tags","blobs_url":"https://api.github.com/repos/TuringLang/AbstractMCMC.jl/git/blobs{/sha}","git_tags_url":"https://api.github.com/repos/TuringLang/AbstractMCMC.jl/git/tags{/sha}","git_refs_url":"https://api.github.com/repos/TuringLang/AbstractMCMC.jl/git/refs{/sha}","trees_url":"https://api.github.com/repos/TuringLang/AbstractMCMC.jl/git/trees{/sha}","statuses_url":"https://api.github.com/repos/TuringLang/AbstractMCMC.jl/statuses/{sha}","languages_url":"https://api.github.com/repos/TuringLang/AbstractMCMC.jl/languages","stargazers_url":"https://api.github.com/repos/TuringLang/AbstractMCMC.jl/stargazers","contributors_url":"https://api.github.com/repos/TuringLang/AbstractMCMC.jl/contributors","subscribers_url":"https://api.github.com/repos/TuringLang/AbstractMCMC.jl/subscribers","subscription_url":"https://api.github.com/repos/TuringLang/AbstractMCMC.jl/subscription","commits_url":"https://api.github.com/repos/TuringLang/AbstractMCMC.jl/commits{/sha}","git_commits_url":"https://api.github.com/repos/TuringLang/AbstractMCMC.jl/git/commits{/sha}","comments_url":"https://api.github.com/repos/TuringLang/AbstractMCMC.jl/comments{/number}","issue_comment_url":"https://api.github.com/repos/TuringLang/AbstractMCMC.jl/issues/comments{/number}","contents_url":"https://api.github.com/repos/TuringLang/AbstractMCMC.jl/contents/{+path}","compare_url":"https://api.github.com/repos/TuringLang/AbstractMCMC.jl/compare/{base}...{head}","merges_url":"https://api.github.com/repos/TuringLang/AbstractMCMC.jl/merges","archive_url":"https://api.github.com/repos/TuringLang/AbstractMCMC.jl/{archive_format}{/ref}","downloads_url":"https://api.github.com/repos/TuringLang/AbstractMCMC.jl/downloads","issues_url":"https://api.github.com/repos/TuringLang/AbstractMCMC.jl/issues{/number}","pulls_url":"https://api.github.com/repos/TuringLang/AbstractMCMC.jl/pulls{/number}","milestones_url":"https://api.github.com/repos/TuringLang/AbstractMCMC.jl/milestones{/number}","notifications_url":"https://api.github.com/repos/TuringLang/AbstractMCMC.jl/notifications{?since,all,participating}","labels_url":"https://api.github.com/repos/TuringLang/AbstractMCMC.jl/labels{/name}","releases_url":"https://api.github.com/repos/TuringLang/AbstractMCMC.jl/releases{/id}","deployments_url":"https://api.github.com/repos/TuringLang/AbstractMCMC.jl/deployments","created_at":"2019-10-29T13:44:37Z","updated_at":"2022-04-22T03:28:49Z","pushed_at":"2022-06-08T08:58:41Z","git_url":"git://github.com/TuringLang/AbstractMCMC.jl.git","ssh_url":"git@github.com:TuringLang/AbstractMCMC.jl.git","clone_url":"https://github.com/TuringLang/AbstractMCMC.jl.git","svn_url":"https://github.com/TuringLang/AbstractMCMC.jl","homepage":"https://turing.ml","size":356,"stargazers_count":55,"watchers_count":55,"language":"Julia","has_issues":true,"has_projects":true,"has_downloads":true,"has_wiki":true,"has_pages":true,"forks_count":13,"mirror_url":null,"archived":false,"disabled":false,"open_issues_count":15,"license":{"key":"mit","name":"MIT License","spdx_id":"MIT","url":"https://api.github.com/licenses/mit","node_id":"MDc6TGljZW5zZTEz"},"allow_forking":true,"is_template":false,"web_commit_signoff_required":false,"topics":[],"visibility":"public","forks":13,"open_issues":15,"watchers":55,"default_branch":"master","permissions":{"admin":false,"maintain":false,"push":false,"triage":false,"pull":true},"temp_clone_token":"","organization":{"login":"TuringLang","id":26261527,"node_id":"MDEyOk9yZ2FuaXphdGlvbjI2MjYxNTI3","avatar_url":"https://avatars.githubusercontent.com/u/26261527?v=4","gravatar_id":"","url":"https://api.github.com/users/TuringLang","html_url":"https://github.com/TuringLang","followers_url":"https://api.github.com/users/TuringLang/followers","following_url":"https://api.github.com/users/TuringLang/following{/other_user}","gists_url":"https://api.github.com/users/TuringLang/gists{/gist_id}","starred_url":"https://api.github.com/users/TuringLang/starred{/owner}{/repo}","subscriptions_url":"https://api.github.com/users/TuringLang/subscriptions","organizations_url":"https://api.github.com/users/TuringLang/orgs","repos_url":"https://api.github.com/users/TuringLang/repos","events_url":"https://api.github.com/users/TuringLang/events{/privacy}","received_events_url":"https://api.github.com/users/TuringLang/received_events","type":"Organization","site_admin":false},"network_count":13,"subscribers_count":4}