{"id":122658236,"node_id":"MDEwOlJlcG9zaXRvcnkxMjI2NTgyMzY=","name":"ArraysOfArrays.jl","full_name":"JuliaArrays/ArraysOfArrays.jl","private":false,"owner":{"login":"JuliaArrays","id":21312771,"node_id":"MDEyOk9yZ2FuaXphdGlvbjIxMzEyNzcx","avatar_url":"https://avatars.githubusercontent.com/u/21312771?v=4","gravatar_id":"","url":"https://api.github.com/users/JuliaArrays","html_url":"https://github.com/JuliaArrays","followers_url":"https://api.github.com/users/JuliaArrays/followers","following_url":"https://api.github.com/users/JuliaArrays/following{/other_user}","gists_url":"https://api.github.com/users/JuliaArrays/gists{/gist_id}","starred_url":"https://api.github.com/users/JuliaArrays/starred{/owner}{/repo}","subscriptions_url":"https://api.github.com/users/JuliaArrays/subscriptions","organizations_url":"https://api.github.com/users/JuliaArrays/orgs","repos_url":"https://api.github.com/users/JuliaArrays/repos","events_url":"https://api.github.com/users/JuliaArrays/events{/privacy}","received_events_url":"https://api.github.com/users/JuliaArrays/received_events","type":"Organization","site_admin":false},"html_url":"https://github.com/JuliaArrays/ArraysOfArrays.jl","description":"Efficient storage and handling of nested arrays in Julia","fork":false,"url":"https://api.github.com/repos/JuliaArrays/ArraysOfArrays.jl","forks_url":"https://api.github.com/repos/JuliaArrays/ArraysOfArrays.jl/forks","keys_url":"https://api.github.com/repos/JuliaArrays/ArraysOfArrays.jl/keys{/key_id}","collaborators_url":"https://api.github.com/repos/JuliaArrays/ArraysOfArrays.jl/collaborators{/collaborator}","teams_url":"https://api.github.com/repos/JuliaArrays/ArraysOfArrays.jl/teams","hooks_url":"https://api.github.com/repos/JuliaArrays/ArraysOfArrays.jl/hooks","issue_events_url":"https://api.github.com/repos/JuliaArrays/ArraysOfArrays.jl/issues/events{/number}","events_url":"https://api.github.com/repos/JuliaArrays/ArraysOfArrays.jl/events","assignees_url":"https://api.github.com/repos/JuliaArrays/ArraysOfArrays.jl/assignees{/user}","branches_url":"https://api.github.com/repos/JuliaArrays/ArraysOfArrays.jl/branches{/branch}","tags_url":"https://api.github.com/repos/JuliaArrays/ArraysOfArrays.jl/tags","blobs_url":"https://api.github.com/repos/JuliaArrays/ArraysOfArrays.jl/git/blobs{/sha}","git_tags_url":"https://api.github.com/repos/JuliaArrays/ArraysOfArrays.jl/git/tags{/sha}","git_refs_url":"https://api.github.com/repos/JuliaArrays/ArraysOfArrays.jl/git/refs{/sha}","trees_url":"https://api.github.com/repos/JuliaArrays/ArraysOfArrays.jl/git/trees{/sha}","statuses_url":"https://api.github.com/repos/JuliaArrays/ArraysOfArrays.jl/statuses/{sha}","languages_url":"https://api.github.com/repos/JuliaArrays/ArraysOfArrays.jl/languages","stargazers_url":"https://api.github.com/repos/JuliaArrays/ArraysOfArrays.jl/stargazers","contributors_url":"https://api.github.com/repos/JuliaArrays/ArraysOfArrays.jl/contributors","subscribers_url":"https://api.github.com/repos/JuliaArrays/ArraysOfArrays.jl/subscribers","subscription_url":"https://api.github.com/repos/JuliaArrays/ArraysOfArrays.jl/subscription","commits_url":"https://api.github.com/repos/JuliaArrays/ArraysOfArrays.jl/commits{/sha}","git_commits_url":"https://api.github.com/repos/JuliaArrays/ArraysOfArrays.jl/git/commits{/sha}","comments_url":"https://api.github.com/repos/JuliaArrays/ArraysOfArrays.jl/comments{/number}","issue_comment_url":"https://api.github.com/repos/JuliaArrays/ArraysOfArrays.jl/issues/comments{/number}","contents_url":"https://api.github.com/repos/JuliaArrays/ArraysOfArrays.jl/contents/{+path}","compare_url":"https://api.github.com/repos/JuliaArrays/ArraysOfArrays.jl/compare/{base}...{head}","merges_url":"https://api.github.com/repos/JuliaArrays/ArraysOfArrays.jl/merges","archive_url":"https://api.github.com/repos/JuliaArrays/ArraysOfArrays.jl/{archive_format}{/ref}","downloads_url":"https://api.github.com/repos/JuliaArrays/ArraysOfArrays.jl/downloads","issues_url":"https://api.github.com/repos/JuliaArrays/ArraysOfArrays.jl/issues{/number}","pulls_url":"https://api.github.com/repos/JuliaArrays/ArraysOfArrays.jl/pulls{/number}","milestones_url":"https://api.github.com/repos/JuliaArrays/ArraysOfArrays.jl/milestones{/number}","notifications_url":"https://api.github.com/repos/JuliaArrays/ArraysOfArrays.jl/notifications{?since,all,participating}","labels_url":"https://api.github.com/repos/JuliaArrays/ArraysOfArrays.jl/labels{/name}","releases_url":"https://api.github.com/repos/JuliaArrays/ArraysOfArrays.jl/releases{/id}","deployments_url":"https://api.github.com/repos/JuliaArrays/ArraysOfArrays.jl/deployments","created_at":"2018-02-23T18:30:13Z","updated_at":"2022-06-28T20:53:50Z","pushed_at":"2022-06-07T23:53:35Z","git_url":"git://github.com/JuliaArrays/ArraysOfArrays.jl.git","ssh_url":"git@github.com:JuliaArrays/ArraysOfArrays.jl.git","clone_url":"https://github.com/JuliaArrays/ArraysOfArrays.jl.git","svn_url":"https://github.com/JuliaArrays/ArraysOfArrays.jl","homepage":"","size":554,"stargazers_count":33,"watchers_count":33,"language":"Julia","has_issues":true,"has_projects":true,"has_downloads":true,"has_wiki":true,"has_pages":true,"forks_count":6,"mirror_url":null,"archived":false,"disabled":false,"open_issues_count":4,"license":{"key":"other","name":"Other","spdx_id":"NOASSERTION","url":null,"node_id":"MDc6TGljZW5zZTA="},"allow_forking":true,"is_template":false,"web_commit_signoff_required":false,"topics":["arrays","data-structures","flat-arrays","julia","nested-arrays"],"visibility":"public","forks":6,"open_issues":4,"watchers":33,"default_branch":"main","permissions":{"admin":false,"maintain":false,"push":false,"triage":false,"pull":true},"temp_clone_token":"","organization":{"login":"JuliaArrays","id":21312771,"node_id":"MDEyOk9yZ2FuaXphdGlvbjIxMzEyNzcx","avatar_url":"https://avatars.githubusercontent.com/u/21312771?v=4","gravatar_id":"","url":"https://api.github.com/users/JuliaArrays","html_url":"https://github.com/JuliaArrays","followers_url":"https://api.github.com/users/JuliaArrays/followers","following_url":"https://api.github.com/users/JuliaArrays/following{/other_user}","gists_url":"https://api.github.com/users/JuliaArrays/gists{/gist_id}","starred_url":"https://api.github.com/users/JuliaArrays/starred{/owner}{/repo}","subscriptions_url":"https://api.github.com/users/JuliaArrays/subscriptions","organizations_url":"https://api.github.com/users/JuliaArrays/orgs","repos_url":"https://api.github.com/users/JuliaArrays/repos","events_url":"https://api.github.com/users/JuliaArrays/events{/privacy}","received_events_url":"https://api.github.com/users/JuliaArrays/received_events","type":"Organization","site_admin":false},"network_count":6,"subscribers_count":3}