{"id":473118012,"node_id":"R_kgDOHDM1PA","name":"ArrayAllocators.jl","full_name":"mkitti/ArrayAllocators.jl","private":false,"owner":{"login":"mkitti","id":8062771,"node_id":"MDQ6VXNlcjgwNjI3NzE=","avatar_url":"https://avatars.githubusercontent.com/u/8062771?v=4","gravatar_id":"","url":"https://api.github.com/users/mkitti","html_url":"https://github.com/mkitti","followers_url":"https://api.github.com/users/mkitti/followers","following_url":"https://api.github.com/users/mkitti/following{/other_user}","gists_url":"https://api.github.com/users/mkitti/gists{/gist_id}","starred_url":"https://api.github.com/users/mkitti/starred{/owner}{/repo}","subscriptions_url":"https://api.github.com/users/mkitti/subscriptions","organizations_url":"https://api.github.com/users/mkitti/orgs","repos_url":"https://api.github.com/users/mkitti/repos","events_url":"https://api.github.com/users/mkitti/events{/privacy}","received_events_url":"https://api.github.com/users/mkitti/received_events","type":"User","site_admin":false},"html_url":"https://github.com/mkitti/ArrayAllocators.jl","description":"Allocate arrays with malloc, calloc, or on NUMA nodes","fork":false,"url":"https://api.github.com/repos/mkitti/ArrayAllocators.jl","forks_url":"https://api.github.com/repos/mkitti/ArrayAllocators.jl/forks","keys_url":"https://api.github.com/repos/mkitti/ArrayAllocators.jl/keys{/key_id}","collaborators_url":"https://api.github.com/repos/mkitti/ArrayAllocators.jl/collaborators{/collaborator}","teams_url":"https://api.github.com/repos/mkitti/ArrayAllocators.jl/teams","hooks_url":"https://api.github.com/repos/mkitti/ArrayAllocators.jl/hooks","issue_events_url":"https://api.github.com/repos/mkitti/ArrayAllocators.jl/issues/events{/number}","events_url":"https://api.github.com/repos/mkitti/ArrayAllocators.jl/events","assignees_url":"https://api.github.com/repos/mkitti/ArrayAllocators.jl/assignees{/user}","branches_url":"https://api.github.com/repos/mkitti/ArrayAllocators.jl/branches{/branch}","tags_url":"https://api.github.com/repos/mkitti/ArrayAllocators.jl/tags","blobs_url":"https://api.github.com/repos/mkitti/ArrayAllocators.jl/git/blobs{/sha}","git_tags_url":"https://api.github.com/repos/mkitti/ArrayAllocators.jl/git/tags{/sha}","git_refs_url":"https://api.github.com/repos/mkitti/ArrayAllocators.jl/git/refs{/sha}","trees_url":"https://api.github.com/repos/mkitti/ArrayAllocators.jl/git/trees{/sha}","statuses_url":"https://api.github.com/repos/mkitti/ArrayAllocators.jl/statuses/{sha}","languages_url":"https://api.github.com/repos/mkitti/ArrayAllocators.jl/languages","stargazers_url":"https://api.github.com/repos/mkitti/ArrayAllocators.jl/stargazers","contributors_url":"https://api.github.com/repos/mkitti/ArrayAllocators.jl/contributors","subscribers_url":"https://api.github.com/repos/mkitti/ArrayAllocators.jl/subscribers","subscription_url":"https://api.github.com/repos/mkitti/ArrayAllocators.jl/subscription","commits_url":"https://api.github.com/repos/mkitti/ArrayAllocators.jl/commits{/sha}","git_commits_url":"https://api.github.com/repos/mkitti/ArrayAllocators.jl/git/commits{/sha}","comments_url":"https://api.github.com/repos/mkitti/ArrayAllocators.jl/comments{/number}","issue_comment_url":"https://api.github.com/repos/mkitti/ArrayAllocators.jl/issues/comments{/number}","contents_url":"https://api.github.com/repos/mkitti/ArrayAllocators.jl/contents/{+path}","compare_url":"https://api.github.com/repos/mkitti/ArrayAllocators.jl/compare/{base}...{head}","merges_url":"https://api.github.com/repos/mkitti/ArrayAllocators.jl/merges","archive_url":"https://api.github.com/repos/mkitti/ArrayAllocators.jl/{archive_format}{/ref}","downloads_url":"https://api.github.com/repos/mkitti/ArrayAllocators.jl/downloads","issues_url":"https://api.github.com/repos/mkitti/ArrayAllocators.jl/issues{/number}","pulls_url":"https://api.github.com/repos/mkitti/ArrayAllocators.jl/pulls{/number}","milestones_url":"https://api.github.com/repos/mkitti/ArrayAllocators.jl/milestones{/number}","notifications_url":"https://api.github.com/repos/mkitti/ArrayAllocators.jl/notifications{?since,all,participating}","labels_url":"https://api.github.com/repos/mkitti/ArrayAllocators.jl/labels{/name}","releases_url":"https://api.github.com/repos/mkitti/ArrayAllocators.jl/releases{/id}","deployments_url":"https://api.github.com/repos/mkitti/ArrayAllocators.jl/deployments","created_at":"2022-03-23T09:27:03Z","updated_at":"2022-06-25T11:43:45Z","pushed_at":"2022-06-23T02:37:01Z","git_url":"git://github.com/mkitti/ArrayAllocators.jl.git","ssh_url":"git@github.com:mkitti/ArrayAllocators.jl.git","clone_url":"https://github.com/mkitti/ArrayAllocators.jl.git","svn_url":"https://github.com/mkitti/ArrayAllocators.jl","homepage":null,"size":314,"stargazers_count":38,"watchers_count":38,"language":"Julia","has_issues":true,"has_projects":true,"has_downloads":true,"has_wiki":true,"has_pages":true,"forks_count":1,"mirror_url":null,"archived":false,"disabled":false,"open_issues_count":5,"license":{"key":"mit","name":"MIT License","spdx_id":"MIT","url":"https://api.github.com/licenses/mit","node_id":"MDc6TGljZW5zZTEz"},"allow_forking":true,"is_template":false,"web_commit_signoff_required":false,"topics":[],"visibility":"public","forks":1,"open_issues":5,"watchers":38,"default_branch":"main","permissions":{"admin":false,"maintain":false,"push":false,"triage":false,"pull":true},"temp_clone_token":"","network_count":1,"subscribers_count":2}