{"id":422350380,"node_id":"R_kgDOGSyOLA","name":"AbstractPlutoDingetjes.jl","full_name":"JuliaPluto/AbstractPlutoDingetjes.jl","private":false,"owner":{"login":"JuliaPluto","id":74617459,"node_id":"MDEyOk9yZ2FuaXphdGlvbjc0NjE3NDU5","avatar_url":"https://avatars.githubusercontent.com/u/74617459?v=4","gravatar_id":"","url":"https://api.github.com/users/JuliaPluto","html_url":"https://github.com/JuliaPluto","followers_url":"https://api.github.com/users/JuliaPluto/followers","following_url":"https://api.github.com/users/JuliaPluto/following{/other_user}","gists_url":"https://api.github.com/users/JuliaPluto/gists{/gist_id}","starred_url":"https://api.github.com/users/JuliaPluto/starred{/owner}{/repo}","subscriptions_url":"https://api.github.com/users/JuliaPluto/subscriptions","organizations_url":"https://api.github.com/users/JuliaPluto/orgs","repos_url":"https://api.github.com/users/JuliaPluto/repos","events_url":"https://api.github.com/users/JuliaPluto/events{/privacy}","received_events_url":"https://api.github.com/users/JuliaPluto/received_events","type":"Organization","site_admin":false},"html_url":"https://github.com/JuliaPluto/AbstractPlutoDingetjes.jl","description":null,"fork":false,"url":"https://api.github.com/repos/JuliaPluto/AbstractPlutoDingetjes.jl","forks_url":"https://api.github.com/repos/JuliaPluto/AbstractPlutoDingetjes.jl/forks","keys_url":"https://api.github.com/repos/JuliaPluto/AbstractPlutoDingetjes.jl/keys{/key_id}","collaborators_url":"https://api.github.com/repos/JuliaPluto/AbstractPlutoDingetjes.jl/collaborators{/collaborator}","teams_url":"https://api.github.com/repos/JuliaPluto/AbstractPlutoDingetjes.jl/teams","hooks_url":"https://api.github.com/repos/JuliaPluto/AbstractPlutoDingetjes.jl/hooks","issue_events_url":"https://api.github.com/repos/JuliaPluto/AbstractPlutoDingetjes.jl/issues/events{/number}","events_url":"https://api.github.com/repos/JuliaPluto/AbstractPlutoDingetjes.jl/events","assignees_url":"https://api.github.com/repos/JuliaPluto/AbstractPlutoDingetjes.jl/assignees{/user}","branches_url":"https://api.github.com/repos/JuliaPluto/AbstractPlutoDingetjes.jl/branches{/branch}","tags_url":"https://api.github.com/repos/JuliaPluto/AbstractPlutoDingetjes.jl/tags","blobs_url":"https://api.github.com/repos/JuliaPluto/AbstractPlutoDingetjes.jl/git/blobs{/sha}","git_tags_url":"https://api.github.com/repos/JuliaPluto/AbstractPlutoDingetjes.jl/git/tags{/sha}","git_refs_url":"https://api.github.com/repos/JuliaPluto/AbstractPlutoDingetjes.jl/git/refs{/sha}","trees_url":"https://api.github.com/repos/JuliaPluto/AbstractPlutoDingetjes.jl/git/trees{/sha}","statuses_url":"https://api.github.com/repos/JuliaPluto/AbstractPlutoDingetjes.jl/statuses/{sha}","languages_url":"https://api.github.com/repos/JuliaPluto/AbstractPlutoDingetjes.jl/languages","stargazers_url":"https://api.github.com/repos/JuliaPluto/AbstractPlutoDingetjes.jl/stargazers","contributors_url":"https://api.github.com/repos/JuliaPluto/AbstractPlutoDingetjes.jl/contributors","subscribers_url":"https://api.github.com/repos/JuliaPluto/AbstractPlutoDingetjes.jl/subscribers","subscription_url":"https://api.github.com/repos/JuliaPluto/AbstractPlutoDingetjes.jl/subscription","commits_url":"https://api.github.com/repos/JuliaPluto/AbstractPlutoDingetjes.jl/commits{/sha}","git_commits_url":"https://api.github.com/repos/JuliaPluto/AbstractPlutoDingetjes.jl/git/commits{/sha}","comments_url":"https://api.github.com/repos/JuliaPluto/AbstractPlutoDingetjes.jl/comments{/number}","issue_comment_url":"https://api.github.com/repos/JuliaPluto/AbstractPlutoDingetjes.jl/issues/comments{/number}","contents_url":"https://api.github.com/repos/JuliaPluto/AbstractPlutoDingetjes.jl/contents/{+path}","compare_url":"https://api.github.com/repos/JuliaPluto/AbstractPlutoDingetjes.jl/compare/{base}...{head}","merges_url":"https://api.github.com/repos/JuliaPluto/AbstractPlutoDingetjes.jl/merges","archive_url":"https://api.github.com/repos/JuliaPluto/AbstractPlutoDingetjes.jl/{archive_format}{/ref}","downloads_url":"https://api.github.com/repos/JuliaPluto/AbstractPlutoDingetjes.jl/downloads","issues_url":"https://api.github.com/repos/JuliaPluto/AbstractPlutoDingetjes.jl/issues{/number}","pulls_url":"https://api.github.com/repos/JuliaPluto/AbstractPlutoDingetjes.jl/pulls{/number}","milestones_url":"https://api.github.com/repos/JuliaPluto/AbstractPlutoDingetjes.jl/milestones{/number}","notifications_url":"https://api.github.com/repos/JuliaPluto/AbstractPlutoDingetjes.jl/notifications{?since,all,participating}","labels_url":"https://api.github.com/repos/JuliaPluto/AbstractPlutoDingetjes.jl/labels{/name}","releases_url":"https://api.github.com/repos/JuliaPluto/AbstractPlutoDingetjes.jl/releases{/id}","deployments_url":"https://api.github.com/repos/JuliaPluto/AbstractPlutoDingetjes.jl/deployments","created_at":"2021-10-28T20:43:55Z","updated_at":"2022-03-09T04:12:39Z","pushed_at":"2022-06-07T20:51:04Z","git_url":"git://github.com/JuliaPluto/AbstractPlutoDingetjes.jl.git","ssh_url":"git@github.com:JuliaPluto/AbstractPlutoDingetjes.jl.git","clone_url":"https://github.com/JuliaPluto/AbstractPlutoDingetjes.jl.git","svn_url":"https://github.com/JuliaPluto/AbstractPlutoDingetjes.jl","homepage":"https://docs.juliahub.com/AbstractPlutoDingetjes/UHbnu/","size":41,"stargazers_count":7,"watchers_count":7,"language":"Julia","has_issues":true,"has_projects":false,"has_downloads":true,"has_wiki":false,"has_pages":false,"forks_count":1,"mirror_url":null,"archived":false,"disabled":false,"open_issues_count":5,"license":{"key":"unlicense","name":"The Unlicense","spdx_id":"Unlicense","url":"https://api.github.com/licenses/unlicense","node_id":"MDc6TGljZW5zZTE1"},"allow_forking":true,"is_template":false,"web_commit_signoff_required":false,"topics":["julia","pluto-notebooks"],"visibility":"public","forks":1,"open_issues":5,"watchers":7,"default_branch":"main","permissions":{"admin":false,"maintain":false,"push":false,"triage":false,"pull":true},"temp_clone_token":"","organization":{"login":"JuliaPluto","id":74617459,"node_id":"MDEyOk9yZ2FuaXphdGlvbjc0NjE3NDU5","avatar_url":"https://avatars.githubusercontent.com/u/74617459?v=4","gravatar_id":"","url":"https://api.github.com/users/JuliaPluto","html_url":"https://github.com/JuliaPluto","followers_url":"https://api.github.com/users/JuliaPluto/followers","following_url":"https://api.github.com/users/JuliaPluto/following{/other_user}","gists_url":"https://api.github.com/users/JuliaPluto/gists{/gist_id}","starred_url":"https://api.github.com/users/JuliaPluto/starred{/owner}{/repo}","subscriptions_url":"https://api.github.com/users/JuliaPluto/subscriptions","organizations_url":"https://api.github.com/users/JuliaPluto/orgs","repos_url":"https://api.github.com/users/JuliaPluto/repos","events_url":"https://api.github.com/users/JuliaPluto/events{/privacy}","received_events_url":"https://api.github.com/users/JuliaPluto/received_events","type":"Organization","site_admin":false},"network_count":1,"subscribers_count":4}