{"id":138217910,"node_id":"MDEwOlJlcG9zaXRvcnkxMzgyMTc5MTA=","name":"ANOVA.jl","full_name":"marcpabst/ANOVA.jl","private":false,"owner":{"login":"marcpabst","id":2624210,"node_id":"MDQ6VXNlcjI2MjQyMTA=","avatar_url":"https://avatars.githubusercontent.com/u/2624210?v=4","gravatar_id":"","url":"https://api.github.com/users/marcpabst","html_url":"https://github.com/marcpabst","followers_url":"https://api.github.com/users/marcpabst/followers","following_url":"https://api.github.com/users/marcpabst/following{/other_user}","gists_url":"https://api.github.com/users/marcpabst/gists{/gist_id}","starred_url":"https://api.github.com/users/marcpabst/starred{/owner}{/repo}","subscriptions_url":"https://api.github.com/users/marcpabst/subscriptions","organizations_url":"https://api.github.com/users/marcpabst/orgs","repos_url":"https://api.github.com/users/marcpabst/repos","events_url":"https://api.github.com/users/marcpabst/events{/privacy}","received_events_url":"https://api.github.com/users/marcpabst/received_events","type":"User","site_admin":false},"html_url":"https://github.com/marcpabst/ANOVA.jl","description":"Provides a Simple Way to Calculate ANOVAs From Fitted Linear Models.","fork":false,"url":"https://api.github.com/repos/marcpabst/ANOVA.jl","forks_url":"https://api.github.com/repos/marcpabst/ANOVA.jl/forks","keys_url":"https://api.github.com/repos/marcpabst/ANOVA.jl/keys{/key_id}","collaborators_url":"https://api.github.com/repos/marcpabst/ANOVA.jl/collaborators{/collaborator}","teams_url":"https://api.github.com/repos/marcpabst/ANOVA.jl/teams","hooks_url":"https://api.github.com/repos/marcpabst/ANOVA.jl/hooks","issue_events_url":"https://api.github.com/repos/marcpabst/ANOVA.jl/issues/events{/number}","events_url":"https://api.github.com/repos/marcpabst/ANOVA.jl/events","assignees_url":"https://api.github.com/repos/marcpabst/ANOVA.jl/assignees{/user}","branches_url":"https://api.github.com/repos/marcpabst/ANOVA.jl/branches{/branch}","tags_url":"https://api.github.com/repos/marcpabst/ANOVA.jl/tags","blobs_url":"https://api.github.com/repos/marcpabst/ANOVA.jl/git/blobs{/sha}","git_tags_url":"https://api.github.com/repos/marcpabst/ANOVA.jl/git/tags{/sha}","git_refs_url":"https://api.github.com/repos/marcpabst/ANOVA.jl/git/refs{/sha}","trees_url":"https://api.github.com/repos/marcpabst/ANOVA.jl/git/trees{/sha}","statuses_url":"https://api.github.com/repos/marcpabst/ANOVA.jl/statuses/{sha}","languages_url":"https://api.github.com/repos/marcpabst/ANOVA.jl/languages","stargazers_url":"https://api.github.com/repos/marcpabst/ANOVA.jl/stargazers","contributors_url":"https://api.github.com/repos/marcpabst/ANOVA.jl/contributors","subscribers_url":"https://api.github.com/repos/marcpabst/ANOVA.jl/subscribers","subscription_url":"https://api.github.com/repos/marcpabst/ANOVA.jl/subscription","commits_url":"https://api.github.com/repos/marcpabst/ANOVA.jl/commits{/sha}","git_commits_url":"https://api.github.com/repos/marcpabst/ANOVA.jl/git/commits{/sha}","comments_url":"https://api.github.com/repos/marcpabst/ANOVA.jl/comments{/number}","issue_comment_url":"https://api.github.com/repos/marcpabst/ANOVA.jl/issues/comments{/number}","contents_url":"https://api.github.com/repos/marcpabst/ANOVA.jl/contents/{+path}","compare_url":"https://api.github.com/repos/marcpabst/ANOVA.jl/compare/{base}...{head}","merges_url":"https://api.github.com/repos/marcpabst/ANOVA.jl/merges","archive_url":"https://api.github.com/repos/marcpabst/ANOVA.jl/{archive_format}{/ref}","downloads_url":"https://api.github.com/repos/marcpabst/ANOVA.jl/downloads","issues_url":"https://api.github.com/repos/marcpabst/ANOVA.jl/issues{/number}","pulls_url":"https://api.github.com/repos/marcpabst/ANOVA.jl/pulls{/number}","milestones_url":"https://api.github.com/repos/marcpabst/ANOVA.jl/milestones{/number}","notifications_url":"https://api.github.com/repos/marcpabst/ANOVA.jl/notifications{?since,all,participating}","labels_url":"https://api.github.com/repos/marcpabst/ANOVA.jl/labels{/name}","releases_url":"https://api.github.com/repos/marcpabst/ANOVA.jl/releases{/id}","deployments_url":"https://api.github.com/repos/marcpabst/ANOVA.jl/deployments","created_at":"2018-06-21T20:22:17Z","updated_at":"2022-03-29T08:20:55Z","pushed_at":"2022-02-12T16:56:59Z","git_url":"git://github.com/marcpabst/ANOVA.jl.git","ssh_url":"git@github.com:marcpabst/ANOVA.jl.git","clone_url":"https://github.com/marcpabst/ANOVA.jl.git","svn_url":"https://github.com/marcpabst/ANOVA.jl","homepage":null,"size":65,"stargazers_count":18,"watchers_count":18,"language":"Julia","has_issues":true,"has_projects":false,"has_downloads":true,"has_wiki":false,"has_pages":false,"forks_count":7,"mirror_url":null,"archived":false,"disabled":false,"open_issues_count":9,"license":{"key":"other","name":"Other","spdx_id":"NOASSERTION","url":null,"node_id":"MDc6TGljZW5zZTA="},"allow_forking":true,"is_template":false,"web_commit_signoff_required":false,"topics":[],"visibility":"public","forks":7,"open_issues":9,"watchers":18,"default_branch":"master","permissions":{"admin":false,"maintain":false,"push":false,"triage":false,"pull":true},"temp_clone_token":"","network_count":7,"subscribers_count":4}