{"id":366435492,"node_id":"MDEwOlJlcG9zaXRvcnkzNjY0MzU0OTI=","name":"ArtifactWrappers.jl","full_name":"CliMA/ArtifactWrappers.jl","private":false,"owner":{"login":"CliMA","id":43161188,"node_id":"MDEyOk9yZ2FuaXphdGlvbjQzMTYxMTg4","avatar_url":"https://avatars.githubusercontent.com/u/43161188?v=4","gravatar_id":"","url":"https://api.github.com/users/CliMA","html_url":"https://github.com/CliMA","followers_url":"https://api.github.com/users/CliMA/followers","following_url":"https://api.github.com/users/CliMA/following{/other_user}","gists_url":"https://api.github.com/users/CliMA/gists{/gist_id}","starred_url":"https://api.github.com/users/CliMA/starred{/owner}{/repo}","subscriptions_url":"https://api.github.com/users/CliMA/subscriptions","organizations_url":"https://api.github.com/users/CliMA/orgs","repos_url":"https://api.github.com/users/CliMA/repos","events_url":"https://api.github.com/users/CliMA/events{/privacy}","received_events_url":"https://api.github.com/users/CliMA/received_events","type":"Organization","site_admin":false},"html_url":"https://github.com/CliMA/ArtifactWrappers.jl","description":"A lightweight wrapper around Julia Artifacts","fork":false,"url":"https://api.github.com/repos/CliMA/ArtifactWrappers.jl","forks_url":"https://api.github.com/repos/CliMA/ArtifactWrappers.jl/forks","keys_url":"https://api.github.com/repos/CliMA/ArtifactWrappers.jl/keys{/key_id}","collaborators_url":"https://api.github.com/repos/CliMA/ArtifactWrappers.jl/collaborators{/collaborator}","teams_url":"https://api.github.com/repos/CliMA/ArtifactWrappers.jl/teams","hooks_url":"https://api.github.com/repos/CliMA/ArtifactWrappers.jl/hooks","issue_events_url":"https://api.github.com/repos/CliMA/ArtifactWrappers.jl/issues/events{/number}","events_url":"https://api.github.com/repos/CliMA/ArtifactWrappers.jl/events","assignees_url":"https://api.github.com/repos/CliMA/ArtifactWrappers.jl/assignees{/user}","branches_url":"https://api.github.com/repos/CliMA/ArtifactWrappers.jl/branches{/branch}","tags_url":"https://api.github.com/repos/CliMA/ArtifactWrappers.jl/tags","blobs_url":"https://api.github.com/repos/CliMA/ArtifactWrappers.jl/git/blobs{/sha}","git_tags_url":"https://api.github.com/repos/CliMA/ArtifactWrappers.jl/git/tags{/sha}","git_refs_url":"https://api.github.com/repos/CliMA/ArtifactWrappers.jl/git/refs{/sha}","trees_url":"https://api.github.com/repos/CliMA/ArtifactWrappers.jl/git/trees{/sha}","statuses_url":"https://api.github.com/repos/CliMA/ArtifactWrappers.jl/statuses/{sha}","languages_url":"https://api.github.com/repos/CliMA/ArtifactWrappers.jl/languages","stargazers_url":"https://api.github.com/repos/CliMA/ArtifactWrappers.jl/stargazers","contributors_url":"https://api.github.com/repos/CliMA/ArtifactWrappers.jl/contributors","subscribers_url":"https://api.github.com/repos/CliMA/ArtifactWrappers.jl/subscribers","subscription_url":"https://api.github.com/repos/CliMA/ArtifactWrappers.jl/subscription","commits_url":"https://api.github.com/repos/CliMA/ArtifactWrappers.jl/commits{/sha}","git_commits_url":"https://api.github.com/repos/CliMA/ArtifactWrappers.jl/git/commits{/sha}","comments_url":"https://api.github.com/repos/CliMA/ArtifactWrappers.jl/comments{/number}","issue_comment_url":"https://api.github.com/repos/CliMA/ArtifactWrappers.jl/issues/comments{/number}","contents_url":"https://api.github.com/repos/CliMA/ArtifactWrappers.jl/contents/{+path}","compare_url":"https://api.github.com/repos/CliMA/ArtifactWrappers.jl/compare/{base}...{head}","merges_url":"https://api.github.com/repos/CliMA/ArtifactWrappers.jl/merges","archive_url":"https://api.github.com/repos/CliMA/ArtifactWrappers.jl/{archive_format}{/ref}","downloads_url":"https://api.github.com/repos/CliMA/ArtifactWrappers.jl/downloads","issues_url":"https://api.github.com/repos/CliMA/ArtifactWrappers.jl/issues{/number}","pulls_url":"https://api.github.com/repos/CliMA/ArtifactWrappers.jl/pulls{/number}","milestones_url":"https://api.github.com/repos/CliMA/ArtifactWrappers.jl/milestones{/number}","notifications_url":"https://api.github.com/repos/CliMA/ArtifactWrappers.jl/notifications{?since,all,participating}","labels_url":"https://api.github.com/repos/CliMA/ArtifactWrappers.jl/labels{/name}","releases_url":"https://api.github.com/repos/CliMA/ArtifactWrappers.jl/releases{/id}","deployments_url":"https://api.github.com/repos/CliMA/ArtifactWrappers.jl/deployments","created_at":"2021-05-11T15:44:46Z","updated_at":"2021-05-17T15:26:14Z","pushed_at":"2021-05-17T15:50:56Z","git_url":"git://github.com/CliMA/ArtifactWrappers.jl.git","ssh_url":"git@github.com:CliMA/ArtifactWrappers.jl.git","clone_url":"https://github.com/CliMA/ArtifactWrappers.jl.git","svn_url":"https://github.com/CliMA/ArtifactWrappers.jl","homepage":null,"size":112,"stargazers_count":0,"watchers_count":0,"language":"Julia","has_issues":true,"has_projects":true,"has_downloads":true,"has_wiki":true,"has_pages":true,"forks_count":0,"mirror_url":null,"archived":false,"disabled":false,"open_issues_count":1,"license":{"key":"apache-2.0","name":"Apache License 2.0","spdx_id":"Apache-2.0","url":"https://api.github.com/licenses/apache-2.0","node_id":"MDc6TGljZW5zZTI="},"allow_forking":true,"is_template":false,"web_commit_signoff_required":false,"topics":[],"visibility":"public","forks":0,"open_issues":1,"watchers":0,"default_branch":"main","permissions":{"admin":false,"maintain":false,"push":false,"triage":false,"pull":true},"temp_clone_token":"","organization":{"login":"CliMA","id":43161188,"node_id":"MDEyOk9yZ2FuaXphdGlvbjQzMTYxMTg4","avatar_url":"https://avatars.githubusercontent.com/u/43161188?v=4","gravatar_id":"","url":"https://api.github.com/users/CliMA","html_url":"https://github.com/CliMA","followers_url":"https://api.github.com/users/CliMA/followers","following_url":"https://api.github.com/users/CliMA/following{/other_user}","gists_url":"https://api.github.com/users/CliMA/gists{/gist_id}","starred_url":"https://api.github.com/users/CliMA/starred{/owner}{/repo}","subscriptions_url":"https://api.github.com/users/CliMA/subscriptions","organizations_url":"https://api.github.com/users/CliMA/orgs","repos_url":"https://api.github.com/users/CliMA/repos","events_url":"https://api.github.com/users/CliMA/events{/privacy}","received_events_url":"https://api.github.com/users/CliMA/received_events","type":"Organization","site_admin":false},"network_count":0,"subscribers_count":4}