{"id":315093525,"node_id":"MDEwOlJlcG9zaXRvcnkzMTUwOTM1MjU=","name":"ArrowMacros.jl","full_name":"giancarloantonucci/ArrowMacros.jl","private":false,"owner":{"login":"giancarloantonucci","id":16690564,"node_id":"MDQ6VXNlcjE2NjkwNTY0","avatar_url":"https://avatars.githubusercontent.com/u/16690564?v=4","gravatar_id":"","url":"https://api.github.com/users/giancarloantonucci","html_url":"https://github.com/giancarloantonucci","followers_url":"https://api.github.com/users/giancarloantonucci/followers","following_url":"https://api.github.com/users/giancarloantonucci/following{/other_user}","gists_url":"https://api.github.com/users/giancarloantonucci/gists{/gist_id}","starred_url":"https://api.github.com/users/giancarloantonucci/starred{/owner}{/repo}","subscriptions_url":"https://api.github.com/users/giancarloantonucci/subscriptions","organizations_url":"https://api.github.com/users/giancarloantonucci/orgs","repos_url":"https://api.github.com/users/giancarloantonucci/repos","events_url":"https://api.github.com/users/giancarloantonucci/events{/privacy}","received_events_url":"https://api.github.com/users/giancarloantonucci/received_events","type":"User","site_admin":false},"html_url":"https://github.com/giancarloantonucci/ArrowMacros.jl","description":"A Julia package providing the macros @↓ and @↑.","fork":false,"url":"https://api.github.com/repos/giancarloantonucci/ArrowMacros.jl","forks_url":"https://api.github.com/repos/giancarloantonucci/ArrowMacros.jl/forks","keys_url":"https://api.github.com/repos/giancarloantonucci/ArrowMacros.jl/keys{/key_id}","collaborators_url":"https://api.github.com/repos/giancarloantonucci/ArrowMacros.jl/collaborators{/collaborator}","teams_url":"https://api.github.com/repos/giancarloantonucci/ArrowMacros.jl/teams","hooks_url":"https://api.github.com/repos/giancarloantonucci/ArrowMacros.jl/hooks","issue_events_url":"https://api.github.com/repos/giancarloantonucci/ArrowMacros.jl/issues/events{/number}","events_url":"https://api.github.com/repos/giancarloantonucci/ArrowMacros.jl/events","assignees_url":"https://api.github.com/repos/giancarloantonucci/ArrowMacros.jl/assignees{/user}","branches_url":"https://api.github.com/repos/giancarloantonucci/ArrowMacros.jl/branches{/branch}","tags_url":"https://api.github.com/repos/giancarloantonucci/ArrowMacros.jl/tags","blobs_url":"https://api.github.com/repos/giancarloantonucci/ArrowMacros.jl/git/blobs{/sha}","git_tags_url":"https://api.github.com/repos/giancarloantonucci/ArrowMacros.jl/git/tags{/sha}","git_refs_url":"https://api.github.com/repos/giancarloantonucci/ArrowMacros.jl/git/refs{/sha}","trees_url":"https://api.github.com/repos/giancarloantonucci/ArrowMacros.jl/git/trees{/sha}","statuses_url":"https://api.github.com/repos/giancarloantonucci/ArrowMacros.jl/statuses/{sha}","languages_url":"https://api.github.com/repos/giancarloantonucci/ArrowMacros.jl/languages","stargazers_url":"https://api.github.com/repos/giancarloantonucci/ArrowMacros.jl/stargazers","contributors_url":"https://api.github.com/repos/giancarloantonucci/ArrowMacros.jl/contributors","subscribers_url":"https://api.github.com/repos/giancarloantonucci/ArrowMacros.jl/subscribers","subscription_url":"https://api.github.com/repos/giancarloantonucci/ArrowMacros.jl/subscription","commits_url":"https://api.github.com/repos/giancarloantonucci/ArrowMacros.jl/commits{/sha}","git_commits_url":"https://api.github.com/repos/giancarloantonucci/ArrowMacros.jl/git/commits{/sha}","comments_url":"https://api.github.com/repos/giancarloantonucci/ArrowMacros.jl/comments{/number}","issue_comment_url":"https://api.github.com/repos/giancarloantonucci/ArrowMacros.jl/issues/comments{/number}","contents_url":"https://api.github.com/repos/giancarloantonucci/ArrowMacros.jl/contents/{+path}","compare_url":"https://api.github.com/repos/giancarloantonucci/ArrowMacros.jl/compare/{base}...{head}","merges_url":"https://api.github.com/repos/giancarloantonucci/ArrowMacros.jl/merges","archive_url":"https://api.github.com/repos/giancarloantonucci/ArrowMacros.jl/{archive_format}{/ref}","downloads_url":"https://api.github.com/repos/giancarloantonucci/ArrowMacros.jl/downloads","issues_url":"https://api.github.com/repos/giancarloantonucci/ArrowMacros.jl/issues{/number}","pulls_url":"https://api.github.com/repos/giancarloantonucci/ArrowMacros.jl/pulls{/number}","milestones_url":"https://api.github.com/repos/giancarloantonucci/ArrowMacros.jl/milestones{/number}","notifications_url":"https://api.github.com/repos/giancarloantonucci/ArrowMacros.jl/notifications{?since,all,participating}","labels_url":"https://api.github.com/repos/giancarloantonucci/ArrowMacros.jl/labels{/name}","releases_url":"https://api.github.com/repos/giancarloantonucci/ArrowMacros.jl/releases{/id}","deployments_url":"https://api.github.com/repos/giancarloantonucci/ArrowMacros.jl/deployments","created_at":"2020-11-22T17:27:40Z","updated_at":"2022-02-13T00:20:40Z","pushed_at":"2022-04-16T14:23:30Z","git_url":"git://github.com/giancarloantonucci/ArrowMacros.jl.git","ssh_url":"git@github.com:giancarloantonucci/ArrowMacros.jl.git","clone_url":"https://github.com/giancarloantonucci/ArrowMacros.jl.git","svn_url":"https://github.com/giancarloantonucci/ArrowMacros.jl","homepage":"","size":224,"stargazers_count":0,"watchers_count":0,"language":"Julia","has_issues":true,"has_projects":true,"has_downloads":true,"has_wiki":true,"has_pages":true,"forks_count":0,"mirror_url":null,"archived":false,"disabled":false,"open_issues_count":0,"license":{"key":"gpl-3.0","name":"GNU General Public License v3.0","spdx_id":"GPL-3.0","url":"https://api.github.com/licenses/gpl-3.0","node_id":"MDc6TGljZW5zZTk="},"allow_forking":true,"is_template":false,"web_commit_signoff_required":false,"topics":[],"visibility":"public","forks":0,"open_issues":0,"watchers":0,"default_branch":"master","permissions":{"admin":false,"maintain":false,"push":false,"triage":false,"pull":true},"temp_clone_token":"","network_count":0,"subscribers_count":1}