{"id":167671477,"node_id":"MDEwOlJlcG9zaXRvcnkxNjc2NzE0Nzc=","name":"Ant.jl","full_name":"del2z/Ant.jl","private":false,"owner":{"login":"del2z","id":14818752,"node_id":"MDQ6VXNlcjE0ODE4NzUy","avatar_url":"https://avatars.githubusercontent.com/u/14818752?v=4","gravatar_id":"","url":"https://api.github.com/users/del2z","html_url":"https://github.com/del2z","followers_url":"https://api.github.com/users/del2z/followers","following_url":"https://api.github.com/users/del2z/following{/other_user}","gists_url":"https://api.github.com/users/del2z/gists{/gist_id}","starred_url":"https://api.github.com/users/del2z/starred{/owner}{/repo}","subscriptions_url":"https://api.github.com/users/del2z/subscriptions","organizations_url":"https://api.github.com/users/del2z/orgs","repos_url":"https://api.github.com/users/del2z/repos","events_url":"https://api.github.com/users/del2z/events{/privacy}","received_events_url":"https://api.github.com/users/del2z/received_events","type":"User","site_admin":false},"html_url":"https://github.com/del2z/Ant.jl","description":null,"fork":false,"url":"https://api.github.com/repos/del2z/Ant.jl","forks_url":"https://api.github.com/repos/del2z/Ant.jl/forks","keys_url":"https://api.github.com/repos/del2z/Ant.jl/keys{/key_id}","collaborators_url":"https://api.github.com/repos/del2z/Ant.jl/collaborators{/collaborator}","teams_url":"https://api.github.com/repos/del2z/Ant.jl/teams","hooks_url":"https://api.github.com/repos/del2z/Ant.jl/hooks","issue_events_url":"https://api.github.com/repos/del2z/Ant.jl/issues/events{/number}","events_url":"https://api.github.com/repos/del2z/Ant.jl/events","assignees_url":"https://api.github.com/repos/del2z/Ant.jl/assignees{/user}","branches_url":"https://api.github.com/repos/del2z/Ant.jl/branches{/branch}","tags_url":"https://api.github.com/repos/del2z/Ant.jl/tags","blobs_url":"https://api.github.com/repos/del2z/Ant.jl/git/blobs{/sha}","git_tags_url":"https://api.github.com/repos/del2z/Ant.jl/git/tags{/sha}","git_refs_url":"https://api.github.com/repos/del2z/Ant.jl/git/refs{/sha}","trees_url":"https://api.github.com/repos/del2z/Ant.jl/git/trees{/sha}","statuses_url":"https://api.github.com/repos/del2z/Ant.jl/statuses/{sha}","languages_url":"https://api.github.com/repos/del2z/Ant.jl/languages","stargazers_url":"https://api.github.com/repos/del2z/Ant.jl/stargazers","contributors_url":"https://api.github.com/repos/del2z/Ant.jl/contributors","subscribers_url":"https://api.github.com/repos/del2z/Ant.jl/subscribers","subscription_url":"https://api.github.com/repos/del2z/Ant.jl/subscription","commits_url":"https://api.github.com/repos/del2z/Ant.jl/commits{/sha}","git_commits_url":"https://api.github.com/repos/del2z/Ant.jl/git/commits{/sha}","comments_url":"https://api.github.com/repos/del2z/Ant.jl/comments{/number}","issue_comment_url":"https://api.github.com/repos/del2z/Ant.jl/issues/comments{/number}","contents_url":"https://api.github.com/repos/del2z/Ant.jl/contents/{+path}","compare_url":"https://api.github.com/repos/del2z/Ant.jl/compare/{base}...{head}","merges_url":"https://api.github.com/repos/del2z/Ant.jl/merges","archive_url":"https://api.github.com/repos/del2z/Ant.jl/{archive_format}{/ref}","downloads_url":"https://api.github.com/repos/del2z/Ant.jl/downloads","issues_url":"https://api.github.com/repos/del2z/Ant.jl/issues{/number}","pulls_url":"https://api.github.com/repos/del2z/Ant.jl/pulls{/number}","milestones_url":"https://api.github.com/repos/del2z/Ant.jl/milestones{/number}","notifications_url":"https://api.github.com/repos/del2z/Ant.jl/notifications{?since,all,participating}","labels_url":"https://api.github.com/repos/del2z/Ant.jl/labels{/name}","releases_url":"https://api.github.com/repos/del2z/Ant.jl/releases{/id}","deployments_url":"https://api.github.com/repos/del2z/Ant.jl/deployments","created_at":"2019-01-26T09:26:07Z","updated_at":"2019-06-03T10:36:28Z","pushed_at":"2020-02-08T14:17:12Z","git_url":"git://github.com/del2z/Ant.jl.git","ssh_url":"git@github.com:del2z/Ant.jl.git","clone_url":"https://github.com/del2z/Ant.jl.git","svn_url":"https://github.com/del2z/Ant.jl","homepage":null,"size":47,"stargazers_count":1,"watchers_count":1,"language":"Julia","has_issues":true,"has_projects":true,"has_downloads":true,"has_wiki":true,"has_pages":false,"forks_count":1,"mirror_url":null,"archived":false,"disabled":false,"open_issues_count":1,"license":{"key":"mit","name":"MIT License","spdx_id":"MIT","url":"https://api.github.com/licenses/mit","node_id":"MDc6TGljZW5zZTEz"},"allow_forking":true,"is_template":false,"web_commit_signoff_required":false,"topics":["julia","machine-learning","nlp"],"visibility":"public","forks":1,"open_issues":1,"watchers":1,"default_branch":"master","permissions":{"admin":false,"maintain":false,"push":false,"triage":false,"pull":true},"temp_clone_token":"","network_count":1,"subscribers_count":2}