{"id":328284450,"node_id":"MDEwOlJlcG9zaXRvcnkzMjgyODQ0NTA=","name":"AbbreviatedTypes.jl","full_name":"wsshin/AbbreviatedTypes.jl","private":false,"owner":{"login":"wsshin","id":1783289,"node_id":"MDQ6VXNlcjE3ODMyODk=","avatar_url":"https://avatars.githubusercontent.com/u/1783289?v=4","gravatar_id":"","url":"https://api.github.com/users/wsshin","html_url":"https://github.com/wsshin","followers_url":"https://api.github.com/users/wsshin/followers","following_url":"https://api.github.com/users/wsshin/following{/other_user}","gists_url":"https://api.github.com/users/wsshin/gists{/gist_id}","starred_url":"https://api.github.com/users/wsshin/starred{/owner}{/repo}","subscriptions_url":"https://api.github.com/users/wsshin/subscriptions","organizations_url":"https://api.github.com/users/wsshin/orgs","repos_url":"https://api.github.com/users/wsshin/repos","events_url":"https://api.github.com/users/wsshin/events{/privacy}","received_events_url":"https://api.github.com/users/wsshin/received_events","type":"User","site_admin":false},"html_url":"https://github.com/wsshin/AbbreviatedTypes.jl","description":"Compact type aliases for common Julia types","fork":false,"url":"https://api.github.com/repos/wsshin/AbbreviatedTypes.jl","forks_url":"https://api.github.com/repos/wsshin/AbbreviatedTypes.jl/forks","keys_url":"https://api.github.com/repos/wsshin/AbbreviatedTypes.jl/keys{/key_id}","collaborators_url":"https://api.github.com/repos/wsshin/AbbreviatedTypes.jl/collaborators{/collaborator}","teams_url":"https://api.github.com/repos/wsshin/AbbreviatedTypes.jl/teams","hooks_url":"https://api.github.com/repos/wsshin/AbbreviatedTypes.jl/hooks","issue_events_url":"https://api.github.com/repos/wsshin/AbbreviatedTypes.jl/issues/events{/number}","events_url":"https://api.github.com/repos/wsshin/AbbreviatedTypes.jl/events","assignees_url":"https://api.github.com/repos/wsshin/AbbreviatedTypes.jl/assignees{/user}","branches_url":"https://api.github.com/repos/wsshin/AbbreviatedTypes.jl/branches{/branch}","tags_url":"https://api.github.com/repos/wsshin/AbbreviatedTypes.jl/tags","blobs_url":"https://api.github.com/repos/wsshin/AbbreviatedTypes.jl/git/blobs{/sha}","git_tags_url":"https://api.github.com/repos/wsshin/AbbreviatedTypes.jl/git/tags{/sha}","git_refs_url":"https://api.github.com/repos/wsshin/AbbreviatedTypes.jl/git/refs{/sha}","trees_url":"https://api.github.com/repos/wsshin/AbbreviatedTypes.jl/git/trees{/sha}","statuses_url":"https://api.github.com/repos/wsshin/AbbreviatedTypes.jl/statuses/{sha}","languages_url":"https://api.github.com/repos/wsshin/AbbreviatedTypes.jl/languages","stargazers_url":"https://api.github.com/repos/wsshin/AbbreviatedTypes.jl/stargazers","contributors_url":"https://api.github.com/repos/wsshin/AbbreviatedTypes.jl/contributors","subscribers_url":"https://api.github.com/repos/wsshin/AbbreviatedTypes.jl/subscribers","subscription_url":"https://api.github.com/repos/wsshin/AbbreviatedTypes.jl/subscription","commits_url":"https://api.github.com/repos/wsshin/AbbreviatedTypes.jl/commits{/sha}","git_commits_url":"https://api.github.com/repos/wsshin/AbbreviatedTypes.jl/git/commits{/sha}","comments_url":"https://api.github.com/repos/wsshin/AbbreviatedTypes.jl/comments{/number}","issue_comment_url":"https://api.github.com/repos/wsshin/AbbreviatedTypes.jl/issues/comments{/number}","contents_url":"https://api.github.com/repos/wsshin/AbbreviatedTypes.jl/contents/{+path}","compare_url":"https://api.github.com/repos/wsshin/AbbreviatedTypes.jl/compare/{base}...{head}","merges_url":"https://api.github.com/repos/wsshin/AbbreviatedTypes.jl/merges","archive_url":"https://api.github.com/repos/wsshin/AbbreviatedTypes.jl/{archive_format}{/ref}","downloads_url":"https://api.github.com/repos/wsshin/AbbreviatedTypes.jl/downloads","issues_url":"https://api.github.com/repos/wsshin/AbbreviatedTypes.jl/issues{/number}","pulls_url":"https://api.github.com/repos/wsshin/AbbreviatedTypes.jl/pulls{/number}","milestones_url":"https://api.github.com/repos/wsshin/AbbreviatedTypes.jl/milestones{/number}","notifications_url":"https://api.github.com/repos/wsshin/AbbreviatedTypes.jl/notifications{?since,all,participating}","labels_url":"https://api.github.com/repos/wsshin/AbbreviatedTypes.jl/labels{/name}","releases_url":"https://api.github.com/repos/wsshin/AbbreviatedTypes.jl/releases{/id}","deployments_url":"https://api.github.com/repos/wsshin/AbbreviatedTypes.jl/deployments","created_at":"2021-01-10T02:02:34Z","updated_at":"2022-05-24T21:57:36Z","pushed_at":"2021-12-08T15:38:42Z","git_url":"git://github.com/wsshin/AbbreviatedTypes.jl.git","ssh_url":"git@github.com:wsshin/AbbreviatedTypes.jl.git","clone_url":"https://github.com/wsshin/AbbreviatedTypes.jl.git","svn_url":"https://github.com/wsshin/AbbreviatedTypes.jl","homepage":"","size":32,"stargazers_count":2,"watchers_count":2,"language":"Julia","has_issues":true,"has_projects":true,"has_downloads":true,"has_wiki":true,"has_pages":false,"forks_count":0,"mirror_url":null,"archived":false,"disabled":false,"open_issues_count":0,"license":{"key":"other","name":"Other","spdx_id":"NOASSERTION","url":null,"node_id":"MDc6TGljZW5zZTA="},"allow_forking":true,"is_template":false,"web_commit_signoff_required":false,"topics":[],"visibility":"public","forks":0,"open_issues":0,"watchers":2,"default_branch":"main","permissions":{"admin":false,"maintain":false,"push":false,"triage":false,"pull":true},"temp_clone_token":"","network_count":0,"subscribers_count":2}