{"id":266597513,"node_id":"MDEwOlJlcG9zaXRvcnkyNjY1OTc1MTM=","name":"AlgebraPDF.jl","full_name":"mmikhasenko/AlgebraPDF.jl","private":false,"owner":{"login":"mmikhasenko","id":22725744,"node_id":"MDQ6VXNlcjIyNzI1NzQ0","avatar_url":"https://avatars.githubusercontent.com/u/22725744?v=4","gravatar_id":"","url":"https://api.github.com/users/mmikhasenko","html_url":"https://github.com/mmikhasenko","followers_url":"https://api.github.com/users/mmikhasenko/followers","following_url":"https://api.github.com/users/mmikhasenko/following{/other_user}","gists_url":"https://api.github.com/users/mmikhasenko/gists{/gist_id}","starred_url":"https://api.github.com/users/mmikhasenko/starred{/owner}{/repo}","subscriptions_url":"https://api.github.com/users/mmikhasenko/subscriptions","organizations_url":"https://api.github.com/users/mmikhasenko/orgs","repos_url":"https://api.github.com/users/mmikhasenko/repos","events_url":"https://api.github.com/users/mmikhasenko/events{/privacy}","received_events_url":"https://api.github.com/users/mmikhasenko/received_events","type":"User","site_admin":false},"html_url":"https://github.com/mmikhasenko/AlgebraPDF.jl","description":"adding, multiplying density functions, fitting LLH","fork":false,"url":"https://api.github.com/repos/mmikhasenko/AlgebraPDF.jl","forks_url":"https://api.github.com/repos/mmikhasenko/AlgebraPDF.jl/forks","keys_url":"https://api.github.com/repos/mmikhasenko/AlgebraPDF.jl/keys{/key_id}","collaborators_url":"https://api.github.com/repos/mmikhasenko/AlgebraPDF.jl/collaborators{/collaborator}","teams_url":"https://api.github.com/repos/mmikhasenko/AlgebraPDF.jl/teams","hooks_url":"https://api.github.com/repos/mmikhasenko/AlgebraPDF.jl/hooks","issue_events_url":"https://api.github.com/repos/mmikhasenko/AlgebraPDF.jl/issues/events{/number}","events_url":"https://api.github.com/repos/mmikhasenko/AlgebraPDF.jl/events","assignees_url":"https://api.github.com/repos/mmikhasenko/AlgebraPDF.jl/assignees{/user}","branches_url":"https://api.github.com/repos/mmikhasenko/AlgebraPDF.jl/branches{/branch}","tags_url":"https://api.github.com/repos/mmikhasenko/AlgebraPDF.jl/tags","blobs_url":"https://api.github.com/repos/mmikhasenko/AlgebraPDF.jl/git/blobs{/sha}","git_tags_url":"https://api.github.com/repos/mmikhasenko/AlgebraPDF.jl/git/tags{/sha}","git_refs_url":"https://api.github.com/repos/mmikhasenko/AlgebraPDF.jl/git/refs{/sha}","trees_url":"https://api.github.com/repos/mmikhasenko/AlgebraPDF.jl/git/trees{/sha}","statuses_url":"https://api.github.com/repos/mmikhasenko/AlgebraPDF.jl/statuses/{sha}","languages_url":"https://api.github.com/repos/mmikhasenko/AlgebraPDF.jl/languages","stargazers_url":"https://api.github.com/repos/mmikhasenko/AlgebraPDF.jl/stargazers","contributors_url":"https://api.github.com/repos/mmikhasenko/AlgebraPDF.jl/contributors","subscribers_url":"https://api.github.com/repos/mmikhasenko/AlgebraPDF.jl/subscribers","subscription_url":"https://api.github.com/repos/mmikhasenko/AlgebraPDF.jl/subscription","commits_url":"https://api.github.com/repos/mmikhasenko/AlgebraPDF.jl/commits{/sha}","git_commits_url":"https://api.github.com/repos/mmikhasenko/AlgebraPDF.jl/git/commits{/sha}","comments_url":"https://api.github.com/repos/mmikhasenko/AlgebraPDF.jl/comments{/number}","issue_comment_url":"https://api.github.com/repos/mmikhasenko/AlgebraPDF.jl/issues/comments{/number}","contents_url":"https://api.github.com/repos/mmikhasenko/AlgebraPDF.jl/contents/{+path}","compare_url":"https://api.github.com/repos/mmikhasenko/AlgebraPDF.jl/compare/{base}...{head}","merges_url":"https://api.github.com/repos/mmikhasenko/AlgebraPDF.jl/merges","archive_url":"https://api.github.com/repos/mmikhasenko/AlgebraPDF.jl/{archive_format}{/ref}","downloads_url":"https://api.github.com/repos/mmikhasenko/AlgebraPDF.jl/downloads","issues_url":"https://api.github.com/repos/mmikhasenko/AlgebraPDF.jl/issues{/number}","pulls_url":"https://api.github.com/repos/mmikhasenko/AlgebraPDF.jl/pulls{/number}","milestones_url":"https://api.github.com/repos/mmikhasenko/AlgebraPDF.jl/milestones{/number}","notifications_url":"https://api.github.com/repos/mmikhasenko/AlgebraPDF.jl/notifications{?since,all,participating}","labels_url":"https://api.github.com/repos/mmikhasenko/AlgebraPDF.jl/labels{/name}","releases_url":"https://api.github.com/repos/mmikhasenko/AlgebraPDF.jl/releases{/id}","deployments_url":"https://api.github.com/repos/mmikhasenko/AlgebraPDF.jl/deployments","created_at":"2020-05-24T18:08:21Z","updated_at":"2022-03-27T14:23:44Z","pushed_at":"2022-06-03T12:59:25Z","git_url":"git://github.com/mmikhasenko/AlgebraPDF.jl.git","ssh_url":"git@github.com:mmikhasenko/AlgebraPDF.jl.git","clone_url":"https://github.com/mmikhasenko/AlgebraPDF.jl.git","svn_url":"https://github.com/mmikhasenko/AlgebraPDF.jl","homepage":null,"size":368,"stargazers_count":16,"watchers_count":16,"language":"Julia","has_issues":true,"has_projects":true,"has_downloads":true,"has_wiki":true,"has_pages":false,"forks_count":0,"mirror_url":null,"archived":false,"disabled":false,"open_issues_count":12,"license":{"key":"mit","name":"MIT License","spdx_id":"MIT","url":"https://api.github.com/licenses/mit","node_id":"MDc6TGljZW5zZTEz"},"allow_forking":true,"is_template":false,"web_commit_signoff_required":false,"topics":[],"visibility":"public","forks":0,"open_issues":12,"watchers":16,"default_branch":"master","permissions":{"admin":false,"maintain":false,"push":false,"triage":false,"pull":true},"temp_clone_token":"","network_count":0,"subscribers_count":2}