{"id":239004644,"node_id":"MDEwOlJlcG9zaXRvcnkyMzkwMDQ2NDQ=","name":"AlignedBinaryFormat.jl","full_name":"m-wells/AlignedBinaryFormat.jl","private":false,"owner":{"login":"m-wells","id":6752069,"node_id":"MDQ6VXNlcjY3NTIwNjk=","avatar_url":"https://avatars.githubusercontent.com/u/6752069?v=4","gravatar_id":"","url":"https://api.github.com/users/m-wells","html_url":"https://github.com/m-wells","followers_url":"https://api.github.com/users/m-wells/followers","following_url":"https://api.github.com/users/m-wells/following{/other_user}","gists_url":"https://api.github.com/users/m-wells/gists{/gist_id}","starred_url":"https://api.github.com/users/m-wells/starred{/owner}{/repo}","subscriptions_url":"https://api.github.com/users/m-wells/subscriptions","organizations_url":"https://api.github.com/users/m-wells/orgs","repos_url":"https://api.github.com/users/m-wells/repos","events_url":"https://api.github.com/users/m-wells/events{/privacy}","received_events_url":"https://api.github.com/users/m-wells/received_events","type":"User","site_admin":false},"html_url":"https://github.com/m-wells/AlignedBinaryFormat.jl","description":"Memory-mapping made easy.","fork":false,"url":"https://api.github.com/repos/m-wells/AlignedBinaryFormat.jl","forks_url":"https://api.github.com/repos/m-wells/AlignedBinaryFormat.jl/forks","keys_url":"https://api.github.com/repos/m-wells/AlignedBinaryFormat.jl/keys{/key_id}","collaborators_url":"https://api.github.com/repos/m-wells/AlignedBinaryFormat.jl/collaborators{/collaborator}","teams_url":"https://api.github.com/repos/m-wells/AlignedBinaryFormat.jl/teams","hooks_url":"https://api.github.com/repos/m-wells/AlignedBinaryFormat.jl/hooks","issue_events_url":"https://api.github.com/repos/m-wells/AlignedBinaryFormat.jl/issues/events{/number}","events_url":"https://api.github.com/repos/m-wells/AlignedBinaryFormat.jl/events","assignees_url":"https://api.github.com/repos/m-wells/AlignedBinaryFormat.jl/assignees{/user}","branches_url":"https://api.github.com/repos/m-wells/AlignedBinaryFormat.jl/branches{/branch}","tags_url":"https://api.github.com/repos/m-wells/AlignedBinaryFormat.jl/tags","blobs_url":"https://api.github.com/repos/m-wells/AlignedBinaryFormat.jl/git/blobs{/sha}","git_tags_url":"https://api.github.com/repos/m-wells/AlignedBinaryFormat.jl/git/tags{/sha}","git_refs_url":"https://api.github.com/repos/m-wells/AlignedBinaryFormat.jl/git/refs{/sha}","trees_url":"https://api.github.com/repos/m-wells/AlignedBinaryFormat.jl/git/trees{/sha}","statuses_url":"https://api.github.com/repos/m-wells/AlignedBinaryFormat.jl/statuses/{sha}","languages_url":"https://api.github.com/repos/m-wells/AlignedBinaryFormat.jl/languages","stargazers_url":"https://api.github.com/repos/m-wells/AlignedBinaryFormat.jl/stargazers","contributors_url":"https://api.github.com/repos/m-wells/AlignedBinaryFormat.jl/contributors","subscribers_url":"https://api.github.com/repos/m-wells/AlignedBinaryFormat.jl/subscribers","subscription_url":"https://api.github.com/repos/m-wells/AlignedBinaryFormat.jl/subscription","commits_url":"https://api.github.com/repos/m-wells/AlignedBinaryFormat.jl/commits{/sha}","git_commits_url":"https://api.github.com/repos/m-wells/AlignedBinaryFormat.jl/git/commits{/sha}","comments_url":"https://api.github.com/repos/m-wells/AlignedBinaryFormat.jl/comments{/number}","issue_comment_url":"https://api.github.com/repos/m-wells/AlignedBinaryFormat.jl/issues/comments{/number}","contents_url":"https://api.github.com/repos/m-wells/AlignedBinaryFormat.jl/contents/{+path}","compare_url":"https://api.github.com/repos/m-wells/AlignedBinaryFormat.jl/compare/{base}...{head}","merges_url":"https://api.github.com/repos/m-wells/AlignedBinaryFormat.jl/merges","archive_url":"https://api.github.com/repos/m-wells/AlignedBinaryFormat.jl/{archive_format}{/ref}","downloads_url":"https://api.github.com/repos/m-wells/AlignedBinaryFormat.jl/downloads","issues_url":"https://api.github.com/repos/m-wells/AlignedBinaryFormat.jl/issues{/number}","pulls_url":"https://api.github.com/repos/m-wells/AlignedBinaryFormat.jl/pulls{/number}","milestones_url":"https://api.github.com/repos/m-wells/AlignedBinaryFormat.jl/milestones{/number}","notifications_url":"https://api.github.com/repos/m-wells/AlignedBinaryFormat.jl/notifications{?since,all,participating}","labels_url":"https://api.github.com/repos/m-wells/AlignedBinaryFormat.jl/labels{/name}","releases_url":"https://api.github.com/repos/m-wells/AlignedBinaryFormat.jl/releases{/id}","deployments_url":"https://api.github.com/repos/m-wells/AlignedBinaryFormat.jl/deployments","created_at":"2020-02-07T19:13:38Z","updated_at":"2022-06-06T11:04:25Z","pushed_at":"2022-06-09T13:24:50Z","git_url":"git://github.com/m-wells/AlignedBinaryFormat.jl.git","ssh_url":"git@github.com:m-wells/AlignedBinaryFormat.jl.git","clone_url":"https://github.com/m-wells/AlignedBinaryFormat.jl.git","svn_url":"https://github.com/m-wells/AlignedBinaryFormat.jl","homepage":"","size":140,"stargazers_count":2,"watchers_count":2,"language":"Julia","has_issues":true,"has_projects":true,"has_downloads":true,"has_wiki":true,"has_pages":false,"forks_count":1,"mirror_url":null,"archived":false,"disabled":false,"open_issues_count":3,"license":{"key":"agpl-3.0","name":"GNU Affero General Public License v3.0","spdx_id":"AGPL-3.0","url":"https://api.github.com/licenses/agpl-3.0","node_id":"MDc6TGljZW5zZTE="},"allow_forking":true,"is_template":false,"web_commit_signoff_required":false,"topics":["file-format","input-output","julia","julia-language","julia-package","julialang","large-dataset","load","memory-mapping","save","serialization"],"visibility":"public","forks":1,"open_issues":3,"watchers":2,"default_branch":"master","permissions":{"admin":false,"maintain":false,"push":false,"triage":false,"pull":true},"temp_clone_token":"","network_count":1,"subscribers_count":2}