{"id":243649369,"node_id":"MDEwOlJlcG9zaXRvcnkyNDM2NDkzNjk=","name":"ADCMEKit.jl","full_name":"kailaix/ADCMEKit.jl","private":false,"owner":{"login":"kailaix","id":20198333,"node_id":"MDQ6VXNlcjIwMTk4MzMz","avatar_url":"https://avatars.githubusercontent.com/u/20198333?v=4","gravatar_id":"","url":"https://api.github.com/users/kailaix","html_url":"https://github.com/kailaix","followers_url":"https://api.github.com/users/kailaix/followers","following_url":"https://api.github.com/users/kailaix/following{/other_user}","gists_url":"https://api.github.com/users/kailaix/gists{/gist_id}","starred_url":"https://api.github.com/users/kailaix/starred{/owner}{/repo}","subscriptions_url":"https://api.github.com/users/kailaix/subscriptions","organizations_url":"https://api.github.com/users/kailaix/orgs","repos_url":"https://api.github.com/users/kailaix/repos","events_url":"https://api.github.com/users/kailaix/events{/privacy}","received_events_url":"https://api.github.com/users/kailaix/received_events","type":"User","site_admin":false},"html_url":"https://github.com/kailaix/ADCMEKit.jl","description":"Make Inverse Modeling Easy!","fork":false,"url":"https://api.github.com/repos/kailaix/ADCMEKit.jl","forks_url":"https://api.github.com/repos/kailaix/ADCMEKit.jl/forks","keys_url":"https://api.github.com/repos/kailaix/ADCMEKit.jl/keys{/key_id}","collaborators_url":"https://api.github.com/repos/kailaix/ADCMEKit.jl/collaborators{/collaborator}","teams_url":"https://api.github.com/repos/kailaix/ADCMEKit.jl/teams","hooks_url":"https://api.github.com/repos/kailaix/ADCMEKit.jl/hooks","issue_events_url":"https://api.github.com/repos/kailaix/ADCMEKit.jl/issues/events{/number}","events_url":"https://api.github.com/repos/kailaix/ADCMEKit.jl/events","assignees_url":"https://api.github.com/repos/kailaix/ADCMEKit.jl/assignees{/user}","branches_url":"https://api.github.com/repos/kailaix/ADCMEKit.jl/branches{/branch}","tags_url":"https://api.github.com/repos/kailaix/ADCMEKit.jl/tags","blobs_url":"https://api.github.com/repos/kailaix/ADCMEKit.jl/git/blobs{/sha}","git_tags_url":"https://api.github.com/repos/kailaix/ADCMEKit.jl/git/tags{/sha}","git_refs_url":"https://api.github.com/repos/kailaix/ADCMEKit.jl/git/refs{/sha}","trees_url":"https://api.github.com/repos/kailaix/ADCMEKit.jl/git/trees{/sha}","statuses_url":"https://api.github.com/repos/kailaix/ADCMEKit.jl/statuses/{sha}","languages_url":"https://api.github.com/repos/kailaix/ADCMEKit.jl/languages","stargazers_url":"https://api.github.com/repos/kailaix/ADCMEKit.jl/stargazers","contributors_url":"https://api.github.com/repos/kailaix/ADCMEKit.jl/contributors","subscribers_url":"https://api.github.com/repos/kailaix/ADCMEKit.jl/subscribers","subscription_url":"https://api.github.com/repos/kailaix/ADCMEKit.jl/subscription","commits_url":"https://api.github.com/repos/kailaix/ADCMEKit.jl/commits{/sha}","git_commits_url":"https://api.github.com/repos/kailaix/ADCMEKit.jl/git/commits{/sha}","comments_url":"https://api.github.com/repos/kailaix/ADCMEKit.jl/comments{/number}","issue_comment_url":"https://api.github.com/repos/kailaix/ADCMEKit.jl/issues/comments{/number}","contents_url":"https://api.github.com/repos/kailaix/ADCMEKit.jl/contents/{+path}","compare_url":"https://api.github.com/repos/kailaix/ADCMEKit.jl/compare/{base}...{head}","merges_url":"https://api.github.com/repos/kailaix/ADCMEKit.jl/merges","archive_url":"https://api.github.com/repos/kailaix/ADCMEKit.jl/{archive_format}{/ref}","downloads_url":"https://api.github.com/repos/kailaix/ADCMEKit.jl/downloads","issues_url":"https://api.github.com/repos/kailaix/ADCMEKit.jl/issues{/number}","pulls_url":"https://api.github.com/repos/kailaix/ADCMEKit.jl/pulls{/number}","milestones_url":"https://api.github.com/repos/kailaix/ADCMEKit.jl/milestones{/number}","notifications_url":"https://api.github.com/repos/kailaix/ADCMEKit.jl/notifications{?since,all,participating}","labels_url":"https://api.github.com/repos/kailaix/ADCMEKit.jl/labels{/name}","releases_url":"https://api.github.com/repos/kailaix/ADCMEKit.jl/releases{/id}","deployments_url":"https://api.github.com/repos/kailaix/ADCMEKit.jl/deployments","created_at":"2020-02-28T00:59:55Z","updated_at":"2020-09-04T05:25:14Z","pushed_at":"2020-09-04T05:25:12Z","git_url":"git://github.com/kailaix/ADCMEKit.jl.git","ssh_url":"git@github.com:kailaix/ADCMEKit.jl.git","clone_url":"https://github.com/kailaix/ADCMEKit.jl.git","svn_url":"https://github.com/kailaix/ADCMEKit.jl","homepage":"","size":369,"stargazers_count":1,"watchers_count":1,"language":"Julia","has_issues":true,"has_projects":true,"has_downloads":true,"has_wiki":true,"has_pages":false,"forks_count":1,"mirror_url":null,"archived":false,"disabled":false,"open_issues_count":0,"license":null,"allow_forking":true,"is_template":false,"web_commit_signoff_required":false,"topics":["machine-learning","scientific-computing"],"visibility":"public","forks":1,"open_issues":0,"watchers":1,"default_branch":"master","permissions":{"admin":false,"maintain":false,"push":false,"triage":false,"pull":true},"temp_clone_token":"","network_count":1,"subscribers_count":2}