{"id":323992295,"node_id":"MDEwOlJlcG9zaXRvcnkzMjM5OTIyOTU=","name":"ArDCA.jl","full_name":"pagnani/ArDCA.jl","private":false,"owner":{"login":"pagnani","id":1280414,"node_id":"MDQ6VXNlcjEyODA0MTQ=","avatar_url":"https://avatars.githubusercontent.com/u/1280414?v=4","gravatar_id":"","url":"https://api.github.com/users/pagnani","html_url":"https://github.com/pagnani","followers_url":"https://api.github.com/users/pagnani/followers","following_url":"https://api.github.com/users/pagnani/following{/other_user}","gists_url":"https://api.github.com/users/pagnani/gists{/gist_id}","starred_url":"https://api.github.com/users/pagnani/starred{/owner}{/repo}","subscriptions_url":"https://api.github.com/users/pagnani/subscriptions","organizations_url":"https://api.github.com/users/pagnani/orgs","repos_url":"https://api.github.com/users/pagnani/repos","events_url":"https://api.github.com/users/pagnani/events{/privacy}","received_events_url":"https://api.github.com/users/pagnani/received_events","type":"User","site_admin":false},"html_url":"https://github.com/pagnani/ArDCA.jl","description":"Autoregressive networks for protein","fork":false,"url":"https://api.github.com/repos/pagnani/ArDCA.jl","forks_url":"https://api.github.com/repos/pagnani/ArDCA.jl/forks","keys_url":"https://api.github.com/repos/pagnani/ArDCA.jl/keys{/key_id}","collaborators_url":"https://api.github.com/repos/pagnani/ArDCA.jl/collaborators{/collaborator}","teams_url":"https://api.github.com/repos/pagnani/ArDCA.jl/teams","hooks_url":"https://api.github.com/repos/pagnani/ArDCA.jl/hooks","issue_events_url":"https://api.github.com/repos/pagnani/ArDCA.jl/issues/events{/number}","events_url":"https://api.github.com/repos/pagnani/ArDCA.jl/events","assignees_url":"https://api.github.com/repos/pagnani/ArDCA.jl/assignees{/user}","branches_url":"https://api.github.com/repos/pagnani/ArDCA.jl/branches{/branch}","tags_url":"https://api.github.com/repos/pagnani/ArDCA.jl/tags","blobs_url":"https://api.github.com/repos/pagnani/ArDCA.jl/git/blobs{/sha}","git_tags_url":"https://api.github.com/repos/pagnani/ArDCA.jl/git/tags{/sha}","git_refs_url":"https://api.github.com/repos/pagnani/ArDCA.jl/git/refs{/sha}","trees_url":"https://api.github.com/repos/pagnani/ArDCA.jl/git/trees{/sha}","statuses_url":"https://api.github.com/repos/pagnani/ArDCA.jl/statuses/{sha}","languages_url":"https://api.github.com/repos/pagnani/ArDCA.jl/languages","stargazers_url":"https://api.github.com/repos/pagnani/ArDCA.jl/stargazers","contributors_url":"https://api.github.com/repos/pagnani/ArDCA.jl/contributors","subscribers_url":"https://api.github.com/repos/pagnani/ArDCA.jl/subscribers","subscription_url":"https://api.github.com/repos/pagnani/ArDCA.jl/subscription","commits_url":"https://api.github.com/repos/pagnani/ArDCA.jl/commits{/sha}","git_commits_url":"https://api.github.com/repos/pagnani/ArDCA.jl/git/commits{/sha}","comments_url":"https://api.github.com/repos/pagnani/ArDCA.jl/comments{/number}","issue_comment_url":"https://api.github.com/repos/pagnani/ArDCA.jl/issues/comments{/number}","contents_url":"https://api.github.com/repos/pagnani/ArDCA.jl/contents/{+path}","compare_url":"https://api.github.com/repos/pagnani/ArDCA.jl/compare/{base}...{head}","merges_url":"https://api.github.com/repos/pagnani/ArDCA.jl/merges","archive_url":"https://api.github.com/repos/pagnani/ArDCA.jl/{archive_format}{/ref}","downloads_url":"https://api.github.com/repos/pagnani/ArDCA.jl/downloads","issues_url":"https://api.github.com/repos/pagnani/ArDCA.jl/issues{/number}","pulls_url":"https://api.github.com/repos/pagnani/ArDCA.jl/pulls{/number}","milestones_url":"https://api.github.com/repos/pagnani/ArDCA.jl/milestones{/number}","notifications_url":"https://api.github.com/repos/pagnani/ArDCA.jl/notifications{?since,all,participating}","labels_url":"https://api.github.com/repos/pagnani/ArDCA.jl/labels{/name}","releases_url":"https://api.github.com/repos/pagnani/ArDCA.jl/releases{/id}","deployments_url":"https://api.github.com/repos/pagnani/ArDCA.jl/deployments","created_at":"2020-12-23T20:07:24Z","updated_at":"2022-06-22T15:07:36Z","pushed_at":"2022-05-14T18:11:54Z","git_url":"git://github.com/pagnani/ArDCA.jl.git","ssh_url":"git@github.com:pagnani/ArDCA.jl.git","clone_url":"https://github.com/pagnani/ArDCA.jl.git","svn_url":"https://github.com/pagnani/ArDCA.jl","homepage":null,"size":1416,"stargazers_count":16,"watchers_count":16,"language":"Jupyter Notebook","has_issues":true,"has_projects":true,"has_downloads":true,"has_wiki":true,"has_pages":true,"forks_count":3,"mirror_url":null,"archived":false,"disabled":false,"open_issues_count":0,"license":{"key":"mit","name":"MIT License","spdx_id":"MIT","url":"https://api.github.com/licenses/mit","node_id":"MDc6TGljZW5zZTEz"},"allow_forking":true,"is_template":false,"web_commit_signoff_required":false,"topics":[],"visibility":"public","forks":3,"open_issues":0,"watchers":16,"default_branch":"master","permissions":{"admin":false,"maintain":false,"push":false,"triage":false,"pull":true},"temp_clone_token":"","network_count":3,"subscribers_count":2}