{"id":100435735,"node_id":"MDEwOlJlcG9zaXRvcnkxMDA0MzU3MzU=","name":"ARDESPOT.jl","full_name":"JuliaPOMDP/ARDESPOT.jl","private":false,"owner":{"login":"JuliaPOMDP","id":16347008,"node_id":"MDEyOk9yZ2FuaXphdGlvbjE2MzQ3MDA4","avatar_url":"https://avatars.githubusercontent.com/u/16347008?v=4","gravatar_id":"","url":"https://api.github.com/users/JuliaPOMDP","html_url":"https://github.com/JuliaPOMDP","followers_url":"https://api.github.com/users/JuliaPOMDP/followers","following_url":"https://api.github.com/users/JuliaPOMDP/following{/other_user}","gists_url":"https://api.github.com/users/JuliaPOMDP/gists{/gist_id}","starred_url":"https://api.github.com/users/JuliaPOMDP/starred{/owner}{/repo}","subscriptions_url":"https://api.github.com/users/JuliaPOMDP/subscriptions","organizations_url":"https://api.github.com/users/JuliaPOMDP/orgs","repos_url":"https://api.github.com/users/JuliaPOMDP/repos","events_url":"https://api.github.com/users/JuliaPOMDP/events{/privacy}","received_events_url":"https://api.github.com/users/JuliaPOMDP/received_events","type":"Organization","site_admin":false},"html_url":"https://github.com/JuliaPOMDP/ARDESPOT.jl","description":"Implementation of the AR-DESPOT POMDP algorithm","fork":false,"url":"https://api.github.com/repos/JuliaPOMDP/ARDESPOT.jl","forks_url":"https://api.github.com/repos/JuliaPOMDP/ARDESPOT.jl/forks","keys_url":"https://api.github.com/repos/JuliaPOMDP/ARDESPOT.jl/keys{/key_id}","collaborators_url":"https://api.github.com/repos/JuliaPOMDP/ARDESPOT.jl/collaborators{/collaborator}","teams_url":"https://api.github.com/repos/JuliaPOMDP/ARDESPOT.jl/teams","hooks_url":"https://api.github.com/repos/JuliaPOMDP/ARDESPOT.jl/hooks","issue_events_url":"https://api.github.com/repos/JuliaPOMDP/ARDESPOT.jl/issues/events{/number}","events_url":"https://api.github.com/repos/JuliaPOMDP/ARDESPOT.jl/events","assignees_url":"https://api.github.com/repos/JuliaPOMDP/ARDESPOT.jl/assignees{/user}","branches_url":"https://api.github.com/repos/JuliaPOMDP/ARDESPOT.jl/branches{/branch}","tags_url":"https://api.github.com/repos/JuliaPOMDP/ARDESPOT.jl/tags","blobs_url":"https://api.github.com/repos/JuliaPOMDP/ARDESPOT.jl/git/blobs{/sha}","git_tags_url":"https://api.github.com/repos/JuliaPOMDP/ARDESPOT.jl/git/tags{/sha}","git_refs_url":"https://api.github.com/repos/JuliaPOMDP/ARDESPOT.jl/git/refs{/sha}","trees_url":"https://api.github.com/repos/JuliaPOMDP/ARDESPOT.jl/git/trees{/sha}","statuses_url":"https://api.github.com/repos/JuliaPOMDP/ARDESPOT.jl/statuses/{sha}","languages_url":"https://api.github.com/repos/JuliaPOMDP/ARDESPOT.jl/languages","stargazers_url":"https://api.github.com/repos/JuliaPOMDP/ARDESPOT.jl/stargazers","contributors_url":"https://api.github.com/repos/JuliaPOMDP/ARDESPOT.jl/contributors","subscribers_url":"https://api.github.com/repos/JuliaPOMDP/ARDESPOT.jl/subscribers","subscription_url":"https://api.github.com/repos/JuliaPOMDP/ARDESPOT.jl/subscription","commits_url":"https://api.github.com/repos/JuliaPOMDP/ARDESPOT.jl/commits{/sha}","git_commits_url":"https://api.github.com/repos/JuliaPOMDP/ARDESPOT.jl/git/commits{/sha}","comments_url":"https://api.github.com/repos/JuliaPOMDP/ARDESPOT.jl/comments{/number}","issue_comment_url":"https://api.github.com/repos/JuliaPOMDP/ARDESPOT.jl/issues/comments{/number}","contents_url":"https://api.github.com/repos/JuliaPOMDP/ARDESPOT.jl/contents/{+path}","compare_url":"https://api.github.com/repos/JuliaPOMDP/ARDESPOT.jl/compare/{base}...{head}","merges_url":"https://api.github.com/repos/JuliaPOMDP/ARDESPOT.jl/merges","archive_url":"https://api.github.com/repos/JuliaPOMDP/ARDESPOT.jl/{archive_format}{/ref}","downloads_url":"https://api.github.com/repos/JuliaPOMDP/ARDESPOT.jl/downloads","issues_url":"https://api.github.com/repos/JuliaPOMDP/ARDESPOT.jl/issues{/number}","pulls_url":"https://api.github.com/repos/JuliaPOMDP/ARDESPOT.jl/pulls{/number}","milestones_url":"https://api.github.com/repos/JuliaPOMDP/ARDESPOT.jl/milestones{/number}","notifications_url":"https://api.github.com/repos/JuliaPOMDP/ARDESPOT.jl/notifications{?since,all,participating}","labels_url":"https://api.github.com/repos/JuliaPOMDP/ARDESPOT.jl/labels{/name}","releases_url":"https://api.github.com/repos/JuliaPOMDP/ARDESPOT.jl/releases{/id}","deployments_url":"https://api.github.com/repos/JuliaPOMDP/ARDESPOT.jl/deployments","created_at":"2017-08-16T01:46:18Z","updated_at":"2021-10-11T09:10:56Z","pushed_at":"2021-08-12T04:58:56Z","git_url":"git://github.com/JuliaPOMDP/ARDESPOT.jl.git","ssh_url":"git@github.com:JuliaPOMDP/ARDESPOT.jl.git","clone_url":"https://github.com/JuliaPOMDP/ARDESPOT.jl.git","svn_url":"https://github.com/JuliaPOMDP/ARDESPOT.jl","homepage":null,"size":253,"stargazers_count":6,"watchers_count":6,"language":"Julia","has_issues":true,"has_projects":true,"has_downloads":true,"has_wiki":true,"has_pages":false,"forks_count":5,"mirror_url":null,"archived":false,"disabled":false,"open_issues_count":6,"license":{"key":"other","name":"Other","spdx_id":"NOASSERTION","url":null,"node_id":"MDc6TGljZW5zZTA="},"allow_forking":true,"is_template":false,"web_commit_signoff_required":false,"topics":[],"visibility":"public","forks":5,"open_issues":6,"watchers":6,"default_branch":"master","permissions":{"admin":false,"maintain":false,"push":false,"triage":false,"pull":true},"temp_clone_token":"","organization":{"login":"JuliaPOMDP","id":16347008,"node_id":"MDEyOk9yZ2FuaXphdGlvbjE2MzQ3MDA4","avatar_url":"https://avatars.githubusercontent.com/u/16347008?v=4","gravatar_id":"","url":"https://api.github.com/users/JuliaPOMDP","html_url":"https://github.com/JuliaPOMDP","followers_url":"https://api.github.com/users/JuliaPOMDP/followers","following_url":"https://api.github.com/users/JuliaPOMDP/following{/other_user}","gists_url":"https://api.github.com/users/JuliaPOMDP/gists{/gist_id}","starred_url":"https://api.github.com/users/JuliaPOMDP/starred{/owner}{/repo}","subscriptions_url":"https://api.github.com/users/JuliaPOMDP/subscriptions","organizations_url":"https://api.github.com/users/JuliaPOMDP/orgs","repos_url":"https://api.github.com/users/JuliaPOMDP/repos","events_url":"https://api.github.com/users/JuliaPOMDP/events{/privacy}","received_events_url":"https://api.github.com/users/JuliaPOMDP/received_events","type":"Organization","site_admin":false},"network_count":5,"subscribers_count":2}