{"id":142624742,"node_id":"MDEwOlJlcG9zaXRvcnkxNDI2MjQ3NDI=","name":"AIControl.jl","full_name":"suinleelab/AIControl.jl","private":false,"owner":{"login":"suinleelab","id":35750318,"node_id":"MDEyOk9yZ2FuaXphdGlvbjM1NzUwMzE4","avatar_url":"https://avatars.githubusercontent.com/u/35750318?v=4","gravatar_id":"","url":"https://api.github.com/users/suinleelab","html_url":"https://github.com/suinleelab","followers_url":"https://api.github.com/users/suinleelab/followers","following_url":"https://api.github.com/users/suinleelab/following{/other_user}","gists_url":"https://api.github.com/users/suinleelab/gists{/gist_id}","starred_url":"https://api.github.com/users/suinleelab/starred{/owner}{/repo}","subscriptions_url":"https://api.github.com/users/suinleelab/subscriptions","organizations_url":"https://api.github.com/users/suinleelab/orgs","repos_url":"https://api.github.com/users/suinleelab/repos","events_url":"https://api.github.com/users/suinleelab/events{/privacy}","received_events_url":"https://api.github.com/users/suinleelab/received_events","type":"Organization","site_admin":false},"html_url":"https://github.com/suinleelab/AIControl.jl","description":"Implementation of the AIControl paper in Julia 1.0","fork":false,"url":"https://api.github.com/repos/suinleelab/AIControl.jl","forks_url":"https://api.github.com/repos/suinleelab/AIControl.jl/forks","keys_url":"https://api.github.com/repos/suinleelab/AIControl.jl/keys{/key_id}","collaborators_url":"https://api.github.com/repos/suinleelab/AIControl.jl/collaborators{/collaborator}","teams_url":"https://api.github.com/repos/suinleelab/AIControl.jl/teams","hooks_url":"https://api.github.com/repos/suinleelab/AIControl.jl/hooks","issue_events_url":"https://api.github.com/repos/suinleelab/AIControl.jl/issues/events{/number}","events_url":"https://api.github.com/repos/suinleelab/AIControl.jl/events","assignees_url":"https://api.github.com/repos/suinleelab/AIControl.jl/assignees{/user}","branches_url":"https://api.github.com/repos/suinleelab/AIControl.jl/branches{/branch}","tags_url":"https://api.github.com/repos/suinleelab/AIControl.jl/tags","blobs_url":"https://api.github.com/repos/suinleelab/AIControl.jl/git/blobs{/sha}","git_tags_url":"https://api.github.com/repos/suinleelab/AIControl.jl/git/tags{/sha}","git_refs_url":"https://api.github.com/repos/suinleelab/AIControl.jl/git/refs{/sha}","trees_url":"https://api.github.com/repos/suinleelab/AIControl.jl/git/trees{/sha}","statuses_url":"https://api.github.com/repos/suinleelab/AIControl.jl/statuses/{sha}","languages_url":"https://api.github.com/repos/suinleelab/AIControl.jl/languages","stargazers_url":"https://api.github.com/repos/suinleelab/AIControl.jl/stargazers","contributors_url":"https://api.github.com/repos/suinleelab/AIControl.jl/contributors","subscribers_url":"https://api.github.com/repos/suinleelab/AIControl.jl/subscribers","subscription_url":"https://api.github.com/repos/suinleelab/AIControl.jl/subscription","commits_url":"https://api.github.com/repos/suinleelab/AIControl.jl/commits{/sha}","git_commits_url":"https://api.github.com/repos/suinleelab/AIControl.jl/git/commits{/sha}","comments_url":"https://api.github.com/repos/suinleelab/AIControl.jl/comments{/number}","issue_comment_url":"https://api.github.com/repos/suinleelab/AIControl.jl/issues/comments{/number}","contents_url":"https://api.github.com/repos/suinleelab/AIControl.jl/contents/{+path}","compare_url":"https://api.github.com/repos/suinleelab/AIControl.jl/compare/{base}...{head}","merges_url":"https://api.github.com/repos/suinleelab/AIControl.jl/merges","archive_url":"https://api.github.com/repos/suinleelab/AIControl.jl/{archive_format}{/ref}","downloads_url":"https://api.github.com/repos/suinleelab/AIControl.jl/downloads","issues_url":"https://api.github.com/repos/suinleelab/AIControl.jl/issues{/number}","pulls_url":"https://api.github.com/repos/suinleelab/AIControl.jl/pulls{/number}","milestones_url":"https://api.github.com/repos/suinleelab/AIControl.jl/milestones{/number}","notifications_url":"https://api.github.com/repos/suinleelab/AIControl.jl/notifications{?since,all,participating}","labels_url":"https://api.github.com/repos/suinleelab/AIControl.jl/labels{/name}","releases_url":"https://api.github.com/repos/suinleelab/AIControl.jl/releases{/id}","deployments_url":"https://api.github.com/repos/suinleelab/AIControl.jl/deployments","created_at":"2018-07-27T21:23:26Z","updated_at":"2022-05-28T18:20:23Z","pushed_at":"2019-03-04T23:05:50Z","git_url":"git://github.com/suinleelab/AIControl.jl.git","ssh_url":"git@github.com:suinleelab/AIControl.jl.git","clone_url":"https://github.com/suinleelab/AIControl.jl.git","svn_url":"https://github.com/suinleelab/AIControl.jl","homepage":"","size":7172,"stargazers_count":15,"watchers_count":15,"language":"Julia","has_issues":true,"has_projects":true,"has_downloads":true,"has_wiki":true,"has_pages":false,"forks_count":4,"mirror_url":null,"archived":false,"disabled":false,"open_issues_count":2,"license":{"key":"mit","name":"MIT License","spdx_id":"MIT","url":"https://api.github.com/licenses/mit","node_id":"MDc6TGljZW5zZTEz"},"allow_forking":true,"is_template":false,"web_commit_signoff_required":false,"topics":[],"visibility":"public","forks":4,"open_issues":2,"watchers":15,"default_branch":"master","permissions":{"admin":false,"maintain":false,"push":false,"triage":false,"pull":true},"temp_clone_token":"","organization":{"login":"suinleelab","id":35750318,"node_id":"MDEyOk9yZ2FuaXphdGlvbjM1NzUwMzE4","avatar_url":"https://avatars.githubusercontent.com/u/35750318?v=4","gravatar_id":"","url":"https://api.github.com/users/suinleelab","html_url":"https://github.com/suinleelab","followers_url":"https://api.github.com/users/suinleelab/followers","following_url":"https://api.github.com/users/suinleelab/following{/other_user}","gists_url":"https://api.github.com/users/suinleelab/gists{/gist_id}","starred_url":"https://api.github.com/users/suinleelab/starred{/owner}{/repo}","subscriptions_url":"https://api.github.com/users/suinleelab/subscriptions","organizations_url":"https://api.github.com/users/suinleelab/orgs","repos_url":"https://api.github.com/users/suinleelab/repos","events_url":"https://api.github.com/users/suinleelab/events{/privacy}","received_events_url":"https://api.github.com/users/suinleelab/received_events","type":"Organization","site_admin":false},"network_count":4,"subscribers_count":2}