{"id":329360918,"node_id":"MDEwOlJlcG9zaXRvcnkzMjkzNjA5MTg=","name":"AlgamesDriving.jl","full_name":"simon-lc/AlgamesDriving.jl","private":false,"owner":{"login":"simon-lc","id":39047348,"node_id":"MDQ6VXNlcjM5MDQ3MzQ4","avatar_url":"https://avatars.githubusercontent.com/u/39047348?v=4","gravatar_id":"","url":"https://api.github.com/users/simon-lc","html_url":"https://github.com/simon-lc","followers_url":"https://api.github.com/users/simon-lc/followers","following_url":"https://api.github.com/users/simon-lc/following{/other_user}","gists_url":"https://api.github.com/users/simon-lc/gists{/gist_id}","starred_url":"https://api.github.com/users/simon-lc/starred{/owner}{/repo}","subscriptions_url":"https://api.github.com/users/simon-lc/subscriptions","organizations_url":"https://api.github.com/users/simon-lc/orgs","repos_url":"https://api.github.com/users/simon-lc/repos","events_url":"https://api.github.com/users/simon-lc/events{/privacy}","received_events_url":"https://api.github.com/users/simon-lc/received_events","type":"User","site_admin":false},"html_url":"https://github.com/simon-lc/AlgamesDriving.jl","description":"A set of tools to quickly generate and visualize autonomous driving scenarios for Algames.jl.","fork":false,"url":"https://api.github.com/repos/simon-lc/AlgamesDriving.jl","forks_url":"https://api.github.com/repos/simon-lc/AlgamesDriving.jl/forks","keys_url":"https://api.github.com/repos/simon-lc/AlgamesDriving.jl/keys{/key_id}","collaborators_url":"https://api.github.com/repos/simon-lc/AlgamesDriving.jl/collaborators{/collaborator}","teams_url":"https://api.github.com/repos/simon-lc/AlgamesDriving.jl/teams","hooks_url":"https://api.github.com/repos/simon-lc/AlgamesDriving.jl/hooks","issue_events_url":"https://api.github.com/repos/simon-lc/AlgamesDriving.jl/issues/events{/number}","events_url":"https://api.github.com/repos/simon-lc/AlgamesDriving.jl/events","assignees_url":"https://api.github.com/repos/simon-lc/AlgamesDriving.jl/assignees{/user}","branches_url":"https://api.github.com/repos/simon-lc/AlgamesDriving.jl/branches{/branch}","tags_url":"https://api.github.com/repos/simon-lc/AlgamesDriving.jl/tags","blobs_url":"https://api.github.com/repos/simon-lc/AlgamesDriving.jl/git/blobs{/sha}","git_tags_url":"https://api.github.com/repos/simon-lc/AlgamesDriving.jl/git/tags{/sha}","git_refs_url":"https://api.github.com/repos/simon-lc/AlgamesDriving.jl/git/refs{/sha}","trees_url":"https://api.github.com/repos/simon-lc/AlgamesDriving.jl/git/trees{/sha}","statuses_url":"https://api.github.com/repos/simon-lc/AlgamesDriving.jl/statuses/{sha}","languages_url":"https://api.github.com/repos/simon-lc/AlgamesDriving.jl/languages","stargazers_url":"https://api.github.com/repos/simon-lc/AlgamesDriving.jl/stargazers","contributors_url":"https://api.github.com/repos/simon-lc/AlgamesDriving.jl/contributors","subscribers_url":"https://api.github.com/repos/simon-lc/AlgamesDriving.jl/subscribers","subscription_url":"https://api.github.com/repos/simon-lc/AlgamesDriving.jl/subscription","commits_url":"https://api.github.com/repos/simon-lc/AlgamesDriving.jl/commits{/sha}","git_commits_url":"https://api.github.com/repos/simon-lc/AlgamesDriving.jl/git/commits{/sha}","comments_url":"https://api.github.com/repos/simon-lc/AlgamesDriving.jl/comments{/number}","issue_comment_url":"https://api.github.com/repos/simon-lc/AlgamesDriving.jl/issues/comments{/number}","contents_url":"https://api.github.com/repos/simon-lc/AlgamesDriving.jl/contents/{+path}","compare_url":"https://api.github.com/repos/simon-lc/AlgamesDriving.jl/compare/{base}...{head}","merges_url":"https://api.github.com/repos/simon-lc/AlgamesDriving.jl/merges","archive_url":"https://api.github.com/repos/simon-lc/AlgamesDriving.jl/{archive_format}{/ref}","downloads_url":"https://api.github.com/repos/simon-lc/AlgamesDriving.jl/downloads","issues_url":"https://api.github.com/repos/simon-lc/AlgamesDriving.jl/issues{/number}","pulls_url":"https://api.github.com/repos/simon-lc/AlgamesDriving.jl/pulls{/number}","milestones_url":"https://api.github.com/repos/simon-lc/AlgamesDriving.jl/milestones{/number}","notifications_url":"https://api.github.com/repos/simon-lc/AlgamesDriving.jl/notifications{?since,all,participating}","labels_url":"https://api.github.com/repos/simon-lc/AlgamesDriving.jl/labels{/name}","releases_url":"https://api.github.com/repos/simon-lc/AlgamesDriving.jl/releases{/id}","deployments_url":"https://api.github.com/repos/simon-lc/AlgamesDriving.jl/deployments","created_at":"2021-01-13T16:06:38Z","updated_at":"2022-06-10T09:13:17Z","pushed_at":"2021-08-30T13:19:19Z","git_url":"git://github.com/simon-lc/AlgamesDriving.jl.git","ssh_url":"git@github.com:simon-lc/AlgamesDriving.jl.git","clone_url":"https://github.com/simon-lc/AlgamesDriving.jl.git","svn_url":"https://github.com/simon-lc/AlgamesDriving.jl","homepage":"","size":8855,"stargazers_count":8,"watchers_count":8,"language":"Julia","has_issues":true,"has_projects":true,"has_downloads":true,"has_wiki":true,"has_pages":true,"forks_count":5,"mirror_url":null,"archived":false,"disabled":false,"open_issues_count":8,"license":{"key":"mit","name":"MIT License","spdx_id":"MIT","url":"https://api.github.com/licenses/mit","node_id":"MDc6TGljZW5zZTEz"},"allow_forking":true,"is_template":false,"web_commit_signoff_required":false,"topics":[],"visibility":"public","forks":5,"open_issues":8,"watchers":8,"default_branch":"master","permissions":{"admin":false,"maintain":false,"push":false,"triage":false,"pull":true},"temp_clone_token":"","network_count":5,"subscribers_count":1}