{"id":290573545,"node_id":"MDEwOlJlcG9zaXRvcnkyOTA1NzM1NDU=","name":"AbstractStorage.jl","full_name":"ChevronETC/AbstractStorage.jl","private":false,"owner":{"login":"ChevronETC","id":25985479,"node_id":"MDEyOk9yZ2FuaXphdGlvbjI1OTg1NDc5","avatar_url":"https://avatars.githubusercontent.com/u/25985479?v=4","gravatar_id":"","url":"https://api.github.com/users/ChevronETC","html_url":"https://github.com/ChevronETC","followers_url":"https://api.github.com/users/ChevronETC/followers","following_url":"https://api.github.com/users/ChevronETC/following{/other_user}","gists_url":"https://api.github.com/users/ChevronETC/gists{/gist_id}","starred_url":"https://api.github.com/users/ChevronETC/starred{/owner}{/repo}","subscriptions_url":"https://api.github.com/users/ChevronETC/subscriptions","organizations_url":"https://api.github.com/users/ChevronETC/orgs","repos_url":"https://api.github.com/users/ChevronETC/repos","events_url":"https://api.github.com/users/ChevronETC/events{/privacy}","received_events_url":"https://api.github.com/users/ChevronETC/received_events","type":"Organization","site_admin":false},"html_url":"https://github.com/ChevronETC/AbstractStorage.jl","description":"Abstract Interface for use with Storage based objects. Part of the COFII framework.","fork":false,"url":"https://api.github.com/repos/ChevronETC/AbstractStorage.jl","forks_url":"https://api.github.com/repos/ChevronETC/AbstractStorage.jl/forks","keys_url":"https://api.github.com/repos/ChevronETC/AbstractStorage.jl/keys{/key_id}","collaborators_url":"https://api.github.com/repos/ChevronETC/AbstractStorage.jl/collaborators{/collaborator}","teams_url":"https://api.github.com/repos/ChevronETC/AbstractStorage.jl/teams","hooks_url":"https://api.github.com/repos/ChevronETC/AbstractStorage.jl/hooks","issue_events_url":"https://api.github.com/repos/ChevronETC/AbstractStorage.jl/issues/events{/number}","events_url":"https://api.github.com/repos/ChevronETC/AbstractStorage.jl/events","assignees_url":"https://api.github.com/repos/ChevronETC/AbstractStorage.jl/assignees{/user}","branches_url":"https://api.github.com/repos/ChevronETC/AbstractStorage.jl/branches{/branch}","tags_url":"https://api.github.com/repos/ChevronETC/AbstractStorage.jl/tags","blobs_url":"https://api.github.com/repos/ChevronETC/AbstractStorage.jl/git/blobs{/sha}","git_tags_url":"https://api.github.com/repos/ChevronETC/AbstractStorage.jl/git/tags{/sha}","git_refs_url":"https://api.github.com/repos/ChevronETC/AbstractStorage.jl/git/refs{/sha}","trees_url":"https://api.github.com/repos/ChevronETC/AbstractStorage.jl/git/trees{/sha}","statuses_url":"https://api.github.com/repos/ChevronETC/AbstractStorage.jl/statuses/{sha}","languages_url":"https://api.github.com/repos/ChevronETC/AbstractStorage.jl/languages","stargazers_url":"https://api.github.com/repos/ChevronETC/AbstractStorage.jl/stargazers","contributors_url":"https://api.github.com/repos/ChevronETC/AbstractStorage.jl/contributors","subscribers_url":"https://api.github.com/repos/ChevronETC/AbstractStorage.jl/subscribers","subscription_url":"https://api.github.com/repos/ChevronETC/AbstractStorage.jl/subscription","commits_url":"https://api.github.com/repos/ChevronETC/AbstractStorage.jl/commits{/sha}","git_commits_url":"https://api.github.com/repos/ChevronETC/AbstractStorage.jl/git/commits{/sha}","comments_url":"https://api.github.com/repos/ChevronETC/AbstractStorage.jl/comments{/number}","issue_comment_url":"https://api.github.com/repos/ChevronETC/AbstractStorage.jl/issues/comments{/number}","contents_url":"https://api.github.com/repos/ChevronETC/AbstractStorage.jl/contents/{+path}","compare_url":"https://api.github.com/repos/ChevronETC/AbstractStorage.jl/compare/{base}...{head}","merges_url":"https://api.github.com/repos/ChevronETC/AbstractStorage.jl/merges","archive_url":"https://api.github.com/repos/ChevronETC/AbstractStorage.jl/{archive_format}{/ref}","downloads_url":"https://api.github.com/repos/ChevronETC/AbstractStorage.jl/downloads","issues_url":"https://api.github.com/repos/ChevronETC/AbstractStorage.jl/issues{/number}","pulls_url":"https://api.github.com/repos/ChevronETC/AbstractStorage.jl/pulls{/number}","milestones_url":"https://api.github.com/repos/ChevronETC/AbstractStorage.jl/milestones{/number}","notifications_url":"https://api.github.com/repos/ChevronETC/AbstractStorage.jl/notifications{?since,all,participating}","labels_url":"https://api.github.com/repos/ChevronETC/AbstractStorage.jl/labels{/name}","releases_url":"https://api.github.com/repos/ChevronETC/AbstractStorage.jl/releases{/id}","deployments_url":"https://api.github.com/repos/ChevronETC/AbstractStorage.jl/deployments","created_at":"2020-08-26T18:24:10Z","updated_at":"2021-12-01T12:56:15Z","pushed_at":"2021-12-01T12:57:23Z","git_url":"git://github.com/ChevronETC/AbstractStorage.jl.git","ssh_url":"git@github.com:ChevronETC/AbstractStorage.jl.git","clone_url":"https://github.com/ChevronETC/AbstractStorage.jl.git","svn_url":"https://github.com/ChevronETC/AbstractStorage.jl","homepage":"","size":142,"stargazers_count":0,"watchers_count":0,"language":"Julia","has_issues":true,"has_projects":true,"has_downloads":true,"has_wiki":true,"has_pages":true,"forks_count":0,"mirror_url":null,"archived":false,"disabled":false,"open_issues_count":0,"license":{"key":"other","name":"Other","spdx_id":"NOASSERTION","url":null,"node_id":"MDc6TGljZW5zZTA="},"allow_forking":true,"is_template":false,"web_commit_signoff_required":false,"topics":["julia"],"visibility":"public","forks":0,"open_issues":0,"watchers":0,"default_branch":"master","permissions":{"admin":false,"maintain":false,"push":false,"triage":false,"pull":true},"temp_clone_token":"","organization":{"login":"ChevronETC","id":25985479,"node_id":"MDEyOk9yZ2FuaXphdGlvbjI1OTg1NDc5","avatar_url":"https://avatars.githubusercontent.com/u/25985479?v=4","gravatar_id":"","url":"https://api.github.com/users/ChevronETC","html_url":"https://github.com/ChevronETC","followers_url":"https://api.github.com/users/ChevronETC/followers","following_url":"https://api.github.com/users/ChevronETC/following{/other_user}","gists_url":"https://api.github.com/users/ChevronETC/gists{/gist_id}","starred_url":"https://api.github.com/users/ChevronETC/starred{/owner}{/repo}","subscriptions_url":"https://api.github.com/users/ChevronETC/subscriptions","organizations_url":"https://api.github.com/users/ChevronETC/orgs","repos_url":"https://api.github.com/users/ChevronETC/repos","events_url":"https://api.github.com/users/ChevronETC/events{/privacy}","received_events_url":"https://api.github.com/users/ChevronETC/received_events","type":"Organization","site_admin":false},"network_count":0,"subscribers_count":7}