{"id":71490614,"node_id":"MDEwOlJlcG9zaXRvcnk3MTQ5MDYxNA==","name":"Alpine.jl","full_name":"lanl-ansi/Alpine.jl","private":false,"owner":{"login":"lanl-ansi","id":17053288,"node_id":"MDEyOk9yZ2FuaXphdGlvbjE3MDUzMjg4","avatar_url":"https://avatars.githubusercontent.com/u/17053288?v=4","gravatar_id":"","url":"https://api.github.com/users/lanl-ansi","html_url":"https://github.com/lanl-ansi","followers_url":"https://api.github.com/users/lanl-ansi/followers","following_url":"https://api.github.com/users/lanl-ansi/following{/other_user}","gists_url":"https://api.github.com/users/lanl-ansi/gists{/gist_id}","starred_url":"https://api.github.com/users/lanl-ansi/starred{/owner}{/repo}","subscriptions_url":"https://api.github.com/users/lanl-ansi/subscriptions","organizations_url":"https://api.github.com/users/lanl-ansi/orgs","repos_url":"https://api.github.com/users/lanl-ansi/repos","events_url":"https://api.github.com/users/lanl-ansi/events{/privacy}","received_events_url":"https://api.github.com/users/lanl-ansi/received_events","type":"Organization","site_admin":false},"html_url":"https://github.com/lanl-ansi/Alpine.jl","description":"A Julia/JuMP-based Global Optimization Solver for Non-convex Programs","fork":false,"url":"https://api.github.com/repos/lanl-ansi/Alpine.jl","forks_url":"https://api.github.com/repos/lanl-ansi/Alpine.jl/forks","keys_url":"https://api.github.com/repos/lanl-ansi/Alpine.jl/keys{/key_id}","collaborators_url":"https://api.github.com/repos/lanl-ansi/Alpine.jl/collaborators{/collaborator}","teams_url":"https://api.github.com/repos/lanl-ansi/Alpine.jl/teams","hooks_url":"https://api.github.com/repos/lanl-ansi/Alpine.jl/hooks","issue_events_url":"https://api.github.com/repos/lanl-ansi/Alpine.jl/issues/events{/number}","events_url":"https://api.github.com/repos/lanl-ansi/Alpine.jl/events","assignees_url":"https://api.github.com/repos/lanl-ansi/Alpine.jl/assignees{/user}","branches_url":"https://api.github.com/repos/lanl-ansi/Alpine.jl/branches{/branch}","tags_url":"https://api.github.com/repos/lanl-ansi/Alpine.jl/tags","blobs_url":"https://api.github.com/repos/lanl-ansi/Alpine.jl/git/blobs{/sha}","git_tags_url":"https://api.github.com/repos/lanl-ansi/Alpine.jl/git/tags{/sha}","git_refs_url":"https://api.github.com/repos/lanl-ansi/Alpine.jl/git/refs{/sha}","trees_url":"https://api.github.com/repos/lanl-ansi/Alpine.jl/git/trees{/sha}","statuses_url":"https://api.github.com/repos/lanl-ansi/Alpine.jl/statuses/{sha}","languages_url":"https://api.github.com/repos/lanl-ansi/Alpine.jl/languages","stargazers_url":"https://api.github.com/repos/lanl-ansi/Alpine.jl/stargazers","contributors_url":"https://api.github.com/repos/lanl-ansi/Alpine.jl/contributors","subscribers_url":"https://api.github.com/repos/lanl-ansi/Alpine.jl/subscribers","subscription_url":"https://api.github.com/repos/lanl-ansi/Alpine.jl/subscription","commits_url":"https://api.github.com/repos/lanl-ansi/Alpine.jl/commits{/sha}","git_commits_url":"https://api.github.com/repos/lanl-ansi/Alpine.jl/git/commits{/sha}","comments_url":"https://api.github.com/repos/lanl-ansi/Alpine.jl/comments{/number}","issue_comment_url":"https://api.github.com/repos/lanl-ansi/Alpine.jl/issues/comments{/number}","contents_url":"https://api.github.com/repos/lanl-ansi/Alpine.jl/contents/{+path}","compare_url":"https://api.github.com/repos/lanl-ansi/Alpine.jl/compare/{base}...{head}","merges_url":"https://api.github.com/repos/lanl-ansi/Alpine.jl/merges","archive_url":"https://api.github.com/repos/lanl-ansi/Alpine.jl/{archive_format}{/ref}","downloads_url":"https://api.github.com/repos/lanl-ansi/Alpine.jl/downloads","issues_url":"https://api.github.com/repos/lanl-ansi/Alpine.jl/issues{/number}","pulls_url":"https://api.github.com/repos/lanl-ansi/Alpine.jl/pulls{/number}","milestones_url":"https://api.github.com/repos/lanl-ansi/Alpine.jl/milestones{/number}","notifications_url":"https://api.github.com/repos/lanl-ansi/Alpine.jl/notifications{?since,all,participating}","labels_url":"https://api.github.com/repos/lanl-ansi/Alpine.jl/labels{/name}","releases_url":"https://api.github.com/repos/lanl-ansi/Alpine.jl/releases{/id}","deployments_url":"https://api.github.com/repos/lanl-ansi/Alpine.jl/deployments","created_at":"2016-10-20T18:08:33Z","updated_at":"2022-06-14T19:58:41Z","pushed_at":"2022-06-02T04:28:52Z","git_url":"git://github.com/lanl-ansi/Alpine.jl.git","ssh_url":"git@github.com:lanl-ansi/Alpine.jl.git","clone_url":"https://github.com/lanl-ansi/Alpine.jl.git","svn_url":"https://github.com/lanl-ansi/Alpine.jl","homepage":"https://lanl-ansi.github.io/Alpine.jl/latest/","size":4768,"stargazers_count":171,"watchers_count":171,"language":"Julia","has_issues":true,"has_projects":true,"has_downloads":true,"has_wiki":false,"has_pages":true,"forks_count":35,"mirror_url":null,"archived":false,"disabled":false,"open_issues_count":10,"license":{"key":"other","name":"Other","spdx_id":"NOASSERTION","url":null,"node_id":"MDc6TGljZW5zZTA="},"allow_forking":true,"is_template":false,"web_commit_signoff_required":false,"topics":["global-optimization","julia-language","minlp","minlp-solver","mixed-integer-programming","nonlinear-optimization","optimization"],"visibility":"public","forks":35,"open_issues":10,"watchers":171,"default_branch":"master","permissions":{"admin":false,"maintain":false,"push":false,"triage":false,"pull":true},"temp_clone_token":"","organization":{"login":"lanl-ansi","id":17053288,"node_id":"MDEyOk9yZ2FuaXphdGlvbjE3MDUzMjg4","avatar_url":"https://avatars.githubusercontent.com/u/17053288?v=4","gravatar_id":"","url":"https://api.github.com/users/lanl-ansi","html_url":"https://github.com/lanl-ansi","followers_url":"https://api.github.com/users/lanl-ansi/followers","following_url":"https://api.github.com/users/lanl-ansi/following{/other_user}","gists_url":"https://api.github.com/users/lanl-ansi/gists{/gist_id}","starred_url":"https://api.github.com/users/lanl-ansi/starred{/owner}{/repo}","subscriptions_url":"https://api.github.com/users/lanl-ansi/subscriptions","organizations_url":"https://api.github.com/users/lanl-ansi/orgs","repos_url":"https://api.github.com/users/lanl-ansi/repos","events_url":"https://api.github.com/users/lanl-ansi/events{/privacy}","received_events_url":"https://api.github.com/users/lanl-ansi/received_events","type":"Organization","site_admin":false},"network_count":35,"subscribers_count":23}