{"id":183974658,"node_id":"MDEwOlJlcG9zaXRvcnkxODM5NzQ2NTg=","name":"ApplicationBuilderAppUtils.jl","full_name":"NHDaly/ApplicationBuilderAppUtils.jl","private":false,"owner":{"login":"NHDaly","id":1582097,"node_id":"MDQ6VXNlcjE1ODIwOTc=","avatar_url":"https://avatars.githubusercontent.com/u/1582097?v=4","gravatar_id":"","url":"https://api.github.com/users/NHDaly","html_url":"https://github.com/NHDaly","followers_url":"https://api.github.com/users/NHDaly/followers","following_url":"https://api.github.com/users/NHDaly/following{/other_user}","gists_url":"https://api.github.com/users/NHDaly/gists{/gist_id}","starred_url":"https://api.github.com/users/NHDaly/starred{/owner}{/repo}","subscriptions_url":"https://api.github.com/users/NHDaly/subscriptions","organizations_url":"https://api.github.com/users/NHDaly/orgs","repos_url":"https://api.github.com/users/NHDaly/repos","events_url":"https://api.github.com/users/NHDaly/events{/privacy}","received_events_url":"https://api.github.com/users/NHDaly/received_events","type":"User","site_admin":false},"html_url":"https://github.com/NHDaly/ApplicationBuilderAppUtils.jl","description":null,"fork":false,"url":"https://api.github.com/repos/NHDaly/ApplicationBuilderAppUtils.jl","forks_url":"https://api.github.com/repos/NHDaly/ApplicationBuilderAppUtils.jl/forks","keys_url":"https://api.github.com/repos/NHDaly/ApplicationBuilderAppUtils.jl/keys{/key_id}","collaborators_url":"https://api.github.com/repos/NHDaly/ApplicationBuilderAppUtils.jl/collaborators{/collaborator}","teams_url":"https://api.github.com/repos/NHDaly/ApplicationBuilderAppUtils.jl/teams","hooks_url":"https://api.github.com/repos/NHDaly/ApplicationBuilderAppUtils.jl/hooks","issue_events_url":"https://api.github.com/repos/NHDaly/ApplicationBuilderAppUtils.jl/issues/events{/number}","events_url":"https://api.github.com/repos/NHDaly/ApplicationBuilderAppUtils.jl/events","assignees_url":"https://api.github.com/repos/NHDaly/ApplicationBuilderAppUtils.jl/assignees{/user}","branches_url":"https://api.github.com/repos/NHDaly/ApplicationBuilderAppUtils.jl/branches{/branch}","tags_url":"https://api.github.com/repos/NHDaly/ApplicationBuilderAppUtils.jl/tags","blobs_url":"https://api.github.com/repos/NHDaly/ApplicationBuilderAppUtils.jl/git/blobs{/sha}","git_tags_url":"https://api.github.com/repos/NHDaly/ApplicationBuilderAppUtils.jl/git/tags{/sha}","git_refs_url":"https://api.github.com/repos/NHDaly/ApplicationBuilderAppUtils.jl/git/refs{/sha}","trees_url":"https://api.github.com/repos/NHDaly/ApplicationBuilderAppUtils.jl/git/trees{/sha}","statuses_url":"https://api.github.com/repos/NHDaly/ApplicationBuilderAppUtils.jl/statuses/{sha}","languages_url":"https://api.github.com/repos/NHDaly/ApplicationBuilderAppUtils.jl/languages","stargazers_url":"https://api.github.com/repos/NHDaly/ApplicationBuilderAppUtils.jl/stargazers","contributors_url":"https://api.github.com/repos/NHDaly/ApplicationBuilderAppUtils.jl/contributors","subscribers_url":"https://api.github.com/repos/NHDaly/ApplicationBuilderAppUtils.jl/subscribers","subscription_url":"https://api.github.com/repos/NHDaly/ApplicationBuilderAppUtils.jl/subscription","commits_url":"https://api.github.com/repos/NHDaly/ApplicationBuilderAppUtils.jl/commits{/sha}","git_commits_url":"https://api.github.com/repos/NHDaly/ApplicationBuilderAppUtils.jl/git/commits{/sha}","comments_url":"https://api.github.com/repos/NHDaly/ApplicationBuilderAppUtils.jl/comments{/number}","issue_comment_url":"https://api.github.com/repos/NHDaly/ApplicationBuilderAppUtils.jl/issues/comments{/number}","contents_url":"https://api.github.com/repos/NHDaly/ApplicationBuilderAppUtils.jl/contents/{+path}","compare_url":"https://api.github.com/repos/NHDaly/ApplicationBuilderAppUtils.jl/compare/{base}...{head}","merges_url":"https://api.github.com/repos/NHDaly/ApplicationBuilderAppUtils.jl/merges","archive_url":"https://api.github.com/repos/NHDaly/ApplicationBuilderAppUtils.jl/{archive_format}{/ref}","downloads_url":"https://api.github.com/repos/NHDaly/ApplicationBuilderAppUtils.jl/downloads","issues_url":"https://api.github.com/repos/NHDaly/ApplicationBuilderAppUtils.jl/issues{/number}","pulls_url":"https://api.github.com/repos/NHDaly/ApplicationBuilderAppUtils.jl/pulls{/number}","milestones_url":"https://api.github.com/repos/NHDaly/ApplicationBuilderAppUtils.jl/milestones{/number}","notifications_url":"https://api.github.com/repos/NHDaly/ApplicationBuilderAppUtils.jl/notifications{?since,all,participating}","labels_url":"https://api.github.com/repos/NHDaly/ApplicationBuilderAppUtils.jl/labels{/name}","releases_url":"https://api.github.com/repos/NHDaly/ApplicationBuilderAppUtils.jl/releases{/id}","deployments_url":"https://api.github.com/repos/NHDaly/ApplicationBuilderAppUtils.jl/deployments","created_at":"2019-04-29T00:39:02Z","updated_at":"2020-02-10T21:33:51Z","pushed_at":"2020-02-10T21:33:48Z","git_url":"git://github.com/NHDaly/ApplicationBuilderAppUtils.jl.git","ssh_url":"git@github.com:NHDaly/ApplicationBuilderAppUtils.jl.git","clone_url":"https://github.com/NHDaly/ApplicationBuilderAppUtils.jl.git","svn_url":"https://github.com/NHDaly/ApplicationBuilderAppUtils.jl","homepage":"","size":11,"stargazers_count":0,"watchers_count":0,"language":"Julia","has_issues":true,"has_projects":true,"has_downloads":true,"has_wiki":true,"has_pages":false,"forks_count":1,"mirror_url":null,"archived":false,"disabled":false,"open_issues_count":1,"license":null,"allow_forking":true,"is_template":false,"web_commit_signoff_required":false,"topics":[],"visibility":"public","forks":1,"open_issues":1,"watchers":0,"default_branch":"master","permissions":{"admin":false,"maintain":false,"push":false,"triage":false,"pull":true},"temp_clone_token":"","network_count":1,"subscribers_count":2}