{"id":304186191,"node_id":"MDEwOlJlcG9zaXRvcnkzMDQxODYxOTE=","name":"ANSIColoredPrinters.jl","full_name":"JuliaDocs/ANSIColoredPrinters.jl","private":false,"owner":{"login":"JuliaDocs","id":19620248,"node_id":"MDEyOk9yZ2FuaXphdGlvbjE5NjIwMjQ4","avatar_url":"https://avatars.githubusercontent.com/u/19620248?v=4","gravatar_id":"","url":"https://api.github.com/users/JuliaDocs","html_url":"https://github.com/JuliaDocs","followers_url":"https://api.github.com/users/JuliaDocs/followers","following_url":"https://api.github.com/users/JuliaDocs/following{/other_user}","gists_url":"https://api.github.com/users/JuliaDocs/gists{/gist_id}","starred_url":"https://api.github.com/users/JuliaDocs/starred{/owner}{/repo}","subscriptions_url":"https://api.github.com/users/JuliaDocs/subscriptions","organizations_url":"https://api.github.com/users/JuliaDocs/orgs","repos_url":"https://api.github.com/users/JuliaDocs/repos","events_url":"https://api.github.com/users/JuliaDocs/events{/privacy}","received_events_url":"https://api.github.com/users/JuliaDocs/received_events","type":"Organization","site_admin":false},"html_url":"https://github.com/JuliaDocs/ANSIColoredPrinters.jl","description":"ANSI escape code translator","fork":false,"url":"https://api.github.com/repos/JuliaDocs/ANSIColoredPrinters.jl","forks_url":"https://api.github.com/repos/JuliaDocs/ANSIColoredPrinters.jl/forks","keys_url":"https://api.github.com/repos/JuliaDocs/ANSIColoredPrinters.jl/keys{/key_id}","collaborators_url":"https://api.github.com/repos/JuliaDocs/ANSIColoredPrinters.jl/collaborators{/collaborator}","teams_url":"https://api.github.com/repos/JuliaDocs/ANSIColoredPrinters.jl/teams","hooks_url":"https://api.github.com/repos/JuliaDocs/ANSIColoredPrinters.jl/hooks","issue_events_url":"https://api.github.com/repos/JuliaDocs/ANSIColoredPrinters.jl/issues/events{/number}","events_url":"https://api.github.com/repos/JuliaDocs/ANSIColoredPrinters.jl/events","assignees_url":"https://api.github.com/repos/JuliaDocs/ANSIColoredPrinters.jl/assignees{/user}","branches_url":"https://api.github.com/repos/JuliaDocs/ANSIColoredPrinters.jl/branches{/branch}","tags_url":"https://api.github.com/repos/JuliaDocs/ANSIColoredPrinters.jl/tags","blobs_url":"https://api.github.com/repos/JuliaDocs/ANSIColoredPrinters.jl/git/blobs{/sha}","git_tags_url":"https://api.github.com/repos/JuliaDocs/ANSIColoredPrinters.jl/git/tags{/sha}","git_refs_url":"https://api.github.com/repos/JuliaDocs/ANSIColoredPrinters.jl/git/refs{/sha}","trees_url":"https://api.github.com/repos/JuliaDocs/ANSIColoredPrinters.jl/git/trees{/sha}","statuses_url":"https://api.github.com/repos/JuliaDocs/ANSIColoredPrinters.jl/statuses/{sha}","languages_url":"https://api.github.com/repos/JuliaDocs/ANSIColoredPrinters.jl/languages","stargazers_url":"https://api.github.com/repos/JuliaDocs/ANSIColoredPrinters.jl/stargazers","contributors_url":"https://api.github.com/repos/JuliaDocs/ANSIColoredPrinters.jl/contributors","subscribers_url":"https://api.github.com/repos/JuliaDocs/ANSIColoredPrinters.jl/subscribers","subscription_url":"https://api.github.com/repos/JuliaDocs/ANSIColoredPrinters.jl/subscription","commits_url":"https://api.github.com/repos/JuliaDocs/ANSIColoredPrinters.jl/commits{/sha}","git_commits_url":"https://api.github.com/repos/JuliaDocs/ANSIColoredPrinters.jl/git/commits{/sha}","comments_url":"https://api.github.com/repos/JuliaDocs/ANSIColoredPrinters.jl/comments{/number}","issue_comment_url":"https://api.github.com/repos/JuliaDocs/ANSIColoredPrinters.jl/issues/comments{/number}","contents_url":"https://api.github.com/repos/JuliaDocs/ANSIColoredPrinters.jl/contents/{+path}","compare_url":"https://api.github.com/repos/JuliaDocs/ANSIColoredPrinters.jl/compare/{base}...{head}","merges_url":"https://api.github.com/repos/JuliaDocs/ANSIColoredPrinters.jl/merges","archive_url":"https://api.github.com/repos/JuliaDocs/ANSIColoredPrinters.jl/{archive_format}{/ref}","downloads_url":"https://api.github.com/repos/JuliaDocs/ANSIColoredPrinters.jl/downloads","issues_url":"https://api.github.com/repos/JuliaDocs/ANSIColoredPrinters.jl/issues{/number}","pulls_url":"https://api.github.com/repos/JuliaDocs/ANSIColoredPrinters.jl/pulls{/number}","milestones_url":"https://api.github.com/repos/JuliaDocs/ANSIColoredPrinters.jl/milestones{/number}","notifications_url":"https://api.github.com/repos/JuliaDocs/ANSIColoredPrinters.jl/notifications{?since,all,participating}","labels_url":"https://api.github.com/repos/JuliaDocs/ANSIColoredPrinters.jl/labels{/name}","releases_url":"https://api.github.com/repos/JuliaDocs/ANSIColoredPrinters.jl/releases{/id}","deployments_url":"https://api.github.com/repos/JuliaDocs/ANSIColoredPrinters.jl/deployments","created_at":"2020-10-15T02:18:14Z","updated_at":"2022-06-08T10:47:53Z","pushed_at":"2020-11-27T11:02:26Z","git_url":"git://github.com/JuliaDocs/ANSIColoredPrinters.jl.git","ssh_url":"git@github.com:JuliaDocs/ANSIColoredPrinters.jl.git","clone_url":"https://github.com/JuliaDocs/ANSIColoredPrinters.jl.git","svn_url":"https://github.com/JuliaDocs/ANSIColoredPrinters.jl","homepage":"","size":353,"stargazers_count":13,"watchers_count":13,"language":"Julia","has_issues":true,"has_projects":false,"has_downloads":true,"has_wiki":false,"has_pages":true,"forks_count":4,"mirror_url":null,"archived":false,"disabled":false,"open_issues_count":0,"license":{"key":"mit","name":"MIT License","spdx_id":"MIT","url":"https://api.github.com/licenses/mit","node_id":"MDc6TGljZW5zZTEz"},"allow_forking":true,"is_template":false,"web_commit_signoff_required":false,"topics":["ansi-colors","ansi-escape-codes"],"visibility":"public","forks":4,"open_issues":0,"watchers":13,"default_branch":"main","permissions":{"admin":false,"maintain":false,"push":false,"triage":false,"pull":true},"temp_clone_token":"","organization":{"login":"JuliaDocs","id":19620248,"node_id":"MDEyOk9yZ2FuaXphdGlvbjE5NjIwMjQ4","avatar_url":"https://avatars.githubusercontent.com/u/19620248?v=4","gravatar_id":"","url":"https://api.github.com/users/JuliaDocs","html_url":"https://github.com/JuliaDocs","followers_url":"https://api.github.com/users/JuliaDocs/followers","following_url":"https://api.github.com/users/JuliaDocs/following{/other_user}","gists_url":"https://api.github.com/users/JuliaDocs/gists{/gist_id}","starred_url":"https://api.github.com/users/JuliaDocs/starred{/owner}{/repo}","subscriptions_url":"https://api.github.com/users/JuliaDocs/subscriptions","organizations_url":"https://api.github.com/users/JuliaDocs/orgs","repos_url":"https://api.github.com/users/JuliaDocs/repos","events_url":"https://api.github.com/users/JuliaDocs/events{/privacy}","received_events_url":"https://api.github.com/users/JuliaDocs/received_events","type":"Organization","site_admin":false},"network_count":4,"subscribers_count":3}