{"id":215157266,"node_id":"MDEwOlJlcG9zaXRvcnkyMTUxNTcyNjY=","name":"ApproxFunRational.jl","full_name":"tomtrogdon/ApproxFunRational.jl","private":false,"owner":{"login":"tomtrogdon","id":1234637,"node_id":"MDQ6VXNlcjEyMzQ2Mzc=","avatar_url":"https://avatars.githubusercontent.com/u/1234637?v=4","gravatar_id":"","url":"https://api.github.com/users/tomtrogdon","html_url":"https://github.com/tomtrogdon","followers_url":"https://api.github.com/users/tomtrogdon/followers","following_url":"https://api.github.com/users/tomtrogdon/following{/other_user}","gists_url":"https://api.github.com/users/tomtrogdon/gists{/gist_id}","starred_url":"https://api.github.com/users/tomtrogdon/starred{/owner}{/repo}","subscriptions_url":"https://api.github.com/users/tomtrogdon/subscriptions","organizations_url":"https://api.github.com/users/tomtrogdon/orgs","repos_url":"https://api.github.com/users/tomtrogdon/repos","events_url":"https://api.github.com/users/tomtrogdon/events{/privacy}","received_events_url":"https://api.github.com/users/tomtrogdon/received_events","type":"User","site_admin":false},"html_url":"https://github.com/tomtrogdon/ApproxFunRational.jl","description":"Support for rational bases in ApproxFun","fork":false,"url":"https://api.github.com/repos/tomtrogdon/ApproxFunRational.jl","forks_url":"https://api.github.com/repos/tomtrogdon/ApproxFunRational.jl/forks","keys_url":"https://api.github.com/repos/tomtrogdon/ApproxFunRational.jl/keys{/key_id}","collaborators_url":"https://api.github.com/repos/tomtrogdon/ApproxFunRational.jl/collaborators{/collaborator}","teams_url":"https://api.github.com/repos/tomtrogdon/ApproxFunRational.jl/teams","hooks_url":"https://api.github.com/repos/tomtrogdon/ApproxFunRational.jl/hooks","issue_events_url":"https://api.github.com/repos/tomtrogdon/ApproxFunRational.jl/issues/events{/number}","events_url":"https://api.github.com/repos/tomtrogdon/ApproxFunRational.jl/events","assignees_url":"https://api.github.com/repos/tomtrogdon/ApproxFunRational.jl/assignees{/user}","branches_url":"https://api.github.com/repos/tomtrogdon/ApproxFunRational.jl/branches{/branch}","tags_url":"https://api.github.com/repos/tomtrogdon/ApproxFunRational.jl/tags","blobs_url":"https://api.github.com/repos/tomtrogdon/ApproxFunRational.jl/git/blobs{/sha}","git_tags_url":"https://api.github.com/repos/tomtrogdon/ApproxFunRational.jl/git/tags{/sha}","git_refs_url":"https://api.github.com/repos/tomtrogdon/ApproxFunRational.jl/git/refs{/sha}","trees_url":"https://api.github.com/repos/tomtrogdon/ApproxFunRational.jl/git/trees{/sha}","statuses_url":"https://api.github.com/repos/tomtrogdon/ApproxFunRational.jl/statuses/{sha}","languages_url":"https://api.github.com/repos/tomtrogdon/ApproxFunRational.jl/languages","stargazers_url":"https://api.github.com/repos/tomtrogdon/ApproxFunRational.jl/stargazers","contributors_url":"https://api.github.com/repos/tomtrogdon/ApproxFunRational.jl/contributors","subscribers_url":"https://api.github.com/repos/tomtrogdon/ApproxFunRational.jl/subscribers","subscription_url":"https://api.github.com/repos/tomtrogdon/ApproxFunRational.jl/subscription","commits_url":"https://api.github.com/repos/tomtrogdon/ApproxFunRational.jl/commits{/sha}","git_commits_url":"https://api.github.com/repos/tomtrogdon/ApproxFunRational.jl/git/commits{/sha}","comments_url":"https://api.github.com/repos/tomtrogdon/ApproxFunRational.jl/comments{/number}","issue_comment_url":"https://api.github.com/repos/tomtrogdon/ApproxFunRational.jl/issues/comments{/number}","contents_url":"https://api.github.com/repos/tomtrogdon/ApproxFunRational.jl/contents/{+path}","compare_url":"https://api.github.com/repos/tomtrogdon/ApproxFunRational.jl/compare/{base}...{head}","merges_url":"https://api.github.com/repos/tomtrogdon/ApproxFunRational.jl/merges","archive_url":"https://api.github.com/repos/tomtrogdon/ApproxFunRational.jl/{archive_format}{/ref}","downloads_url":"https://api.github.com/repos/tomtrogdon/ApproxFunRational.jl/downloads","issues_url":"https://api.github.com/repos/tomtrogdon/ApproxFunRational.jl/issues{/number}","pulls_url":"https://api.github.com/repos/tomtrogdon/ApproxFunRational.jl/pulls{/number}","milestones_url":"https://api.github.com/repos/tomtrogdon/ApproxFunRational.jl/milestones{/number}","notifications_url":"https://api.github.com/repos/tomtrogdon/ApproxFunRational.jl/notifications{?since,all,participating}","labels_url":"https://api.github.com/repos/tomtrogdon/ApproxFunRational.jl/labels{/name}","releases_url":"https://api.github.com/repos/tomtrogdon/ApproxFunRational.jl/releases{/id}","deployments_url":"https://api.github.com/repos/tomtrogdon/ApproxFunRational.jl/deployments","created_at":"2019-10-14T22:34:46Z","updated_at":"2021-03-25T21:50:24Z","pushed_at":"2021-03-25T23:05:02Z","git_url":"git://github.com/tomtrogdon/ApproxFunRational.jl.git","ssh_url":"git@github.com:tomtrogdon/ApproxFunRational.jl.git","clone_url":"https://github.com/tomtrogdon/ApproxFunRational.jl.git","svn_url":"https://github.com/tomtrogdon/ApproxFunRational.jl","homepage":null,"size":133,"stargazers_count":1,"watchers_count":1,"language":"Julia","has_issues":true,"has_projects":true,"has_downloads":true,"has_wiki":true,"has_pages":false,"forks_count":1,"mirror_url":null,"archived":false,"disabled":false,"open_issues_count":4,"license":{"key":"mit","name":"MIT License","spdx_id":"MIT","url":"https://api.github.com/licenses/mit","node_id":"MDc6TGljZW5zZTEz"},"allow_forking":true,"is_template":false,"web_commit_signoff_required":false,"topics":[],"visibility":"public","forks":1,"open_issues":4,"watchers":1,"default_branch":"master","permissions":{"admin":false,"maintain":false,"push":false,"triage":false,"pull":true},"temp_clone_token":"","network_count":1,"subscribers_count":1}