{"id":185718958,"node_id":"MDEwOlJlcG9zaXRvcnkxODU3MTg5NTg=","name":"Aqua.jl","full_name":"JuliaTesting/Aqua.jl","private":false,"owner":{"login":"JuliaTesting","id":67037081,"node_id":"MDEyOk9yZ2FuaXphdGlvbjY3MDM3MDgx","avatar_url":"https://avatars.githubusercontent.com/u/67037081?v=4","gravatar_id":"","url":"https://api.github.com/users/JuliaTesting","html_url":"https://github.com/JuliaTesting","followers_url":"https://api.github.com/users/JuliaTesting/followers","following_url":"https://api.github.com/users/JuliaTesting/following{/other_user}","gists_url":"https://api.github.com/users/JuliaTesting/gists{/gist_id}","starred_url":"https://api.github.com/users/JuliaTesting/starred{/owner}{/repo}","subscriptions_url":"https://api.github.com/users/JuliaTesting/subscriptions","organizations_url":"https://api.github.com/users/JuliaTesting/orgs","repos_url":"https://api.github.com/users/JuliaTesting/repos","events_url":"https://api.github.com/users/JuliaTesting/events{/privacy}","received_events_url":"https://api.github.com/users/JuliaTesting/received_events","type":"Organization","site_admin":false},"html_url":"https://github.com/JuliaTesting/Aqua.jl","description":"Auto QUality Assurance for Julia packages","fork":false,"url":"https://api.github.com/repos/JuliaTesting/Aqua.jl","forks_url":"https://api.github.com/repos/JuliaTesting/Aqua.jl/forks","keys_url":"https://api.github.com/repos/JuliaTesting/Aqua.jl/keys{/key_id}","collaborators_url":"https://api.github.com/repos/JuliaTesting/Aqua.jl/collaborators{/collaborator}","teams_url":"https://api.github.com/repos/JuliaTesting/Aqua.jl/teams","hooks_url":"https://api.github.com/repos/JuliaTesting/Aqua.jl/hooks","issue_events_url":"https://api.github.com/repos/JuliaTesting/Aqua.jl/issues/events{/number}","events_url":"https://api.github.com/repos/JuliaTesting/Aqua.jl/events","assignees_url":"https://api.github.com/repos/JuliaTesting/Aqua.jl/assignees{/user}","branches_url":"https://api.github.com/repos/JuliaTesting/Aqua.jl/branches{/branch}","tags_url":"https://api.github.com/repos/JuliaTesting/Aqua.jl/tags","blobs_url":"https://api.github.com/repos/JuliaTesting/Aqua.jl/git/blobs{/sha}","git_tags_url":"https://api.github.com/repos/JuliaTesting/Aqua.jl/git/tags{/sha}","git_refs_url":"https://api.github.com/repos/JuliaTesting/Aqua.jl/git/refs{/sha}","trees_url":"https://api.github.com/repos/JuliaTesting/Aqua.jl/git/trees{/sha}","statuses_url":"https://api.github.com/repos/JuliaTesting/Aqua.jl/statuses/{sha}","languages_url":"https://api.github.com/repos/JuliaTesting/Aqua.jl/languages","stargazers_url":"https://api.github.com/repos/JuliaTesting/Aqua.jl/stargazers","contributors_url":"https://api.github.com/repos/JuliaTesting/Aqua.jl/contributors","subscribers_url":"https://api.github.com/repos/JuliaTesting/Aqua.jl/subscribers","subscription_url":"https://api.github.com/repos/JuliaTesting/Aqua.jl/subscription","commits_url":"https://api.github.com/repos/JuliaTesting/Aqua.jl/commits{/sha}","git_commits_url":"https://api.github.com/repos/JuliaTesting/Aqua.jl/git/commits{/sha}","comments_url":"https://api.github.com/repos/JuliaTesting/Aqua.jl/comments{/number}","issue_comment_url":"https://api.github.com/repos/JuliaTesting/Aqua.jl/issues/comments{/number}","contents_url":"https://api.github.com/repos/JuliaTesting/Aqua.jl/contents/{+path}","compare_url":"https://api.github.com/repos/JuliaTesting/Aqua.jl/compare/{base}...{head}","merges_url":"https://api.github.com/repos/JuliaTesting/Aqua.jl/merges","archive_url":"https://api.github.com/repos/JuliaTesting/Aqua.jl/{archive_format}{/ref}","downloads_url":"https://api.github.com/repos/JuliaTesting/Aqua.jl/downloads","issues_url":"https://api.github.com/repos/JuliaTesting/Aqua.jl/issues{/number}","pulls_url":"https://api.github.com/repos/JuliaTesting/Aqua.jl/pulls{/number}","milestones_url":"https://api.github.com/repos/JuliaTesting/Aqua.jl/milestones{/number}","notifications_url":"https://api.github.com/repos/JuliaTesting/Aqua.jl/notifications{?since,all,participating}","labels_url":"https://api.github.com/repos/JuliaTesting/Aqua.jl/labels{/name}","releases_url":"https://api.github.com/repos/JuliaTesting/Aqua.jl/releases{/id}","deployments_url":"https://api.github.com/repos/JuliaTesting/Aqua.jl/deployments","created_at":"2019-05-09T03:21:24Z","updated_at":"2022-06-30T13:23:37Z","pushed_at":"2022-06-05T04:14:35Z","git_url":"git://github.com/JuliaTesting/Aqua.jl.git","ssh_url":"git@github.com:JuliaTesting/Aqua.jl.git","clone_url":"https://github.com/JuliaTesting/Aqua.jl.git","svn_url":"https://github.com/JuliaTesting/Aqua.jl","homepage":"","size":601,"stargazers_count":173,"watchers_count":173,"language":"Julia","has_issues":true,"has_projects":true,"has_downloads":true,"has_wiki":true,"has_pages":true,"forks_count":7,"mirror_url":null,"archived":false,"disabled":false,"open_issues_count":17,"license":{"key":"mit","name":"MIT License","spdx_id":"MIT","url":"https://api.github.com/licenses/mit","node_id":"MDc6TGljZW5zZTEz"},"allow_forking":true,"is_template":false,"web_commit_signoff_required":false,"topics":[],"visibility":"public","forks":7,"open_issues":17,"watchers":173,"default_branch":"master","permissions":{"admin":false,"maintain":false,"push":false,"triage":false,"pull":true},"temp_clone_token":"","organization":{"login":"JuliaTesting","id":67037081,"node_id":"MDEyOk9yZ2FuaXphdGlvbjY3MDM3MDgx","avatar_url":"https://avatars.githubusercontent.com/u/67037081?v=4","gravatar_id":"","url":"https://api.github.com/users/JuliaTesting","html_url":"https://github.com/JuliaTesting","followers_url":"https://api.github.com/users/JuliaTesting/followers","following_url":"https://api.github.com/users/JuliaTesting/following{/other_user}","gists_url":"https://api.github.com/users/JuliaTesting/gists{/gist_id}","starred_url":"https://api.github.com/users/JuliaTesting/starred{/owner}{/repo}","subscriptions_url":"https://api.github.com/users/JuliaTesting/subscriptions","organizations_url":"https://api.github.com/users/JuliaTesting/orgs","repos_url":"https://api.github.com/users/JuliaTesting/repos","events_url":"https://api.github.com/users/JuliaTesting/events{/privacy}","received_events_url":"https://api.github.com/users/JuliaTesting/received_events","type":"Organization","site_admin":false},"network_count":7,"subscribers_count":5}