{"id":136952815,"node_id":"MDEwOlJlcG9zaXRvcnkxMzY5NTI4MTU=","name":"ArcadeLearningEnvironment.jl","full_name":"JuliaReinforcementLearning/ArcadeLearningEnvironment.jl","private":false,"owner":{"login":"JuliaReinforcementLearning","id":42187908,"node_id":"MDEyOk9yZ2FuaXphdGlvbjQyMTg3OTA4","avatar_url":"https://avatars.githubusercontent.com/u/42187908?v=4","gravatar_id":"","url":"https://api.github.com/users/JuliaReinforcementLearning","html_url":"https://github.com/JuliaReinforcementLearning","followers_url":"https://api.github.com/users/JuliaReinforcementLearning/followers","following_url":"https://api.github.com/users/JuliaReinforcementLearning/following{/other_user}","gists_url":"https://api.github.com/users/JuliaReinforcementLearning/gists{/gist_id}","starred_url":"https://api.github.com/users/JuliaReinforcementLearning/starred{/owner}{/repo}","subscriptions_url":"https://api.github.com/users/JuliaReinforcementLearning/subscriptions","organizations_url":"https://api.github.com/users/JuliaReinforcementLearning/orgs","repos_url":"https://api.github.com/users/JuliaReinforcementLearning/repos","events_url":"https://api.github.com/users/JuliaReinforcementLearning/events{/privacy}","received_events_url":"https://api.github.com/users/JuliaReinforcementLearning/received_events","type":"Organization","site_admin":false},"html_url":"https://github.com/JuliaReinforcementLearning/ArcadeLearningEnvironment.jl","description":"ArcadeLearningEnvironment Julia interface","fork":true,"url":"https://api.github.com/repos/JuliaReinforcementLearning/ArcadeLearningEnvironment.jl","forks_url":"https://api.github.com/repos/JuliaReinforcementLearning/ArcadeLearningEnvironment.jl/forks","keys_url":"https://api.github.com/repos/JuliaReinforcementLearning/ArcadeLearningEnvironment.jl/keys{/key_id}","collaborators_url":"https://api.github.com/repos/JuliaReinforcementLearning/ArcadeLearningEnvironment.jl/collaborators{/collaborator}","teams_url":"https://api.github.com/repos/JuliaReinforcementLearning/ArcadeLearningEnvironment.jl/teams","hooks_url":"https://api.github.com/repos/JuliaReinforcementLearning/ArcadeLearningEnvironment.jl/hooks","issue_events_url":"https://api.github.com/repos/JuliaReinforcementLearning/ArcadeLearningEnvironment.jl/issues/events{/number}","events_url":"https://api.github.com/repos/JuliaReinforcementLearning/ArcadeLearningEnvironment.jl/events","assignees_url":"https://api.github.com/repos/JuliaReinforcementLearning/ArcadeLearningEnvironment.jl/assignees{/user}","branches_url":"https://api.github.com/repos/JuliaReinforcementLearning/ArcadeLearningEnvironment.jl/branches{/branch}","tags_url":"https://api.github.com/repos/JuliaReinforcementLearning/ArcadeLearningEnvironment.jl/tags","blobs_url":"https://api.github.com/repos/JuliaReinforcementLearning/ArcadeLearningEnvironment.jl/git/blobs{/sha}","git_tags_url":"https://api.github.com/repos/JuliaReinforcementLearning/ArcadeLearningEnvironment.jl/git/tags{/sha}","git_refs_url":"https://api.github.com/repos/JuliaReinforcementLearning/ArcadeLearningEnvironment.jl/git/refs{/sha}","trees_url":"https://api.github.com/repos/JuliaReinforcementLearning/ArcadeLearningEnvironment.jl/git/trees{/sha}","statuses_url":"https://api.github.com/repos/JuliaReinforcementLearning/ArcadeLearningEnvironment.jl/statuses/{sha}","languages_url":"https://api.github.com/repos/JuliaReinforcementLearning/ArcadeLearningEnvironment.jl/languages","stargazers_url":"https://api.github.com/repos/JuliaReinforcementLearning/ArcadeLearningEnvironment.jl/stargazers","contributors_url":"https://api.github.com/repos/JuliaReinforcementLearning/ArcadeLearningEnvironment.jl/contributors","subscribers_url":"https://api.github.com/repos/JuliaReinforcementLearning/ArcadeLearningEnvironment.jl/subscribers","subscription_url":"https://api.github.com/repos/JuliaReinforcementLearning/ArcadeLearningEnvironment.jl/subscription","commits_url":"https://api.github.com/repos/JuliaReinforcementLearning/ArcadeLearningEnvironment.jl/commits{/sha}","git_commits_url":"https://api.github.com/repos/JuliaReinforcementLearning/ArcadeLearningEnvironment.jl/git/commits{/sha}","comments_url":"https://api.github.com/repos/JuliaReinforcementLearning/ArcadeLearningEnvironment.jl/comments{/number}","issue_comment_url":"https://api.github.com/repos/JuliaReinforcementLearning/ArcadeLearningEnvironment.jl/issues/comments{/number}","contents_url":"https://api.github.com/repos/JuliaReinforcementLearning/ArcadeLearningEnvironment.jl/contents/{+path}","compare_url":"https://api.github.com/repos/JuliaReinforcementLearning/ArcadeLearningEnvironment.jl/compare/{base}...{head}","merges_url":"https://api.github.com/repos/JuliaReinforcementLearning/ArcadeLearningEnvironment.jl/merges","archive_url":"https://api.github.com/repos/JuliaReinforcementLearning/ArcadeLearningEnvironment.jl/{archive_format}{/ref}","downloads_url":"https://api.github.com/repos/JuliaReinforcementLearning/ArcadeLearningEnvironment.jl/downloads","issues_url":"https://api.github.com/repos/JuliaReinforcementLearning/ArcadeLearningEnvironment.jl/issues{/number}","pulls_url":"https://api.github.com/repos/JuliaReinforcementLearning/ArcadeLearningEnvironment.jl/pulls{/number}","milestones_url":"https://api.github.com/repos/JuliaReinforcementLearning/ArcadeLearningEnvironment.jl/milestones{/number}","notifications_url":"https://api.github.com/repos/JuliaReinforcementLearning/ArcadeLearningEnvironment.jl/notifications{?since,all,participating}","labels_url":"https://api.github.com/repos/JuliaReinforcementLearning/ArcadeLearningEnvironment.jl/labels{/name}","releases_url":"https://api.github.com/repos/JuliaReinforcementLearning/ArcadeLearningEnvironment.jl/releases{/id}","deployments_url":"https://api.github.com/repos/JuliaReinforcementLearning/ArcadeLearningEnvironment.jl/deployments","created_at":"2018-06-11T16:30:04Z","updated_at":"2022-06-28T13:03:21Z","pushed_at":"2021-05-01T06:29:06Z","git_url":"git://github.com/JuliaReinforcementLearning/ArcadeLearningEnvironment.jl.git","ssh_url":"git@github.com:JuliaReinforcementLearning/ArcadeLearningEnvironment.jl.git","clone_url":"https://github.com/JuliaReinforcementLearning/ArcadeLearningEnvironment.jl.git","svn_url":"https://github.com/JuliaReinforcementLearning/ArcadeLearningEnvironment.jl","homepage":null,"size":71,"stargazers_count":3,"watchers_count":3,"language":"Julia","has_issues":true,"has_projects":true,"has_downloads":true,"has_wiki":true,"has_pages":false,"forks_count":4,"mirror_url":null,"archived":false,"disabled":false,"open_issues_count":2,"license":{"key":"other","name":"Other","spdx_id":"NOASSERTION","url":null,"node_id":"MDc6TGljZW5zZTA="},"allow_forking":true,"is_template":false,"web_commit_signoff_required":false,"topics":[],"visibility":"public","forks":4,"open_issues":2,"watchers":3,"default_branch":"master","permissions":{"admin":false,"maintain":false,"push":false,"triage":false,"pull":true},"temp_clone_token":"","organization":{"login":"JuliaReinforcementLearning","id":42187908,"node_id":"MDEyOk9yZ2FuaXphdGlvbjQyMTg3OTA4","avatar_url":"https://avatars.githubusercontent.com/u/42187908?v=4","gravatar_id":"","url":"https://api.github.com/users/JuliaReinforcementLearning","html_url":"https://github.com/JuliaReinforcementLearning","followers_url":"https://api.github.com/users/JuliaReinforcementLearning/followers","following_url":"https://api.github.com/users/JuliaReinforcementLearning/following{/other_user}","gists_url":"https://api.github.com/users/JuliaReinforcementLearning/gists{/gist_id}","starred_url":"https://api.github.com/users/JuliaReinforcementLearning/starred{/owner}{/repo}","subscriptions_url":"https://api.github.com/users/JuliaReinforcementLearning/subscriptions","organizations_url":"https://api.github.com/users/JuliaReinforcementLearning/orgs","repos_url":"https://api.github.com/users/JuliaReinforcementLearning/repos","events_url":"https://api.github.com/users/JuliaReinforcementLearning/events{/privacy}","received_events_url":"https://api.github.com/users/JuliaReinforcementLearning/received_events","type":"Organization","site_admin":false},"parent":{"id":47789315,"node_id":"MDEwOlJlcG9zaXRvcnk0Nzc4OTMxNQ==","name":"ArcadeLearningEnvironment.jl","full_name":"nowozin/ArcadeLearningEnvironment.jl","private":false,"owner":{"login":"nowozin","id":7673114,"node_id":"MDQ6VXNlcjc2NzMxMTQ=","avatar_url":"https://avatars.githubusercontent.com/u/7673114?v=4","gravatar_id":"","url":"https://api.github.com/users/nowozin","html_url":"https://github.com/nowozin","followers_url":"https://api.github.com/users/nowozin/followers","following_url":"https://api.github.com/users/nowozin/following{/other_user}","gists_url":"https://api.github.com/users/nowozin/gists{/gist_id}","starred_url":"https://api.github.com/users/nowozin/starred{/owner}{/repo}","subscriptions_url":"https://api.github.com/users/nowozin/subscriptions","organizations_url":"https://api.github.com/users/nowozin/orgs","repos_url":"https://api.github.com/users/nowozin/repos","events_url":"https://api.github.com/users/nowozin/events{/privacy}","received_events_url":"https://api.github.com/users/nowozin/received_events","type":"User","site_admin":false},"html_url":"https://github.com/nowozin/ArcadeLearningEnvironment.jl","description":"ArcadeLearningEnvironment Julia interface","fork":false,"url":"https://api.github.com/repos/nowozin/ArcadeLearningEnvironment.jl","forks_url":"https://api.github.com/repos/nowozin/ArcadeLearningEnvironment.jl/forks","keys_url":"https://api.github.com/repos/nowozin/ArcadeLearningEnvironment.jl/keys{/key_id}","collaborators_url":"https://api.github.com/repos/nowozin/ArcadeLearningEnvironment.jl/collaborators{/collaborator}","teams_url":"https://api.github.com/repos/nowozin/ArcadeLearningEnvironment.jl/teams","hooks_url":"https://api.github.com/repos/nowozin/ArcadeLearningEnvironment.jl/hooks","issue_events_url":"https://api.github.com/repos/nowozin/ArcadeLearningEnvironment.jl/issues/events{/number}","events_url":"https://api.github.com/repos/nowozin/ArcadeLearningEnvironment.jl/events","assignees_url":"https://api.github.com/repos/nowozin/ArcadeLearningEnvironment.jl/assignees{/user}","branches_url":"https://api.github.com/repos/nowozin/ArcadeLearningEnvironment.jl/branches{/branch}","tags_url":"https://api.github.com/repos/nowozin/ArcadeLearningEnvironment.jl/tags","blobs_url":"https://api.github.com/repos/nowozin/ArcadeLearningEnvironment.jl/git/blobs{/sha}","git_tags_url":"https://api.github.com/repos/nowozin/ArcadeLearningEnvironment.jl/git/tags{/sha}","git_refs_url":"https://api.github.com/repos/nowozin/ArcadeLearningEnvironment.jl/git/refs{/sha}","trees_url":"https://api.github.com/repos/nowozin/ArcadeLearningEnvironment.jl/git/trees{/sha}","statuses_url":"https://api.github.com/repos/nowozin/ArcadeLearningEnvironment.jl/statuses/{sha}","languages_url":"https://api.github.com/repos/nowozin/ArcadeLearningEnvironment.jl/languages","stargazers_url":"https://api.github.com/repos/nowozin/ArcadeLearningEnvironment.jl/stargazers","contributors_url":"https://api.github.com/repos/nowozin/ArcadeLearningEnvironment.jl/contributors","subscribers_url":"https://api.github.com/repos/nowozin/ArcadeLearningEnvironment.jl/subscribers","subscription_url":"https://api.github.com/repos/nowozin/ArcadeLearningEnvironment.jl/subscription","commits_url":"https://api.github.com/repos/nowozin/ArcadeLearningEnvironment.jl/commits{/sha}","git_commits_url":"https://api.github.com/repos/nowozin/ArcadeLearningEnvironment.jl/git/commits{/sha}","comments_url":"https://api.github.com/repos/nowozin/ArcadeLearningEnvironment.jl/comments{/number}","issue_comment_url":"https://api.github.com/repos/nowozin/ArcadeLearningEnvironment.jl/issues/comments{/number}","contents_url":"https://api.github.com/repos/nowozin/ArcadeLearningEnvironment.jl/contents/{+path}","compare_url":"https://api.github.com/repos/nowozin/ArcadeLearningEnvironment.jl/compare/{base}...{head}","merges_url":"https://api.github.com/repos/nowozin/ArcadeLearningEnvironment.jl/merges","archive_url":"https://api.github.com/repos/nowozin/ArcadeLearningEnvironment.jl/{archive_format}{/ref}","downloads_url":"https://api.github.com/repos/nowozin/ArcadeLearningEnvironment.jl/downloads","issues_url":"https://api.github.com/repos/nowozin/ArcadeLearningEnvironment.jl/issues{/number}","pulls_url":"https://api.github.com/repos/nowozin/ArcadeLearningEnvironment.jl/pulls{/number}","milestones_url":"https://api.github.com/repos/nowozin/ArcadeLearningEnvironment.jl/milestones{/number}","notifications_url":"https://api.github.com/repos/nowozin/ArcadeLearningEnvironment.jl/notifications{?since,all,participating}","labels_url":"https://api.github.com/repos/nowozin/ArcadeLearningEnvironment.jl/labels{/name}","releases_url":"https://api.github.com/repos/nowozin/ArcadeLearningEnvironment.jl/releases{/id}","deployments_url":"https://api.github.com/repos/nowozin/ArcadeLearningEnvironment.jl/deployments","created_at":"2015-12-10T21:46:54Z","updated_at":"2022-04-15T16:16:47Z","pushed_at":"2021-05-01T06:05:54Z","git_url":"git://github.com/nowozin/ArcadeLearningEnvironment.jl.git","ssh_url":"git@github.com:nowozin/ArcadeLearningEnvironment.jl.git","clone_url":"https://github.com/nowozin/ArcadeLearningEnvironment.jl.git","svn_url":"https://github.com/nowozin/ArcadeLearningEnvironment.jl","homepage":null,"size":16,"stargazers_count":28,"watchers_count":28,"language":"Julia","has_issues":true,"has_projects":true,"has_downloads":true,"has_wiki":true,"has_pages":false,"forks_count":16,"mirror_url":null,"archived":false,"disabled":false,"open_issues_count":2,"license":{"key":"other","name":"Other","spdx_id":"NOASSERTION","url":null,"node_id":"MDc6TGljZW5zZTA="},"allow_forking":true,"is_template":false,"web_commit_signoff_required":false,"topics":[],"visibility":"public","forks":16,"open_issues":2,"watchers":28,"default_branch":"master"},"source":{"id":47789315,"node_id":"MDEwOlJlcG9zaXRvcnk0Nzc4OTMxNQ==","name":"ArcadeLearningEnvironment.jl","full_name":"nowozin/ArcadeLearningEnvironment.jl","private":false,"owner":{"login":"nowozin","id":7673114,"node_id":"MDQ6VXNlcjc2NzMxMTQ=","avatar_url":"https://avatars.githubusercontent.com/u/7673114?v=4","gravatar_id":"","url":"https://api.github.com/users/nowozin","html_url":"https://github.com/nowozin","followers_url":"https://api.github.com/users/nowozin/followers","following_url":"https://api.github.com/users/nowozin/following{/other_user}","gists_url":"https://api.github.com/users/nowozin/gists{/gist_id}","starred_url":"https://api.github.com/users/nowozin/starred{/owner}{/repo}","subscriptions_url":"https://api.github.com/users/nowozin/subscriptions","organizations_url":"https://api.github.com/users/nowozin/orgs","repos_url":"https://api.github.com/users/nowozin/repos","events_url":"https://api.github.com/users/nowozin/events{/privacy}","received_events_url":"https://api.github.com/users/nowozin/received_events","type":"User","site_admin":false},"html_url":"https://github.com/nowozin/ArcadeLearningEnvironment.jl","description":"ArcadeLearningEnvironment Julia interface","fork":false,"url":"https://api.github.com/repos/nowozin/ArcadeLearningEnvironment.jl","forks_url":"https://api.github.com/repos/nowozin/ArcadeLearningEnvironment.jl/forks","keys_url":"https://api.github.com/repos/nowozin/ArcadeLearningEnvironment.jl/keys{/key_id}","collaborators_url":"https://api.github.com/repos/nowozin/ArcadeLearningEnvironment.jl/collaborators{/collaborator}","teams_url":"https://api.github.com/repos/nowozin/ArcadeLearningEnvironment.jl/teams","hooks_url":"https://api.github.com/repos/nowozin/ArcadeLearningEnvironment.jl/hooks","issue_events_url":"https://api.github.com/repos/nowozin/ArcadeLearningEnvironment.jl/issues/events{/number}","events_url":"https://api.github.com/repos/nowozin/ArcadeLearningEnvironment.jl/events","assignees_url":"https://api.github.com/repos/nowozin/ArcadeLearningEnvironment.jl/assignees{/user}","branches_url":"https://api.github.com/repos/nowozin/ArcadeLearningEnvironment.jl/branches{/branch}","tags_url":"https://api.github.com/repos/nowozin/ArcadeLearningEnvironment.jl/tags","blobs_url":"https://api.github.com/repos/nowozin/ArcadeLearningEnvironment.jl/git/blobs{/sha}","git_tags_url":"https://api.github.com/repos/nowozin/ArcadeLearningEnvironment.jl/git/tags{/sha}","git_refs_url":"https://api.github.com/repos/nowozin/ArcadeLearningEnvironment.jl/git/refs{/sha}","trees_url":"https://api.github.com/repos/nowozin/ArcadeLearningEnvironment.jl/git/trees{/sha}","statuses_url":"https://api.github.com/repos/nowozin/ArcadeLearningEnvironment.jl/statuses/{sha}","languages_url":"https://api.github.com/repos/nowozin/ArcadeLearningEnvironment.jl/languages","stargazers_url":"https://api.github.com/repos/nowozin/ArcadeLearningEnvironment.jl/stargazers","contributors_url":"https://api.github.com/repos/nowozin/ArcadeLearningEnvironment.jl/contributors","subscribers_url":"https://api.github.com/repos/nowozin/ArcadeLearningEnvironment.jl/subscribers","subscription_url":"https://api.github.com/repos/nowozin/ArcadeLearningEnvironment.jl/subscription","commits_url":"https://api.github.com/repos/nowozin/ArcadeLearningEnvironment.jl/commits{/sha}","git_commits_url":"https://api.github.com/repos/nowozin/ArcadeLearningEnvironment.jl/git/commits{/sha}","comments_url":"https://api.github.com/repos/nowozin/ArcadeLearningEnvironment.jl/comments{/number}","issue_comment_url":"https://api.github.com/repos/nowozin/ArcadeLearningEnvironment.jl/issues/comments{/number}","contents_url":"https://api.github.com/repos/nowozin/ArcadeLearningEnvironment.jl/contents/{+path}","compare_url":"https://api.github.com/repos/nowozin/ArcadeLearningEnvironment.jl/compare/{base}...{head}","merges_url":"https://api.github.com/repos/nowozin/ArcadeLearningEnvironment.jl/merges","archive_url":"https://api.github.com/repos/nowozin/ArcadeLearningEnvironment.jl/{archive_format}{/ref}","downloads_url":"https://api.github.com/repos/nowozin/ArcadeLearningEnvironment.jl/downloads","issues_url":"https://api.github.com/repos/nowozin/ArcadeLearningEnvironment.jl/issues{/number}","pulls_url":"https://api.github.com/repos/nowozin/ArcadeLearningEnvironment.jl/pulls{/number}","milestones_url":"https://api.github.com/repos/nowozin/ArcadeLearningEnvironment.jl/milestones{/number}","notifications_url":"https://api.github.com/repos/nowozin/ArcadeLearningEnvironment.jl/notifications{?since,all,participating}","labels_url":"https://api.github.com/repos/nowozin/ArcadeLearningEnvironment.jl/labels{/name}","releases_url":"https://api.github.com/repos/nowozin/ArcadeLearningEnvironment.jl/releases{/id}","deployments_url":"https://api.github.com/repos/nowozin/ArcadeLearningEnvironment.jl/deployments","created_at":"2015-12-10T21:46:54Z","updated_at":"2022-04-15T16:16:47Z","pushed_at":"2021-05-01T06:05:54Z","git_url":"git://github.com/nowozin/ArcadeLearningEnvironment.jl.git","ssh_url":"git@github.com:nowozin/ArcadeLearningEnvironment.jl.git","clone_url":"https://github.com/nowozin/ArcadeLearningEnvironment.jl.git","svn_url":"https://github.com/nowozin/ArcadeLearningEnvironment.jl","homepage":null,"size":16,"stargazers_count":28,"watchers_count":28,"language":"Julia","has_issues":true,"has_projects":true,"has_downloads":true,"has_wiki":true,"has_pages":false,"forks_count":16,"mirror_url":null,"archived":false,"disabled":false,"open_issues_count":2,"license":{"key":"other","name":"Other","spdx_id":"NOASSERTION","url":null,"node_id":"MDc6TGljZW5zZTA="},"allow_forking":true,"is_template":false,"web_commit_signoff_required":false,"topics":[],"visibility":"public","forks":16,"open_issues":2,"watchers":28,"default_branch":"master"},"network_count":16,"subscribers_count":3}