{"id":107805840,"node_id":"MDEwOlJlcG9zaXRvcnkxMDc4MDU4NDA=","name":"AlphaVantage.jl","full_name":"ellisvalentiner/AlphaVantage.jl","private":false,"owner":{"login":"ellisvalentiner","id":9932219,"node_id":"MDQ6VXNlcjk5MzIyMTk=","avatar_url":"https://avatars.githubusercontent.com/u/9932219?v=4","gravatar_id":"","url":"https://api.github.com/users/ellisvalentiner","html_url":"https://github.com/ellisvalentiner","followers_url":"https://api.github.com/users/ellisvalentiner/followers","following_url":"https://api.github.com/users/ellisvalentiner/following{/other_user}","gists_url":"https://api.github.com/users/ellisvalentiner/gists{/gist_id}","starred_url":"https://api.github.com/users/ellisvalentiner/starred{/owner}{/repo}","subscriptions_url":"https://api.github.com/users/ellisvalentiner/subscriptions","organizations_url":"https://api.github.com/users/ellisvalentiner/orgs","repos_url":"https://api.github.com/users/ellisvalentiner/repos","events_url":"https://api.github.com/users/ellisvalentiner/events{/privacy}","received_events_url":"https://api.github.com/users/ellisvalentiner/received_events","type":"User","site_admin":false},"html_url":"https://github.com/ellisvalentiner/AlphaVantage.jl","description":"A Julia wrapper for the Alpha Vantage API.","fork":false,"url":"https://api.github.com/repos/ellisvalentiner/AlphaVantage.jl","forks_url":"https://api.github.com/repos/ellisvalentiner/AlphaVantage.jl/forks","keys_url":"https://api.github.com/repos/ellisvalentiner/AlphaVantage.jl/keys{/key_id}","collaborators_url":"https://api.github.com/repos/ellisvalentiner/AlphaVantage.jl/collaborators{/collaborator}","teams_url":"https://api.github.com/repos/ellisvalentiner/AlphaVantage.jl/teams","hooks_url":"https://api.github.com/repos/ellisvalentiner/AlphaVantage.jl/hooks","issue_events_url":"https://api.github.com/repos/ellisvalentiner/AlphaVantage.jl/issues/events{/number}","events_url":"https://api.github.com/repos/ellisvalentiner/AlphaVantage.jl/events","assignees_url":"https://api.github.com/repos/ellisvalentiner/AlphaVantage.jl/assignees{/user}","branches_url":"https://api.github.com/repos/ellisvalentiner/AlphaVantage.jl/branches{/branch}","tags_url":"https://api.github.com/repos/ellisvalentiner/AlphaVantage.jl/tags","blobs_url":"https://api.github.com/repos/ellisvalentiner/AlphaVantage.jl/git/blobs{/sha}","git_tags_url":"https://api.github.com/repos/ellisvalentiner/AlphaVantage.jl/git/tags{/sha}","git_refs_url":"https://api.github.com/repos/ellisvalentiner/AlphaVantage.jl/git/refs{/sha}","trees_url":"https://api.github.com/repos/ellisvalentiner/AlphaVantage.jl/git/trees{/sha}","statuses_url":"https://api.github.com/repos/ellisvalentiner/AlphaVantage.jl/statuses/{sha}","languages_url":"https://api.github.com/repos/ellisvalentiner/AlphaVantage.jl/languages","stargazers_url":"https://api.github.com/repos/ellisvalentiner/AlphaVantage.jl/stargazers","contributors_url":"https://api.github.com/repos/ellisvalentiner/AlphaVantage.jl/contributors","subscribers_url":"https://api.github.com/repos/ellisvalentiner/AlphaVantage.jl/subscribers","subscription_url":"https://api.github.com/repos/ellisvalentiner/AlphaVantage.jl/subscription","commits_url":"https://api.github.com/repos/ellisvalentiner/AlphaVantage.jl/commits{/sha}","git_commits_url":"https://api.github.com/repos/ellisvalentiner/AlphaVantage.jl/git/commits{/sha}","comments_url":"https://api.github.com/repos/ellisvalentiner/AlphaVantage.jl/comments{/number}","issue_comment_url":"https://api.github.com/repos/ellisvalentiner/AlphaVantage.jl/issues/comments{/number}","contents_url":"https://api.github.com/repos/ellisvalentiner/AlphaVantage.jl/contents/{+path}","compare_url":"https://api.github.com/repos/ellisvalentiner/AlphaVantage.jl/compare/{base}...{head}","merges_url":"https://api.github.com/repos/ellisvalentiner/AlphaVantage.jl/merges","archive_url":"https://api.github.com/repos/ellisvalentiner/AlphaVantage.jl/{archive_format}{/ref}","downloads_url":"https://api.github.com/repos/ellisvalentiner/AlphaVantage.jl/downloads","issues_url":"https://api.github.com/repos/ellisvalentiner/AlphaVantage.jl/issues{/number}","pulls_url":"https://api.github.com/repos/ellisvalentiner/AlphaVantage.jl/pulls{/number}","milestones_url":"https://api.github.com/repos/ellisvalentiner/AlphaVantage.jl/milestones{/number}","notifications_url":"https://api.github.com/repos/ellisvalentiner/AlphaVantage.jl/notifications{?since,all,participating}","labels_url":"https://api.github.com/repos/ellisvalentiner/AlphaVantage.jl/labels{/name}","releases_url":"https://api.github.com/repos/ellisvalentiner/AlphaVantage.jl/releases{/id}","deployments_url":"https://api.github.com/repos/ellisvalentiner/AlphaVantage.jl/deployments","created_at":"2017-10-21T18:33:26Z","updated_at":"2022-06-17T17:41:29Z","pushed_at":"2022-06-20T07:28:17Z","git_url":"git://github.com/ellisvalentiner/AlphaVantage.jl.git","ssh_url":"git@github.com:ellisvalentiner/AlphaVantage.jl.git","clone_url":"https://github.com/ellisvalentiner/AlphaVantage.jl.git","svn_url":"https://github.com/ellisvalentiner/AlphaVantage.jl","homepage":"","size":395,"stargazers_count":64,"watchers_count":64,"language":"Julia","has_issues":true,"has_projects":true,"has_downloads":true,"has_wiki":true,"has_pages":true,"forks_count":17,"mirror_url":null,"archived":false,"disabled":false,"open_issues_count":0,"license":{"key":"other","name":"Other","spdx_id":"NOASSERTION","url":null,"node_id":"MDc6TGljZW5zZTA="},"allow_forking":true,"is_template":false,"web_commit_signoff_required":false,"topics":["alpha-vantage","alpha-vantage-api","api-wrapper","hacktoberfest","julia","julia-wrapper","stock-data"],"visibility":"public","forks":17,"open_issues":0,"watchers":64,"default_branch":"master","permissions":{"admin":false,"maintain":false,"push":false,"triage":false,"pull":true},"temp_clone_token":"","network_count":17,"subscribers_count":7}