{"id":115037236,"node_id":"MDEwOlJlcG9zaXRvcnkxMTUwMzcyMzY=","name":"Adapt.jl","full_name":"JuliaGPU/Adapt.jl","private":false,"owner":{"login":"JuliaGPU","id":7346142,"node_id":"MDEyOk9yZ2FuaXphdGlvbjczNDYxNDI=","avatar_url":"https://avatars.githubusercontent.com/u/7346142?v=4","gravatar_id":"","url":"https://api.github.com/users/JuliaGPU","html_url":"https://github.com/JuliaGPU","followers_url":"https://api.github.com/users/JuliaGPU/followers","following_url":"https://api.github.com/users/JuliaGPU/following{/other_user}","gists_url":"https://api.github.com/users/JuliaGPU/gists{/gist_id}","starred_url":"https://api.github.com/users/JuliaGPU/starred{/owner}{/repo}","subscriptions_url":"https://api.github.com/users/JuliaGPU/subscriptions","organizations_url":"https://api.github.com/users/JuliaGPU/orgs","repos_url":"https://api.github.com/users/JuliaGPU/repos","events_url":"https://api.github.com/users/JuliaGPU/events{/privacy}","received_events_url":"https://api.github.com/users/JuliaGPU/received_events","type":"Organization","site_admin":false},"html_url":"https://github.com/JuliaGPU/Adapt.jl","description":null,"fork":false,"url":"https://api.github.com/repos/JuliaGPU/Adapt.jl","forks_url":"https://api.github.com/repos/JuliaGPU/Adapt.jl/forks","keys_url":"https://api.github.com/repos/JuliaGPU/Adapt.jl/keys{/key_id}","collaborators_url":"https://api.github.com/repos/JuliaGPU/Adapt.jl/collaborators{/collaborator}","teams_url":"https://api.github.com/repos/JuliaGPU/Adapt.jl/teams","hooks_url":"https://api.github.com/repos/JuliaGPU/Adapt.jl/hooks","issue_events_url":"https://api.github.com/repos/JuliaGPU/Adapt.jl/issues/events{/number}","events_url":"https://api.github.com/repos/JuliaGPU/Adapt.jl/events","assignees_url":"https://api.github.com/repos/JuliaGPU/Adapt.jl/assignees{/user}","branches_url":"https://api.github.com/repos/JuliaGPU/Adapt.jl/branches{/branch}","tags_url":"https://api.github.com/repos/JuliaGPU/Adapt.jl/tags","blobs_url":"https://api.github.com/repos/JuliaGPU/Adapt.jl/git/blobs{/sha}","git_tags_url":"https://api.github.com/repos/JuliaGPU/Adapt.jl/git/tags{/sha}","git_refs_url":"https://api.github.com/repos/JuliaGPU/Adapt.jl/git/refs{/sha}","trees_url":"https://api.github.com/repos/JuliaGPU/Adapt.jl/git/trees{/sha}","statuses_url":"https://api.github.com/repos/JuliaGPU/Adapt.jl/statuses/{sha}","languages_url":"https://api.github.com/repos/JuliaGPU/Adapt.jl/languages","stargazers_url":"https://api.github.com/repos/JuliaGPU/Adapt.jl/stargazers","contributors_url":"https://api.github.com/repos/JuliaGPU/Adapt.jl/contributors","subscribers_url":"https://api.github.com/repos/JuliaGPU/Adapt.jl/subscribers","subscription_url":"https://api.github.com/repos/JuliaGPU/Adapt.jl/subscription","commits_url":"https://api.github.com/repos/JuliaGPU/Adapt.jl/commits{/sha}","git_commits_url":"https://api.github.com/repos/JuliaGPU/Adapt.jl/git/commits{/sha}","comments_url":"https://api.github.com/repos/JuliaGPU/Adapt.jl/comments{/number}","issue_comment_url":"https://api.github.com/repos/JuliaGPU/Adapt.jl/issues/comments{/number}","contents_url":"https://api.github.com/repos/JuliaGPU/Adapt.jl/contents/{+path}","compare_url":"https://api.github.com/repos/JuliaGPU/Adapt.jl/compare/{base}...{head}","merges_url":"https://api.github.com/repos/JuliaGPU/Adapt.jl/merges","archive_url":"https://api.github.com/repos/JuliaGPU/Adapt.jl/{archive_format}{/ref}","downloads_url":"https://api.github.com/repos/JuliaGPU/Adapt.jl/downloads","issues_url":"https://api.github.com/repos/JuliaGPU/Adapt.jl/issues{/number}","pulls_url":"https://api.github.com/repos/JuliaGPU/Adapt.jl/pulls{/number}","milestones_url":"https://api.github.com/repos/JuliaGPU/Adapt.jl/milestones{/number}","notifications_url":"https://api.github.com/repos/JuliaGPU/Adapt.jl/notifications{?since,all,participating}","labels_url":"https://api.github.com/repos/JuliaGPU/Adapt.jl/labels{/name}","releases_url":"https://api.github.com/repos/JuliaGPU/Adapt.jl/releases{/id}","deployments_url":"https://api.github.com/repos/JuliaGPU/Adapt.jl/deployments","created_at":"2017-12-21T18:54:57Z","updated_at":"2022-06-22T15:06:46Z","pushed_at":"2022-05-26T11:44:04Z","git_url":"git://github.com/JuliaGPU/Adapt.jl.git","ssh_url":"git@github.com:JuliaGPU/Adapt.jl.git","clone_url":"https://github.com/JuliaGPU/Adapt.jl.git","svn_url":"https://github.com/JuliaGPU/Adapt.jl","homepage":null,"size":85,"stargazers_count":48,"watchers_count":48,"language":"Julia","has_issues":true,"has_projects":true,"has_downloads":true,"has_wiki":true,"has_pages":false,"forks_count":16,"mirror_url":null,"archived":false,"disabled":false,"open_issues_count":8,"license":{"key":"other","name":"Other","spdx_id":"NOASSERTION","url":null,"node_id":"MDc6TGljZW5zZTA="},"allow_forking":true,"is_template":false,"web_commit_signoff_required":false,"topics":["gpu","julia"],"visibility":"public","forks":16,"open_issues":8,"watchers":48,"default_branch":"master","permissions":{"admin":false,"maintain":false,"push":false,"triage":false,"pull":true},"temp_clone_token":"","organization":{"login":"JuliaGPU","id":7346142,"node_id":"MDEyOk9yZ2FuaXphdGlvbjczNDYxNDI=","avatar_url":"https://avatars.githubusercontent.com/u/7346142?v=4","gravatar_id":"","url":"https://api.github.com/users/JuliaGPU","html_url":"https://github.com/JuliaGPU","followers_url":"https://api.github.com/users/JuliaGPU/followers","following_url":"https://api.github.com/users/JuliaGPU/following{/other_user}","gists_url":"https://api.github.com/users/JuliaGPU/gists{/gist_id}","starred_url":"https://api.github.com/users/JuliaGPU/starred{/owner}{/repo}","subscriptions_url":"https://api.github.com/users/JuliaGPU/subscriptions","organizations_url":"https://api.github.com/users/JuliaGPU/orgs","repos_url":"https://api.github.com/users/JuliaGPU/repos","events_url":"https://api.github.com/users/JuliaGPU/events{/privacy}","received_events_url":"https://api.github.com/users/JuliaGPU/received_events","type":"Organization","site_admin":false},"network_count":16,"subscribers_count":4}