{"id":62251234,"node_id":"MDEwOlJlcG9zaXRvcnk2MjI1MTIzNA==","name":"ArbFloats.jl","full_name":"JuliaArbTypes/ArbFloats.jl","private":false,"owner":{"login":"JuliaArbTypes","id":20150167,"node_id":"MDEyOk9yZ2FuaXphdGlvbjIwMTUwMTY3","avatar_url":"https://avatars.githubusercontent.com/u/20150167?v=4","gravatar_id":"","url":"https://api.github.com/users/JuliaArbTypes","html_url":"https://github.com/JuliaArbTypes","followers_url":"https://api.github.com/users/JuliaArbTypes/followers","following_url":"https://api.github.com/users/JuliaArbTypes/following{/other_user}","gists_url":"https://api.github.com/users/JuliaArbTypes/gists{/gist_id}","starred_url":"https://api.github.com/users/JuliaArbTypes/starred{/owner}{/repo}","subscriptions_url":"https://api.github.com/users/JuliaArbTypes/subscriptions","organizations_url":"https://api.github.com/users/JuliaArbTypes/orgs","repos_url":"https://api.github.com/users/JuliaArbTypes/repos","events_url":"https://api.github.com/users/JuliaArbTypes/events{/privacy}","received_events_url":"https://api.github.com/users/JuliaArbTypes/received_events","type":"Organization","site_admin":false},"html_url":"https://github.com/JuliaArbTypes/ArbFloats.jl","description":"Much faster than BigFloat at precisions up to 3,500 bits (1050 digits)","fork":false,"url":"https://api.github.com/repos/JuliaArbTypes/ArbFloats.jl","forks_url":"https://api.github.com/repos/JuliaArbTypes/ArbFloats.jl/forks","keys_url":"https://api.github.com/repos/JuliaArbTypes/ArbFloats.jl/keys{/key_id}","collaborators_url":"https://api.github.com/repos/JuliaArbTypes/ArbFloats.jl/collaborators{/collaborator}","teams_url":"https://api.github.com/repos/JuliaArbTypes/ArbFloats.jl/teams","hooks_url":"https://api.github.com/repos/JuliaArbTypes/ArbFloats.jl/hooks","issue_events_url":"https://api.github.com/repos/JuliaArbTypes/ArbFloats.jl/issues/events{/number}","events_url":"https://api.github.com/repos/JuliaArbTypes/ArbFloats.jl/events","assignees_url":"https://api.github.com/repos/JuliaArbTypes/ArbFloats.jl/assignees{/user}","branches_url":"https://api.github.com/repos/JuliaArbTypes/ArbFloats.jl/branches{/branch}","tags_url":"https://api.github.com/repos/JuliaArbTypes/ArbFloats.jl/tags","blobs_url":"https://api.github.com/repos/JuliaArbTypes/ArbFloats.jl/git/blobs{/sha}","git_tags_url":"https://api.github.com/repos/JuliaArbTypes/ArbFloats.jl/git/tags{/sha}","git_refs_url":"https://api.github.com/repos/JuliaArbTypes/ArbFloats.jl/git/refs{/sha}","trees_url":"https://api.github.com/repos/JuliaArbTypes/ArbFloats.jl/git/trees{/sha}","statuses_url":"https://api.github.com/repos/JuliaArbTypes/ArbFloats.jl/statuses/{sha}","languages_url":"https://api.github.com/repos/JuliaArbTypes/ArbFloats.jl/languages","stargazers_url":"https://api.github.com/repos/JuliaArbTypes/ArbFloats.jl/stargazers","contributors_url":"https://api.github.com/repos/JuliaArbTypes/ArbFloats.jl/contributors","subscribers_url":"https://api.github.com/repos/JuliaArbTypes/ArbFloats.jl/subscribers","subscription_url":"https://api.github.com/repos/JuliaArbTypes/ArbFloats.jl/subscription","commits_url":"https://api.github.com/repos/JuliaArbTypes/ArbFloats.jl/commits{/sha}","git_commits_url":"https://api.github.com/repos/JuliaArbTypes/ArbFloats.jl/git/commits{/sha}","comments_url":"https://api.github.com/repos/JuliaArbTypes/ArbFloats.jl/comments{/number}","issue_comment_url":"https://api.github.com/repos/JuliaArbTypes/ArbFloats.jl/issues/comments{/number}","contents_url":"https://api.github.com/repos/JuliaArbTypes/ArbFloats.jl/contents/{+path}","compare_url":"https://api.github.com/repos/JuliaArbTypes/ArbFloats.jl/compare/{base}...{head}","merges_url":"https://api.github.com/repos/JuliaArbTypes/ArbFloats.jl/merges","archive_url":"https://api.github.com/repos/JuliaArbTypes/ArbFloats.jl/{archive_format}{/ref}","downloads_url":"https://api.github.com/repos/JuliaArbTypes/ArbFloats.jl/downloads","issues_url":"https://api.github.com/repos/JuliaArbTypes/ArbFloats.jl/issues{/number}","pulls_url":"https://api.github.com/repos/JuliaArbTypes/ArbFloats.jl/pulls{/number}","milestones_url":"https://api.github.com/repos/JuliaArbTypes/ArbFloats.jl/milestones{/number}","notifications_url":"https://api.github.com/repos/JuliaArbTypes/ArbFloats.jl/notifications{?since,all,participating}","labels_url":"https://api.github.com/repos/JuliaArbTypes/ArbFloats.jl/labels{/name}","releases_url":"https://api.github.com/repos/JuliaArbTypes/ArbFloats.jl/releases{/id}","deployments_url":"https://api.github.com/repos/JuliaArbTypes/ArbFloats.jl/deployments","created_at":"2016-06-29T19:10:46Z","updated_at":"2022-05-24T11:35:23Z","pushed_at":"2019-03-07T02:22:55Z","git_url":"git://github.com/JuliaArbTypes/ArbFloats.jl.git","ssh_url":"git@github.com:JuliaArbTypes/ArbFloats.jl.git","clone_url":"https://github.com/JuliaArbTypes/ArbFloats.jl.git","svn_url":"https://github.com/JuliaArbTypes/ArbFloats.jl","homepage":"","size":987,"stargazers_count":24,"watchers_count":24,"language":"Julia","has_issues":true,"has_projects":true,"has_downloads":true,"has_wiki":true,"has_pages":false,"forks_count":11,"mirror_url":null,"archived":false,"disabled":false,"open_issues_count":5,"license":{"key":"mit","name":"MIT License","spdx_id":"MIT","url":"https://api.github.com/licenses/mit","node_id":"MDc6TGljZW5zZTEz"},"allow_forking":true,"is_template":false,"web_commit_signoff_required":false,"topics":[],"visibility":"public","forks":11,"open_issues":5,"watchers":24,"default_branch":"master","permissions":{"admin":false,"maintain":false,"push":false,"triage":false,"pull":true},"temp_clone_token":"","organization":{"login":"JuliaArbTypes","id":20150167,"node_id":"MDEyOk9yZ2FuaXphdGlvbjIwMTUwMTY3","avatar_url":"https://avatars.githubusercontent.com/u/20150167?v=4","gravatar_id":"","url":"https://api.github.com/users/JuliaArbTypes","html_url":"https://github.com/JuliaArbTypes","followers_url":"https://api.github.com/users/JuliaArbTypes/followers","following_url":"https://api.github.com/users/JuliaArbTypes/following{/other_user}","gists_url":"https://api.github.com/users/JuliaArbTypes/gists{/gist_id}","starred_url":"https://api.github.com/users/JuliaArbTypes/starred{/owner}{/repo}","subscriptions_url":"https://api.github.com/users/JuliaArbTypes/subscriptions","organizations_url":"https://api.github.com/users/JuliaArbTypes/orgs","repos_url":"https://api.github.com/users/JuliaArbTypes/repos","events_url":"https://api.github.com/users/JuliaArbTypes/events{/privacy}","received_events_url":"https://api.github.com/users/JuliaArbTypes/received_events","type":"Organization","site_admin":false},"network_count":11,"subscribers_count":7}