{"name":"README.md","path":"README.md","sha":"eac79c9696f02c58846d29ba22ac2a0e6498129d","size":349,"url":"https://api.github.com/repos/JuliaIO/AndorSIF.jl/contents/README.md?ref=master","html_url":"https://github.com/JuliaIO/AndorSIF.jl/blob/master/README.md","git_url":"https://api.github.com/repos/JuliaIO/AndorSIF.jl/git/blobs/eac79c9696f02c58846d29ba22ac2a0e6498129d","download_url":"https://raw.githubusercontent.com/JuliaIO/AndorSIF.jl/master/README.md","type":"file","content":"IyBBbmRvclNJRgoKWyFbQnVpbGQgc3RhdHVzXShodHRwczovL2dpdGh1Yi5j\nb20vSnVsaWFJTy9BbmRvclNJRi5qbC9hY3Rpb25zL3dvcmtmbG93cy9DSS55\nbWwvYmFkZ2Uuc3ZnKV0oaHR0cHM6Ly9naXRodWIuY29tL0p1bGlhSU8vQW5k\nb3JTSUYuamwvYWN0aW9ucy93b3JrZmxvd3MvQ0kueW1sKQoKVGhpcyBpbXBs\nZW1lbnRzIHN1cHBvcnQgZm9yIHJlYWRpbmcgQW5kb3IgU0lGIGltYWdlIGZp\nbGVzIGluIHRoZSBKdWxpYSBwcm9ncmFtbWluZyBsYW5ndWFnZS4KCiMjIFVz\nYWdlCgpgYGBqbAp1c2luZyBJbWFnZXMKbG9hZChmaWxlbmFtZSkKYGBgCndo\nZXJlIGBmaWxlbmFtZWAgaXMgYSBgKi5zaWZgIGZpbGUuCg==\n","encoding":"base64","_links":{"self":"https://api.github.com/repos/JuliaIO/AndorSIF.jl/contents/README.md?ref=master","git":"https://api.github.com/repos/JuliaIO/AndorSIF.jl/git/blobs/eac79c9696f02c58846d29ba22ac2a0e6498129d","html":"https://github.com/JuliaIO/AndorSIF.jl/blob/master/README.md"}}