{"id":67028848,"node_id":"MDEwOlJlcG9zaXRvcnk2NzAyODg0OA==","name":"AMQPClient.jl","full_name":"JuliaComputing/AMQPClient.jl","private":false,"owner":{"login":"JuliaComputing","id":10258468,"node_id":"MDEyOk9yZ2FuaXphdGlvbjEwMjU4NDY4","avatar_url":"https://avatars.githubusercontent.com/u/10258468?v=4","gravatar_id":"","url":"https://api.github.com/users/JuliaComputing","html_url":"https://github.com/JuliaComputing","followers_url":"https://api.github.com/users/JuliaComputing/followers","following_url":"https://api.github.com/users/JuliaComputing/following{/other_user}","gists_url":"https://api.github.com/users/JuliaComputing/gists{/gist_id}","starred_url":"https://api.github.com/users/JuliaComputing/starred{/owner}{/repo}","subscriptions_url":"https://api.github.com/users/JuliaComputing/subscriptions","organizations_url":"https://api.github.com/users/JuliaComputing/orgs","repos_url":"https://api.github.com/users/JuliaComputing/repos","events_url":"https://api.github.com/users/JuliaComputing/events{/privacy}","received_events_url":"https://api.github.com/users/JuliaComputing/received_events","type":"Organization","site_admin":false},"html_url":"https://github.com/JuliaComputing/AMQPClient.jl","description":"A Julia AMQP (Advanced Message Queuing Protocol) / RabbitMQ Client.","fork":false,"url":"https://api.github.com/repos/JuliaComputing/AMQPClient.jl","forks_url":"https://api.github.com/repos/JuliaComputing/AMQPClient.jl/forks","keys_url":"https://api.github.com/repos/JuliaComputing/AMQPClient.jl/keys{/key_id}","collaborators_url":"https://api.github.com/repos/JuliaComputing/AMQPClient.jl/collaborators{/collaborator}","teams_url":"https://api.github.com/repos/JuliaComputing/AMQPClient.jl/teams","hooks_url":"https://api.github.com/repos/JuliaComputing/AMQPClient.jl/hooks","issue_events_url":"https://api.github.com/repos/JuliaComputing/AMQPClient.jl/issues/events{/number}","events_url":"https://api.github.com/repos/JuliaComputing/AMQPClient.jl/events","assignees_url":"https://api.github.com/repos/JuliaComputing/AMQPClient.jl/assignees{/user}","branches_url":"https://api.github.com/repos/JuliaComputing/AMQPClient.jl/branches{/branch}","tags_url":"https://api.github.com/repos/JuliaComputing/AMQPClient.jl/tags","blobs_url":"https://api.github.com/repos/JuliaComputing/AMQPClient.jl/git/blobs{/sha}","git_tags_url":"https://api.github.com/repos/JuliaComputing/AMQPClient.jl/git/tags{/sha}","git_refs_url":"https://api.github.com/repos/JuliaComputing/AMQPClient.jl/git/refs{/sha}","trees_url":"https://api.github.com/repos/JuliaComputing/AMQPClient.jl/git/trees{/sha}","statuses_url":"https://api.github.com/repos/JuliaComputing/AMQPClient.jl/statuses/{sha}","languages_url":"https://api.github.com/repos/JuliaComputing/AMQPClient.jl/languages","stargazers_url":"https://api.github.com/repos/JuliaComputing/AMQPClient.jl/stargazers","contributors_url":"https://api.github.com/repos/JuliaComputing/AMQPClient.jl/contributors","subscribers_url":"https://api.github.com/repos/JuliaComputing/AMQPClient.jl/subscribers","subscription_url":"https://api.github.com/repos/JuliaComputing/AMQPClient.jl/subscription","commits_url":"https://api.github.com/repos/JuliaComputing/AMQPClient.jl/commits{/sha}","git_commits_url":"https://api.github.com/repos/JuliaComputing/AMQPClient.jl/git/commits{/sha}","comments_url":"https://api.github.com/repos/JuliaComputing/AMQPClient.jl/comments{/number}","issue_comment_url":"https://api.github.com/repos/JuliaComputing/AMQPClient.jl/issues/comments{/number}","contents_url":"https://api.github.com/repos/JuliaComputing/AMQPClient.jl/contents/{+path}","compare_url":"https://api.github.com/repos/JuliaComputing/AMQPClient.jl/compare/{base}...{head}","merges_url":"https://api.github.com/repos/JuliaComputing/AMQPClient.jl/merges","archive_url":"https://api.github.com/repos/JuliaComputing/AMQPClient.jl/{archive_format}{/ref}","downloads_url":"https://api.github.com/repos/JuliaComputing/AMQPClient.jl/downloads","issues_url":"https://api.github.com/repos/JuliaComputing/AMQPClient.jl/issues{/number}","pulls_url":"https://api.github.com/repos/JuliaComputing/AMQPClient.jl/pulls{/number}","milestones_url":"https://api.github.com/repos/JuliaComputing/AMQPClient.jl/milestones{/number}","notifications_url":"https://api.github.com/repos/JuliaComputing/AMQPClient.jl/notifications{?since,all,participating}","labels_url":"https://api.github.com/repos/JuliaComputing/AMQPClient.jl/labels{/name}","releases_url":"https://api.github.com/repos/JuliaComputing/AMQPClient.jl/releases{/id}","deployments_url":"https://api.github.com/repos/JuliaComputing/AMQPClient.jl/deployments","created_at":"2016-08-31T10:43:50Z","updated_at":"2022-04-01T17:21:18Z","pushed_at":"2022-04-18T16:13:53Z","git_url":"git://github.com/JuliaComputing/AMQPClient.jl.git","ssh_url":"git@github.com:JuliaComputing/AMQPClient.jl.git","clone_url":"https://github.com/JuliaComputing/AMQPClient.jl.git","svn_url":"https://github.com/JuliaComputing/AMQPClient.jl","homepage":"","size":306,"stargazers_count":27,"watchers_count":27,"language":"Julia","has_issues":true,"has_projects":true,"has_downloads":true,"has_wiki":true,"has_pages":false,"forks_count":20,"mirror_url":null,"archived":false,"disabled":false,"open_issues_count":6,"license":{"key":"other","name":"Other","spdx_id":"NOASSERTION","url":null,"node_id":"MDc6TGljZW5zZTA="},"allow_forking":true,"is_template":false,"web_commit_signoff_required":false,"topics":["amqpclient","julia","message-queue","rabbitmq"],"visibility":"public","forks":20,"open_issues":6,"watchers":27,"default_branch":"master","permissions":{"admin":false,"maintain":false,"push":false,"triage":false,"pull":true},"temp_clone_token":"","organization":{"login":"JuliaComputing","id":10258468,"node_id":"MDEyOk9yZ2FuaXphdGlvbjEwMjU4NDY4","avatar_url":"https://avatars.githubusercontent.com/u/10258468?v=4","gravatar_id":"","url":"https://api.github.com/users/JuliaComputing","html_url":"https://github.com/JuliaComputing","followers_url":"https://api.github.com/users/JuliaComputing/followers","following_url":"https://api.github.com/users/JuliaComputing/following{/other_user}","gists_url":"https://api.github.com/users/JuliaComputing/gists{/gist_id}","starred_url":"https://api.github.com/users/JuliaComputing/starred{/owner}{/repo}","subscriptions_url":"https://api.github.com/users/JuliaComputing/subscriptions","organizations_url":"https://api.github.com/users/JuliaComputing/orgs","repos_url":"https://api.github.com/users/JuliaComputing/repos","events_url":"https://api.github.com/users/JuliaComputing/events{/privacy}","received_events_url":"https://api.github.com/users/JuliaComputing/received_events","type":"Organization","site_admin":false},"network_count":20,"subscribers_count":32}