{"id":329653042,"node_id":"MDEwOlJlcG9zaXRvcnkzMjk2NTMwNDI=","name":"AMGX.jl","full_name":"JuliaGPU/AMGX.jl","private":false,"owner":{"login":"JuliaGPU","id":7346142,"node_id":"MDEyOk9yZ2FuaXphdGlvbjczNDYxNDI=","avatar_url":"https://avatars.githubusercontent.com/u/7346142?v=4","gravatar_id":"","url":"https://api.github.com/users/JuliaGPU","html_url":"https://github.com/JuliaGPU","followers_url":"https://api.github.com/users/JuliaGPU/followers","following_url":"https://api.github.com/users/JuliaGPU/following{/other_user}","gists_url":"https://api.github.com/users/JuliaGPU/gists{/gist_id}","starred_url":"https://api.github.com/users/JuliaGPU/starred{/owner}{/repo}","subscriptions_url":"https://api.github.com/users/JuliaGPU/subscriptions","organizations_url":"https://api.github.com/users/JuliaGPU/orgs","repos_url":"https://api.github.com/users/JuliaGPU/repos","events_url":"https://api.github.com/users/JuliaGPU/events{/privacy}","received_events_url":"https://api.github.com/users/JuliaGPU/received_events","type":"Organization","site_admin":false},"html_url":"https://github.com/JuliaGPU/AMGX.jl","description":null,"fork":false,"url":"https://api.github.com/repos/JuliaGPU/AMGX.jl","forks_url":"https://api.github.com/repos/JuliaGPU/AMGX.jl/forks","keys_url":"https://api.github.com/repos/JuliaGPU/AMGX.jl/keys{/key_id}","collaborators_url":"https://api.github.com/repos/JuliaGPU/AMGX.jl/collaborators{/collaborator}","teams_url":"https://api.github.com/repos/JuliaGPU/AMGX.jl/teams","hooks_url":"https://api.github.com/repos/JuliaGPU/AMGX.jl/hooks","issue_events_url":"https://api.github.com/repos/JuliaGPU/AMGX.jl/issues/events{/number}","events_url":"https://api.github.com/repos/JuliaGPU/AMGX.jl/events","assignees_url":"https://api.github.com/repos/JuliaGPU/AMGX.jl/assignees{/user}","branches_url":"https://api.github.com/repos/JuliaGPU/AMGX.jl/branches{/branch}","tags_url":"https://api.github.com/repos/JuliaGPU/AMGX.jl/tags","blobs_url":"https://api.github.com/repos/JuliaGPU/AMGX.jl/git/blobs{/sha}","git_tags_url":"https://api.github.com/repos/JuliaGPU/AMGX.jl/git/tags{/sha}","git_refs_url":"https://api.github.com/repos/JuliaGPU/AMGX.jl/git/refs{/sha}","trees_url":"https://api.github.com/repos/JuliaGPU/AMGX.jl/git/trees{/sha}","statuses_url":"https://api.github.com/repos/JuliaGPU/AMGX.jl/statuses/{sha}","languages_url":"https://api.github.com/repos/JuliaGPU/AMGX.jl/languages","stargazers_url":"https://api.github.com/repos/JuliaGPU/AMGX.jl/stargazers","contributors_url":"https://api.github.com/repos/JuliaGPU/AMGX.jl/contributors","subscribers_url":"https://api.github.com/repos/JuliaGPU/AMGX.jl/subscribers","subscription_url":"https://api.github.com/repos/JuliaGPU/AMGX.jl/subscription","commits_url":"https://api.github.com/repos/JuliaGPU/AMGX.jl/commits{/sha}","git_commits_url":"https://api.github.com/repos/JuliaGPU/AMGX.jl/git/commits{/sha}","comments_url":"https://api.github.com/repos/JuliaGPU/AMGX.jl/comments{/number}","issue_comment_url":"https://api.github.com/repos/JuliaGPU/AMGX.jl/issues/comments{/number}","contents_url":"https://api.github.com/repos/JuliaGPU/AMGX.jl/contents/{+path}","compare_url":"https://api.github.com/repos/JuliaGPU/AMGX.jl/compare/{base}...{head}","merges_url":"https://api.github.com/repos/JuliaGPU/AMGX.jl/merges","archive_url":"https://api.github.com/repos/JuliaGPU/AMGX.jl/{archive_format}{/ref}","downloads_url":"https://api.github.com/repos/JuliaGPU/AMGX.jl/downloads","issues_url":"https://api.github.com/repos/JuliaGPU/AMGX.jl/issues{/number}","pulls_url":"https://api.github.com/repos/JuliaGPU/AMGX.jl/pulls{/number}","milestones_url":"https://api.github.com/repos/JuliaGPU/AMGX.jl/milestones{/number}","notifications_url":"https://api.github.com/repos/JuliaGPU/AMGX.jl/notifications{?since,all,participating}","labels_url":"https://api.github.com/repos/JuliaGPU/AMGX.jl/labels{/name}","releases_url":"https://api.github.com/repos/JuliaGPU/AMGX.jl/releases{/id}","deployments_url":"https://api.github.com/repos/JuliaGPU/AMGX.jl/deployments","created_at":"2021-01-14T15:18:32Z","updated_at":"2021-11-26T07:41:13Z","pushed_at":"2021-02-02T09:50:28Z","git_url":"git://github.com/JuliaGPU/AMGX.jl.git","ssh_url":"git@github.com:JuliaGPU/AMGX.jl.git","clone_url":"https://github.com/JuliaGPU/AMGX.jl.git","svn_url":"https://github.com/JuliaGPU/AMGX.jl","homepage":null,"size":65,"stargazers_count":9,"watchers_count":9,"language":"Julia","has_issues":true,"has_projects":true,"has_downloads":true,"has_wiki":true,"has_pages":false,"forks_count":1,"mirror_url":null,"archived":false,"disabled":false,"open_issues_count":5,"license":{"key":"mit","name":"MIT License","spdx_id":"MIT","url":"https://api.github.com/licenses/mit","node_id":"MDc6TGljZW5zZTEz"},"allow_forking":true,"is_template":false,"web_commit_signoff_required":false,"topics":["amgx","julia"],"visibility":"public","forks":1,"open_issues":5,"watchers":9,"default_branch":"master","permissions":{"admin":false,"maintain":false,"push":false,"triage":false,"pull":true},"temp_clone_token":"","organization":{"login":"JuliaGPU","id":7346142,"node_id":"MDEyOk9yZ2FuaXphdGlvbjczNDYxNDI=","avatar_url":"https://avatars.githubusercontent.com/u/7346142?v=4","gravatar_id":"","url":"https://api.github.com/users/JuliaGPU","html_url":"https://github.com/JuliaGPU","followers_url":"https://api.github.com/users/JuliaGPU/followers","following_url":"https://api.github.com/users/JuliaGPU/following{/other_user}","gists_url":"https://api.github.com/users/JuliaGPU/gists{/gist_id}","starred_url":"https://api.github.com/users/JuliaGPU/starred{/owner}{/repo}","subscriptions_url":"https://api.github.com/users/JuliaGPU/subscriptions","organizations_url":"https://api.github.com/users/JuliaGPU/orgs","repos_url":"https://api.github.com/users/JuliaGPU/repos","events_url":"https://api.github.com/users/JuliaGPU/events{/privacy}","received_events_url":"https://api.github.com/users/JuliaGPU/received_events","type":"Organization","site_admin":false},"network_count":1,"subscribers_count":5}