{"id":70806044,"node_id":"MDEwOlJlcG9zaXRvcnk3MDgwNjA0NA==","name":"Adjacently.jl","full_name":"jimbotonic/Adjacently.jl","private":false,"owner":{"login":"jimbotonic","id":6384906,"node_id":"MDQ6VXNlcjYzODQ5MDY=","avatar_url":"https://avatars.githubusercontent.com/u/6384906?v=4","gravatar_id":"","url":"https://api.github.com/users/jimbotonic","html_url":"https://github.com/jimbotonic","followers_url":"https://api.github.com/users/jimbotonic/followers","following_url":"https://api.github.com/users/jimbotonic/following{/other_user}","gists_url":"https://api.github.com/users/jimbotonic/gists{/gist_id}","starred_url":"https://api.github.com/users/jimbotonic/starred{/owner}{/repo}","subscriptions_url":"https://api.github.com/users/jimbotonic/subscriptions","organizations_url":"https://api.github.com/users/jimbotonic/orgs","repos_url":"https://api.github.com/users/jimbotonic/repos","events_url":"https://api.github.com/users/jimbotonic/events{/privacy}","received_events_url":"https://api.github.com/users/jimbotonic/received_events","type":"User","site_admin":false},"html_url":"https://github.com/jimbotonic/Adjacently.jl","description":"Julia Complex Networks Library","fork":false,"url":"https://api.github.com/repos/jimbotonic/Adjacently.jl","forks_url":"https://api.github.com/repos/jimbotonic/Adjacently.jl/forks","keys_url":"https://api.github.com/repos/jimbotonic/Adjacently.jl/keys{/key_id}","collaborators_url":"https://api.github.com/repos/jimbotonic/Adjacently.jl/collaborators{/collaborator}","teams_url":"https://api.github.com/repos/jimbotonic/Adjacently.jl/teams","hooks_url":"https://api.github.com/repos/jimbotonic/Adjacently.jl/hooks","issue_events_url":"https://api.github.com/repos/jimbotonic/Adjacently.jl/issues/events{/number}","events_url":"https://api.github.com/repos/jimbotonic/Adjacently.jl/events","assignees_url":"https://api.github.com/repos/jimbotonic/Adjacently.jl/assignees{/user}","branches_url":"https://api.github.com/repos/jimbotonic/Adjacently.jl/branches{/branch}","tags_url":"https://api.github.com/repos/jimbotonic/Adjacently.jl/tags","blobs_url":"https://api.github.com/repos/jimbotonic/Adjacently.jl/git/blobs{/sha}","git_tags_url":"https://api.github.com/repos/jimbotonic/Adjacently.jl/git/tags{/sha}","git_refs_url":"https://api.github.com/repos/jimbotonic/Adjacently.jl/git/refs{/sha}","trees_url":"https://api.github.com/repos/jimbotonic/Adjacently.jl/git/trees{/sha}","statuses_url":"https://api.github.com/repos/jimbotonic/Adjacently.jl/statuses/{sha}","languages_url":"https://api.github.com/repos/jimbotonic/Adjacently.jl/languages","stargazers_url":"https://api.github.com/repos/jimbotonic/Adjacently.jl/stargazers","contributors_url":"https://api.github.com/repos/jimbotonic/Adjacently.jl/contributors","subscribers_url":"https://api.github.com/repos/jimbotonic/Adjacently.jl/subscribers","subscription_url":"https://api.github.com/repos/jimbotonic/Adjacently.jl/subscription","commits_url":"https://api.github.com/repos/jimbotonic/Adjacently.jl/commits{/sha}","git_commits_url":"https://api.github.com/repos/jimbotonic/Adjacently.jl/git/commits{/sha}","comments_url":"https://api.github.com/repos/jimbotonic/Adjacently.jl/comments{/number}","issue_comment_url":"https://api.github.com/repos/jimbotonic/Adjacently.jl/issues/comments{/number}","contents_url":"https://api.github.com/repos/jimbotonic/Adjacently.jl/contents/{+path}","compare_url":"https://api.github.com/repos/jimbotonic/Adjacently.jl/compare/{base}...{head}","merges_url":"https://api.github.com/repos/jimbotonic/Adjacently.jl/merges","archive_url":"https://api.github.com/repos/jimbotonic/Adjacently.jl/{archive_format}{/ref}","downloads_url":"https://api.github.com/repos/jimbotonic/Adjacently.jl/downloads","issues_url":"https://api.github.com/repos/jimbotonic/Adjacently.jl/issues{/number}","pulls_url":"https://api.github.com/repos/jimbotonic/Adjacently.jl/pulls{/number}","milestones_url":"https://api.github.com/repos/jimbotonic/Adjacently.jl/milestones{/number}","notifications_url":"https://api.github.com/repos/jimbotonic/Adjacently.jl/notifications{?since,all,participating}","labels_url":"https://api.github.com/repos/jimbotonic/Adjacently.jl/labels{/name}","releases_url":"https://api.github.com/repos/jimbotonic/Adjacently.jl/releases{/id}","deployments_url":"https://api.github.com/repos/jimbotonic/Adjacently.jl/deployments","created_at":"2016-10-13T12:51:35Z","updated_at":"2022-02-13T23:41:42Z","pushed_at":"2022-02-13T23:41:32Z","git_url":"git://github.com/jimbotonic/Adjacently.jl.git","ssh_url":"git@github.com:jimbotonic/Adjacently.jl.git","clone_url":"https://github.com/jimbotonic/Adjacently.jl.git","svn_url":"https://github.com/jimbotonic/Adjacently.jl","homepage":"","size":139014,"stargazers_count":0,"watchers_count":0,"language":"Jupyter Notebook","has_issues":true,"has_projects":true,"has_downloads":true,"has_wiki":true,"has_pages":false,"forks_count":0,"mirror_url":null,"archived":false,"disabled":false,"open_issues_count":3,"license":{"key":"gpl-3.0","name":"GNU General Public License v3.0","spdx_id":"GPL-3.0","url":"https://api.github.com/licenses/gpl-3.0","node_id":"MDc6TGljZW5zZTk="},"allow_forking":true,"is_template":false,"web_commit_signoff_required":false,"topics":[],"visibility":"public","forks":0,"open_issues":3,"watchers":0,"default_branch":"master","permissions":{"admin":false,"maintain":false,"push":false,"triage":false,"pull":true},"temp_clone_token":"","network_count":0,"subscribers_count":1}