{"id":146003889,"node_id":"MDEwOlJlcG9zaXRvcnkxNDYwMDM4ODk=","name":"AllanDeviations.jl","full_name":"JulienKluge/AllanDeviations.jl","private":false,"owner":{"login":"JulienKluge","id":7844456,"node_id":"MDQ6VXNlcjc4NDQ0NTY=","avatar_url":"https://avatars.githubusercontent.com/u/7844456?v=4","gravatar_id":"","url":"https://api.github.com/users/JulienKluge","html_url":"https://github.com/JulienKluge","followers_url":"https://api.github.com/users/JulienKluge/followers","following_url":"https://api.github.com/users/JulienKluge/following{/other_user}","gists_url":"https://api.github.com/users/JulienKluge/gists{/gist_id}","starred_url":"https://api.github.com/users/JulienKluge/starred{/owner}{/repo}","subscriptions_url":"https://api.github.com/users/JulienKluge/subscriptions","organizations_url":"https://api.github.com/users/JulienKluge/orgs","repos_url":"https://api.github.com/users/JulienKluge/repos","events_url":"https://api.github.com/users/JulienKluge/events{/privacy}","received_events_url":"https://api.github.com/users/JulienKluge/received_events","type":"User","site_admin":false},"html_url":"https://github.com/JulienKluge/AllanDeviations.jl","description":"Julia package for providing frequency-stability test functions. Implemented so far in overlapping as well as consecutive form for phase or frequency datasets are: allan deviation, modified allan deviation, hadamard deviation and time deviation.","fork":false,"url":"https://api.github.com/repos/JulienKluge/AllanDeviations.jl","forks_url":"https://api.github.com/repos/JulienKluge/AllanDeviations.jl/forks","keys_url":"https://api.github.com/repos/JulienKluge/AllanDeviations.jl/keys{/key_id}","collaborators_url":"https://api.github.com/repos/JulienKluge/AllanDeviations.jl/collaborators{/collaborator}","teams_url":"https://api.github.com/repos/JulienKluge/AllanDeviations.jl/teams","hooks_url":"https://api.github.com/repos/JulienKluge/AllanDeviations.jl/hooks","issue_events_url":"https://api.github.com/repos/JulienKluge/AllanDeviations.jl/issues/events{/number}","events_url":"https://api.github.com/repos/JulienKluge/AllanDeviations.jl/events","assignees_url":"https://api.github.com/repos/JulienKluge/AllanDeviations.jl/assignees{/user}","branches_url":"https://api.github.com/repos/JulienKluge/AllanDeviations.jl/branches{/branch}","tags_url":"https://api.github.com/repos/JulienKluge/AllanDeviations.jl/tags","blobs_url":"https://api.github.com/repos/JulienKluge/AllanDeviations.jl/git/blobs{/sha}","git_tags_url":"https://api.github.com/repos/JulienKluge/AllanDeviations.jl/git/tags{/sha}","git_refs_url":"https://api.github.com/repos/JulienKluge/AllanDeviations.jl/git/refs{/sha}","trees_url":"https://api.github.com/repos/JulienKluge/AllanDeviations.jl/git/trees{/sha}","statuses_url":"https://api.github.com/repos/JulienKluge/AllanDeviations.jl/statuses/{sha}","languages_url":"https://api.github.com/repos/JulienKluge/AllanDeviations.jl/languages","stargazers_url":"https://api.github.com/repos/JulienKluge/AllanDeviations.jl/stargazers","contributors_url":"https://api.github.com/repos/JulienKluge/AllanDeviations.jl/contributors","subscribers_url":"https://api.github.com/repos/JulienKluge/AllanDeviations.jl/subscribers","subscription_url":"https://api.github.com/repos/JulienKluge/AllanDeviations.jl/subscription","commits_url":"https://api.github.com/repos/JulienKluge/AllanDeviations.jl/commits{/sha}","git_commits_url":"https://api.github.com/repos/JulienKluge/AllanDeviations.jl/git/commits{/sha}","comments_url":"https://api.github.com/repos/JulienKluge/AllanDeviations.jl/comments{/number}","issue_comment_url":"https://api.github.com/repos/JulienKluge/AllanDeviations.jl/issues/comments{/number}","contents_url":"https://api.github.com/repos/JulienKluge/AllanDeviations.jl/contents/{+path}","compare_url":"https://api.github.com/repos/JulienKluge/AllanDeviations.jl/compare/{base}...{head}","merges_url":"https://api.github.com/repos/JulienKluge/AllanDeviations.jl/merges","archive_url":"https://api.github.com/repos/JulienKluge/AllanDeviations.jl/{archive_format}{/ref}","downloads_url":"https://api.github.com/repos/JulienKluge/AllanDeviations.jl/downloads","issues_url":"https://api.github.com/repos/JulienKluge/AllanDeviations.jl/issues{/number}","pulls_url":"https://api.github.com/repos/JulienKluge/AllanDeviations.jl/pulls{/number}","milestones_url":"https://api.github.com/repos/JulienKluge/AllanDeviations.jl/milestones{/number}","notifications_url":"https://api.github.com/repos/JulienKluge/AllanDeviations.jl/notifications{?since,all,participating}","labels_url":"https://api.github.com/repos/JulienKluge/AllanDeviations.jl/labels{/name}","releases_url":"https://api.github.com/repos/JulienKluge/AllanDeviations.jl/releases{/id}","deployments_url":"https://api.github.com/repos/JulienKluge/AllanDeviations.jl/deployments","created_at":"2018-08-24T14:46:44Z","updated_at":"2022-06-16T16:20:05Z","pushed_at":"2022-02-16T17:47:48Z","git_url":"git://github.com/JulienKluge/AllanDeviations.jl.git","ssh_url":"git@github.com:JulienKluge/AllanDeviations.jl.git","clone_url":"https://github.com/JulienKluge/AllanDeviations.jl.git","svn_url":"https://github.com/JulienKluge/AllanDeviations.jl","homepage":"","size":401,"stargazers_count":9,"watchers_count":9,"language":"Julia","has_issues":true,"has_projects":true,"has_downloads":true,"has_wiki":true,"has_pages":true,"forks_count":2,"mirror_url":null,"archived":false,"disabled":false,"open_issues_count":0,"license":{"key":"mit","name":"MIT License","spdx_id":"MIT","url":"https://api.github.com/licenses/mit","node_id":"MDc6TGljZW5zZTEz"},"allow_forking":true,"is_template":false,"web_commit_signoff_required":false,"topics":["allan-variance","deviation","frequency-analysis","frequency-stability","julia","julia-package","numerics"],"visibility":"public","forks":2,"open_issues":0,"watchers":9,"default_branch":"master","permissions":{"admin":false,"maintain":false,"push":false,"triage":false,"pull":true},"temp_clone_token":"","network_count":2,"subscribers_count":2}