{"id":62597730,"node_id":"MDEwOlJlcG9zaXRvcnk2MjU5NzczMA==","name":"AlgebraicNumbers.jl","full_name":"anj1/AlgebraicNumbers.jl","private":false,"owner":{"login":"anj1","id":4230149,"node_id":"MDQ6VXNlcjQyMzAxNDk=","avatar_url":"https://avatars.githubusercontent.com/u/4230149?v=4","gravatar_id":"","url":"https://api.github.com/users/anj1","html_url":"https://github.com/anj1","followers_url":"https://api.github.com/users/anj1/followers","following_url":"https://api.github.com/users/anj1/following{/other_user}","gists_url":"https://api.github.com/users/anj1/gists{/gist_id}","starred_url":"https://api.github.com/users/anj1/starred{/owner}{/repo}","subscriptions_url":"https://api.github.com/users/anj1/subscriptions","organizations_url":"https://api.github.com/users/anj1/orgs","repos_url":"https://api.github.com/users/anj1/repos","events_url":"https://api.github.com/users/anj1/events{/privacy}","received_events_url":"https://api.github.com/users/anj1/received_events","type":"User","site_admin":false},"html_url":"https://github.com/anj1/AlgebraicNumbers.jl","description":"Exact representation and calculation with roots (e.g. square roots) and their addition/multiplication","fork":false,"url":"https://api.github.com/repos/anj1/AlgebraicNumbers.jl","forks_url":"https://api.github.com/repos/anj1/AlgebraicNumbers.jl/forks","keys_url":"https://api.github.com/repos/anj1/AlgebraicNumbers.jl/keys{/key_id}","collaborators_url":"https://api.github.com/repos/anj1/AlgebraicNumbers.jl/collaborators{/collaborator}","teams_url":"https://api.github.com/repos/anj1/AlgebraicNumbers.jl/teams","hooks_url":"https://api.github.com/repos/anj1/AlgebraicNumbers.jl/hooks","issue_events_url":"https://api.github.com/repos/anj1/AlgebraicNumbers.jl/issues/events{/number}","events_url":"https://api.github.com/repos/anj1/AlgebraicNumbers.jl/events","assignees_url":"https://api.github.com/repos/anj1/AlgebraicNumbers.jl/assignees{/user}","branches_url":"https://api.github.com/repos/anj1/AlgebraicNumbers.jl/branches{/branch}","tags_url":"https://api.github.com/repos/anj1/AlgebraicNumbers.jl/tags","blobs_url":"https://api.github.com/repos/anj1/AlgebraicNumbers.jl/git/blobs{/sha}","git_tags_url":"https://api.github.com/repos/anj1/AlgebraicNumbers.jl/git/tags{/sha}","git_refs_url":"https://api.github.com/repos/anj1/AlgebraicNumbers.jl/git/refs{/sha}","trees_url":"https://api.github.com/repos/anj1/AlgebraicNumbers.jl/git/trees{/sha}","statuses_url":"https://api.github.com/repos/anj1/AlgebraicNumbers.jl/statuses/{sha}","languages_url":"https://api.github.com/repos/anj1/AlgebraicNumbers.jl/languages","stargazers_url":"https://api.github.com/repos/anj1/AlgebraicNumbers.jl/stargazers","contributors_url":"https://api.github.com/repos/anj1/AlgebraicNumbers.jl/contributors","subscribers_url":"https://api.github.com/repos/anj1/AlgebraicNumbers.jl/subscribers","subscription_url":"https://api.github.com/repos/anj1/AlgebraicNumbers.jl/subscription","commits_url":"https://api.github.com/repos/anj1/AlgebraicNumbers.jl/commits{/sha}","git_commits_url":"https://api.github.com/repos/anj1/AlgebraicNumbers.jl/git/commits{/sha}","comments_url":"https://api.github.com/repos/anj1/AlgebraicNumbers.jl/comments{/number}","issue_comment_url":"https://api.github.com/repos/anj1/AlgebraicNumbers.jl/issues/comments{/number}","contents_url":"https://api.github.com/repos/anj1/AlgebraicNumbers.jl/contents/{+path}","compare_url":"https://api.github.com/repos/anj1/AlgebraicNumbers.jl/compare/{base}...{head}","merges_url":"https://api.github.com/repos/anj1/AlgebraicNumbers.jl/merges","archive_url":"https://api.github.com/repos/anj1/AlgebraicNumbers.jl/{archive_format}{/ref}","downloads_url":"https://api.github.com/repos/anj1/AlgebraicNumbers.jl/downloads","issues_url":"https://api.github.com/repos/anj1/AlgebraicNumbers.jl/issues{/number}","pulls_url":"https://api.github.com/repos/anj1/AlgebraicNumbers.jl/pulls{/number}","milestones_url":"https://api.github.com/repos/anj1/AlgebraicNumbers.jl/milestones{/number}","notifications_url":"https://api.github.com/repos/anj1/AlgebraicNumbers.jl/notifications{?since,all,participating}","labels_url":"https://api.github.com/repos/anj1/AlgebraicNumbers.jl/labels{/name}","releases_url":"https://api.github.com/repos/anj1/AlgebraicNumbers.jl/releases{/id}","deployments_url":"https://api.github.com/repos/anj1/AlgebraicNumbers.jl/deployments","created_at":"2016-07-05T01:46:40Z","updated_at":"2021-12-24T11:16:37Z","pushed_at":"2022-05-13T05:12:34Z","git_url":"git://github.com/anj1/AlgebraicNumbers.jl.git","ssh_url":"git@github.com:anj1/AlgebraicNumbers.jl.git","clone_url":"https://github.com/anj1/AlgebraicNumbers.jl.git","svn_url":"https://github.com/anj1/AlgebraicNumbers.jl","homepage":null,"size":89,"stargazers_count":26,"watchers_count":26,"language":"Julia","has_issues":true,"has_projects":true,"has_downloads":true,"has_wiki":true,"has_pages":false,"forks_count":7,"mirror_url":null,"archived":false,"disabled":false,"open_issues_count":1,"license":{"key":"mit","name":"MIT License","spdx_id":"MIT","url":"https://api.github.com/licenses/mit","node_id":"MDc6TGljZW5zZTEz"},"allow_forking":true,"is_template":false,"web_commit_signoff_required":false,"topics":[],"visibility":"public","forks":7,"open_issues":1,"watchers":26,"default_branch":"master","permissions":{"admin":false,"maintain":false,"push":false,"triage":false,"pull":true},"temp_clone_token":"","network_count":7,"subscribers_count":4}