{"id":73773366,"node_id":"MDEwOlJlcG9zaXRvcnk3Mzc3MzM2Ng==","name":"LifeContingencies.jl","full_name":"JuliaActuary/LifeContingencies.jl","private":false,"owner":{"login":"JuliaActuary","id":56224863,"node_id":"MDEyOk9yZ2FuaXphdGlvbjU2MjI0ODYz","avatar_url":"https://avatars.githubusercontent.com/u/56224863?v=4","gravatar_id":"","url":"https://api.github.com/users/JuliaActuary","html_url":"https://github.com/JuliaActuary","followers_url":"https://api.github.com/users/JuliaActuary/followers","following_url":"https://api.github.com/users/JuliaActuary/following{/other_user}","gists_url":"https://api.github.com/users/JuliaActuary/gists{/gist_id}","starred_url":"https://api.github.com/users/JuliaActuary/starred{/owner}{/repo}","subscriptions_url":"https://api.github.com/users/JuliaActuary/subscriptions","organizations_url":"https://api.github.com/users/JuliaActuary/orgs","repos_url":"https://api.github.com/users/JuliaActuary/repos","events_url":"https://api.github.com/users/JuliaActuary/events{/privacy}","received_events_url":"https://api.github.com/users/JuliaActuary/received_events","type":"Organization","site_admin":false},"html_url":"https://github.com/JuliaActuary/LifeContingencies.jl","description":"Life Actuarial Maths","fork":false,"url":"https://api.github.com/repos/JuliaActuary/LifeContingencies.jl","forks_url":"https://api.github.com/repos/JuliaActuary/LifeContingencies.jl/forks","keys_url":"https://api.github.com/repos/JuliaActuary/LifeContingencies.jl/keys{/key_id}","collaborators_url":"https://api.github.com/repos/JuliaActuary/LifeContingencies.jl/collaborators{/collaborator}","teams_url":"https://api.github.com/repos/JuliaActuary/LifeContingencies.jl/teams","hooks_url":"https://api.github.com/repos/JuliaActuary/LifeContingencies.jl/hooks","issue_events_url":"https://api.github.com/repos/JuliaActuary/LifeContingencies.jl/issues/events{/number}","events_url":"https://api.github.com/repos/JuliaActuary/LifeContingencies.jl/events","assignees_url":"https://api.github.com/repos/JuliaActuary/LifeContingencies.jl/assignees{/user}","branches_url":"https://api.github.com/repos/JuliaActuary/LifeContingencies.jl/branches{/branch}","tags_url":"https://api.github.com/repos/JuliaActuary/LifeContingencies.jl/tags","blobs_url":"https://api.github.com/repos/JuliaActuary/LifeContingencies.jl/git/blobs{/sha}","git_tags_url":"https://api.github.com/repos/JuliaActuary/LifeContingencies.jl/git/tags{/sha}","git_refs_url":"https://api.github.com/repos/JuliaActuary/LifeContingencies.jl/git/refs{/sha}","trees_url":"https://api.github.com/repos/JuliaActuary/LifeContingencies.jl/git/trees{/sha}","statuses_url":"https://api.github.com/repos/JuliaActuary/LifeContingencies.jl/statuses/{sha}","languages_url":"https://api.github.com/repos/JuliaActuary/LifeContingencies.jl/languages","stargazers_url":"https://api.github.com/repos/JuliaActuary/LifeContingencies.jl/stargazers","contributors_url":"https://api.github.com/repos/JuliaActuary/LifeContingencies.jl/contributors","subscribers_url":"https://api.github.com/repos/JuliaActuary/LifeContingencies.jl/subscribers","subscription_url":"https://api.github.com/repos/JuliaActuary/LifeContingencies.jl/subscription","commits_url":"https://api.github.com/repos/JuliaActuary/LifeContingencies.jl/commits{/sha}","git_commits_url":"https://api.github.com/repos/JuliaActuary/LifeContingencies.jl/git/commits{/sha}","comments_url":"https://api.github.com/repos/JuliaActuary/LifeContingencies.jl/comments{/number}","issue_comment_url":"https://api.github.com/repos/JuliaActuary/LifeContingencies.jl/issues/comments{/number}","contents_url":"https://api.github.com/repos/JuliaActuary/LifeContingencies.jl/contents/{+path}","compare_url":"https://api.github.com/repos/JuliaActuary/LifeContingencies.jl/compare/{base}...{head}","merges_url":"https://api.github.com/repos/JuliaActuary/LifeContingencies.jl/merges","archive_url":"https://api.github.com/repos/JuliaActuary/LifeContingencies.jl/{archive_format}{/ref}","downloads_url":"https://api.github.com/repos/JuliaActuary/LifeContingencies.jl/downloads","issues_url":"https://api.github.com/repos/JuliaActuary/LifeContingencies.jl/issues{/number}","pulls_url":"https://api.github.com/repos/JuliaActuary/LifeContingencies.jl/pulls{/number}","milestones_url":"https://api.github.com/repos/JuliaActuary/LifeContingencies.jl/milestones{/number}","notifications_url":"https://api.github.com/repos/JuliaActuary/LifeContingencies.jl/notifications{?since,all,participating}","labels_url":"https://api.github.com/repos/JuliaActuary/LifeContingencies.jl/labels{/name}","releases_url":"https://api.github.com/repos/JuliaActuary/LifeContingencies.jl/releases{/id}","deployments_url":"https://api.github.com/repos/JuliaActuary/LifeContingencies.jl/deployments","created_at":"2016-11-15T03:40:57Z","updated_at":"2022-06-21T12:26:40Z","pushed_at":"2022-06-17T04:41:16Z","git_url":"git://github.com/JuliaActuary/LifeContingencies.jl.git","ssh_url":"git@github.com:JuliaActuary/LifeContingencies.jl.git","clone_url":"https://github.com/JuliaActuary/LifeContingencies.jl.git","svn_url":"https://github.com/JuliaActuary/LifeContingencies.jl","homepage":"","size":1632,"stargazers_count":22,"watchers_count":22,"language":"Julia","has_issues":true,"has_projects":true,"has_downloads":true,"has_wiki":true,"has_pages":true,"forks_count":8,"mirror_url":null,"archived":false,"disabled":false,"open_issues_count":8,"license":{"key":"other","name":"Other","spdx_id":"NOASSERTION","url":null,"node_id":"MDc6TGljZW5zZTA="},"allow_forking":true,"is_template":false,"web_commit_signoff_required":false,"topics":["actuarial-modeling","actuarial-science","hacktoberfest","life-insurance","mortality"],"visibility":"public","forks":8,"open_issues":8,"watchers":22,"default_branch":"master","permissions":{"admin":false,"maintain":false,"push":false,"triage":false,"pull":true},"temp_clone_token":"","organization":{"login":"JuliaActuary","id":56224863,"node_id":"MDEyOk9yZ2FuaXphdGlvbjU2MjI0ODYz","avatar_url":"https://avatars.githubusercontent.com/u/56224863?v=4","gravatar_id":"","url":"https://api.github.com/users/JuliaActuary","html_url":"https://github.com/JuliaActuary","followers_url":"https://api.github.com/users/JuliaActuary/followers","following_url":"https://api.github.com/users/JuliaActuary/following{/other_user}","gists_url":"https://api.github.com/users/JuliaActuary/gists{/gist_id}","starred_url":"https://api.github.com/users/JuliaActuary/starred{/owner}{/repo}","subscriptions_url":"https://api.github.com/users/JuliaActuary/subscriptions","organizations_url":"https://api.github.com/users/JuliaActuary/orgs","repos_url":"https://api.github.com/users/JuliaActuary/repos","events_url":"https://api.github.com/users/JuliaActuary/events{/privacy}","received_events_url":"https://api.github.com/users/JuliaActuary/received_events","type":"Organization","site_admin":false},"network_count":8,"subscribers_count":5}