{"id":92506333,"node_id":"MDEwOlJlcG9zaXRvcnk5MjUwNjMzMw==","name":"AbstractOperators.jl","full_name":"kul-optec/AbstractOperators.jl","private":false,"owner":{"login":"kul-optec","id":17712628,"node_id":"MDEyOk9yZ2FuaXphdGlvbjE3NzEyNjI4","avatar_url":"https://avatars.githubusercontent.com/u/17712628?v=4","gravatar_id":"","url":"https://api.github.com/users/kul-optec","html_url":"https://github.com/kul-optec","followers_url":"https://api.github.com/users/kul-optec/followers","following_url":"https://api.github.com/users/kul-optec/following{/other_user}","gists_url":"https://api.github.com/users/kul-optec/gists{/gist_id}","starred_url":"https://api.github.com/users/kul-optec/starred{/owner}{/repo}","subscriptions_url":"https://api.github.com/users/kul-optec/subscriptions","organizations_url":"https://api.github.com/users/kul-optec/orgs","repos_url":"https://api.github.com/users/kul-optec/repos","events_url":"https://api.github.com/users/kul-optec/events{/privacy}","received_events_url":"https://api.github.com/users/kul-optec/received_events","type":"Organization","site_admin":false},"html_url":"https://github.com/kul-optec/AbstractOperators.jl","description":"Abstract operators for large scale optimization in Julia","fork":false,"url":"https://api.github.com/repos/kul-optec/AbstractOperators.jl","forks_url":"https://api.github.com/repos/kul-optec/AbstractOperators.jl/forks","keys_url":"https://api.github.com/repos/kul-optec/AbstractOperators.jl/keys{/key_id}","collaborators_url":"https://api.github.com/repos/kul-optec/AbstractOperators.jl/collaborators{/collaborator}","teams_url":"https://api.github.com/repos/kul-optec/AbstractOperators.jl/teams","hooks_url":"https://api.github.com/repos/kul-optec/AbstractOperators.jl/hooks","issue_events_url":"https://api.github.com/repos/kul-optec/AbstractOperators.jl/issues/events{/number}","events_url":"https://api.github.com/repos/kul-optec/AbstractOperators.jl/events","assignees_url":"https://api.github.com/repos/kul-optec/AbstractOperators.jl/assignees{/user}","branches_url":"https://api.github.com/repos/kul-optec/AbstractOperators.jl/branches{/branch}","tags_url":"https://api.github.com/repos/kul-optec/AbstractOperators.jl/tags","blobs_url":"https://api.github.com/repos/kul-optec/AbstractOperators.jl/git/blobs{/sha}","git_tags_url":"https://api.github.com/repos/kul-optec/AbstractOperators.jl/git/tags{/sha}","git_refs_url":"https://api.github.com/repos/kul-optec/AbstractOperators.jl/git/refs{/sha}","trees_url":"https://api.github.com/repos/kul-optec/AbstractOperators.jl/git/trees{/sha}","statuses_url":"https://api.github.com/repos/kul-optec/AbstractOperators.jl/statuses/{sha}","languages_url":"https://api.github.com/repos/kul-optec/AbstractOperators.jl/languages","stargazers_url":"https://api.github.com/repos/kul-optec/AbstractOperators.jl/stargazers","contributors_url":"https://api.github.com/repos/kul-optec/AbstractOperators.jl/contributors","subscribers_url":"https://api.github.com/repos/kul-optec/AbstractOperators.jl/subscribers","subscription_url":"https://api.github.com/repos/kul-optec/AbstractOperators.jl/subscription","commits_url":"https://api.github.com/repos/kul-optec/AbstractOperators.jl/commits{/sha}","git_commits_url":"https://api.github.com/repos/kul-optec/AbstractOperators.jl/git/commits{/sha}","comments_url":"https://api.github.com/repos/kul-optec/AbstractOperators.jl/comments{/number}","issue_comment_url":"https://api.github.com/repos/kul-optec/AbstractOperators.jl/issues/comments{/number}","contents_url":"https://api.github.com/repos/kul-optec/AbstractOperators.jl/contents/{+path}","compare_url":"https://api.github.com/repos/kul-optec/AbstractOperators.jl/compare/{base}...{head}","merges_url":"https://api.github.com/repos/kul-optec/AbstractOperators.jl/merges","archive_url":"https://api.github.com/repos/kul-optec/AbstractOperators.jl/{archive_format}{/ref}","downloads_url":"https://api.github.com/repos/kul-optec/AbstractOperators.jl/downloads","issues_url":"https://api.github.com/repos/kul-optec/AbstractOperators.jl/issues{/number}","pulls_url":"https://api.github.com/repos/kul-optec/AbstractOperators.jl/pulls{/number}","milestones_url":"https://api.github.com/repos/kul-optec/AbstractOperators.jl/milestones{/number}","notifications_url":"https://api.github.com/repos/kul-optec/AbstractOperators.jl/notifications{?since,all,participating}","labels_url":"https://api.github.com/repos/kul-optec/AbstractOperators.jl/labels{/name}","releases_url":"https://api.github.com/repos/kul-optec/AbstractOperators.jl/releases{/id}","deployments_url":"https://api.github.com/repos/kul-optec/AbstractOperators.jl/deployments","created_at":"2017-05-26T11:58:10Z","updated_at":"2021-10-21T22:41:30Z","pushed_at":"2021-06-10T23:30:32Z","git_url":"git://github.com/kul-optec/AbstractOperators.jl.git","ssh_url":"git@github.com:kul-optec/AbstractOperators.jl.git","clone_url":"https://github.com/kul-optec/AbstractOperators.jl.git","svn_url":"https://github.com/kul-optec/AbstractOperators.jl","homepage":"","size":962,"stargazers_count":26,"watchers_count":26,"language":"Julia","has_issues":true,"has_projects":true,"has_downloads":true,"has_wiki":true,"has_pages":true,"forks_count":9,"mirror_url":null,"archived":false,"disabled":false,"open_issues_count":1,"license":{"key":"other","name":"Other","spdx_id":"NOASSERTION","url":null,"node_id":"MDc6TGljZW5zZTA="},"allow_forking":true,"is_template":false,"web_commit_signoff_required":false,"topics":["automatic-differentiation","back-propagation","derivatives","julia-language","large-scale","optimization"],"visibility":"public","forks":9,"open_issues":1,"watchers":26,"default_branch":"master","permissions":{"admin":false,"maintain":false,"push":false,"triage":false,"pull":true},"temp_clone_token":"","organization":{"login":"kul-optec","id":17712628,"node_id":"MDEyOk9yZ2FuaXphdGlvbjE3NzEyNjI4","avatar_url":"https://avatars.githubusercontent.com/u/17712628?v=4","gravatar_id":"","url":"https://api.github.com/users/kul-optec","html_url":"https://github.com/kul-optec","followers_url":"https://api.github.com/users/kul-optec/followers","following_url":"https://api.github.com/users/kul-optec/following{/other_user}","gists_url":"https://api.github.com/users/kul-optec/gists{/gist_id}","starred_url":"https://api.github.com/users/kul-optec/starred{/owner}{/repo}","subscriptions_url":"https://api.github.com/users/kul-optec/subscriptions","organizations_url":"https://api.github.com/users/kul-optec/orgs","repos_url":"https://api.github.com/users/kul-optec/repos","events_url":"https://api.github.com/users/kul-optec/events{/privacy}","received_events_url":"https://api.github.com/users/kul-optec/received_events","type":"Organization","site_admin":false},"network_count":9,"subscribers_count":4}