{"id":240934721,"node_id":"MDEwOlJlcG9zaXRvcnkyNDA5MzQ3MjE=","name":"AirSeaFluxes.jl","full_name":"JuliaOcean/AirSeaFluxes.jl","private":false,"owner":{"login":"JuliaOcean","id":41747359,"node_id":"MDEyOk9yZ2FuaXphdGlvbjQxNzQ3MzU5","avatar_url":"https://avatars.githubusercontent.com/u/41747359?v=4","gravatar_id":"","url":"https://api.github.com/users/JuliaOcean","html_url":"https://github.com/JuliaOcean","followers_url":"https://api.github.com/users/JuliaOcean/followers","following_url":"https://api.github.com/users/JuliaOcean/following{/other_user}","gists_url":"https://api.github.com/users/JuliaOcean/gists{/gist_id}","starred_url":"https://api.github.com/users/JuliaOcean/starred{/owner}{/repo}","subscriptions_url":"https://api.github.com/users/JuliaOcean/subscriptions","organizations_url":"https://api.github.com/users/JuliaOcean/orgs","repos_url":"https://api.github.com/users/JuliaOcean/repos","events_url":"https://api.github.com/users/JuliaOcean/events{/privacy}","received_events_url":"https://api.github.com/users/JuliaOcean/received_events","type":"Organization","site_admin":false},"html_url":"https://github.com/JuliaOcean/AirSeaFluxes.jl","description":"Computation and analysis of air-sea fluxes","fork":false,"url":"https://api.github.com/repos/JuliaOcean/AirSeaFluxes.jl","forks_url":"https://api.github.com/repos/JuliaOcean/AirSeaFluxes.jl/forks","keys_url":"https://api.github.com/repos/JuliaOcean/AirSeaFluxes.jl/keys{/key_id}","collaborators_url":"https://api.github.com/repos/JuliaOcean/AirSeaFluxes.jl/collaborators{/collaborator}","teams_url":"https://api.github.com/repos/JuliaOcean/AirSeaFluxes.jl/teams","hooks_url":"https://api.github.com/repos/JuliaOcean/AirSeaFluxes.jl/hooks","issue_events_url":"https://api.github.com/repos/JuliaOcean/AirSeaFluxes.jl/issues/events{/number}","events_url":"https://api.github.com/repos/JuliaOcean/AirSeaFluxes.jl/events","assignees_url":"https://api.github.com/repos/JuliaOcean/AirSeaFluxes.jl/assignees{/user}","branches_url":"https://api.github.com/repos/JuliaOcean/AirSeaFluxes.jl/branches{/branch}","tags_url":"https://api.github.com/repos/JuliaOcean/AirSeaFluxes.jl/tags","blobs_url":"https://api.github.com/repos/JuliaOcean/AirSeaFluxes.jl/git/blobs{/sha}","git_tags_url":"https://api.github.com/repos/JuliaOcean/AirSeaFluxes.jl/git/tags{/sha}","git_refs_url":"https://api.github.com/repos/JuliaOcean/AirSeaFluxes.jl/git/refs{/sha}","trees_url":"https://api.github.com/repos/JuliaOcean/AirSeaFluxes.jl/git/trees{/sha}","statuses_url":"https://api.github.com/repos/JuliaOcean/AirSeaFluxes.jl/statuses/{sha}","languages_url":"https://api.github.com/repos/JuliaOcean/AirSeaFluxes.jl/languages","stargazers_url":"https://api.github.com/repos/JuliaOcean/AirSeaFluxes.jl/stargazers","contributors_url":"https://api.github.com/repos/JuliaOcean/AirSeaFluxes.jl/contributors","subscribers_url":"https://api.github.com/repos/JuliaOcean/AirSeaFluxes.jl/subscribers","subscription_url":"https://api.github.com/repos/JuliaOcean/AirSeaFluxes.jl/subscription","commits_url":"https://api.github.com/repos/JuliaOcean/AirSeaFluxes.jl/commits{/sha}","git_commits_url":"https://api.github.com/repos/JuliaOcean/AirSeaFluxes.jl/git/commits{/sha}","comments_url":"https://api.github.com/repos/JuliaOcean/AirSeaFluxes.jl/comments{/number}","issue_comment_url":"https://api.github.com/repos/JuliaOcean/AirSeaFluxes.jl/issues/comments{/number}","contents_url":"https://api.github.com/repos/JuliaOcean/AirSeaFluxes.jl/contents/{+path}","compare_url":"https://api.github.com/repos/JuliaOcean/AirSeaFluxes.jl/compare/{base}...{head}","merges_url":"https://api.github.com/repos/JuliaOcean/AirSeaFluxes.jl/merges","archive_url":"https://api.github.com/repos/JuliaOcean/AirSeaFluxes.jl/{archive_format}{/ref}","downloads_url":"https://api.github.com/repos/JuliaOcean/AirSeaFluxes.jl/downloads","issues_url":"https://api.github.com/repos/JuliaOcean/AirSeaFluxes.jl/issues{/number}","pulls_url":"https://api.github.com/repos/JuliaOcean/AirSeaFluxes.jl/pulls{/number}","milestones_url":"https://api.github.com/repos/JuliaOcean/AirSeaFluxes.jl/milestones{/number}","notifications_url":"https://api.github.com/repos/JuliaOcean/AirSeaFluxes.jl/notifications{?since,all,participating}","labels_url":"https://api.github.com/repos/JuliaOcean/AirSeaFluxes.jl/labels{/name}","releases_url":"https://api.github.com/repos/JuliaOcean/AirSeaFluxes.jl/releases{/id}","deployments_url":"https://api.github.com/repos/JuliaOcean/AirSeaFluxes.jl/deployments","created_at":"2020-02-16T17:32:00Z","updated_at":"2022-05-05T15:46:20Z","pushed_at":"2022-05-06T00:33:18Z","git_url":"git://github.com/JuliaOcean/AirSeaFluxes.jl.git","ssh_url":"git@github.com:JuliaOcean/AirSeaFluxes.jl.git","clone_url":"https://github.com/JuliaOcean/AirSeaFluxes.jl.git","svn_url":"https://github.com/JuliaOcean/AirSeaFluxes.jl","homepage":null,"size":143,"stargazers_count":3,"watchers_count":3,"language":"Julia","has_issues":true,"has_projects":true,"has_downloads":true,"has_wiki":true,"has_pages":true,"forks_count":5,"mirror_url":null,"archived":false,"disabled":false,"open_issues_count":4,"license":{"key":"mit","name":"MIT License","spdx_id":"MIT","url":"https://api.github.com/licenses/mit","node_id":"MDc6TGljZW5zZTEz"},"allow_forking":true,"is_template":false,"web_commit_signoff_required":false,"topics":[],"visibility":"public","forks":5,"open_issues":4,"watchers":3,"default_branch":"master","permissions":{"admin":false,"maintain":false,"push":false,"triage":false,"pull":true},"temp_clone_token":"","organization":{"login":"JuliaOcean","id":41747359,"node_id":"MDEyOk9yZ2FuaXphdGlvbjQxNzQ3MzU5","avatar_url":"https://avatars.githubusercontent.com/u/41747359?v=4","gravatar_id":"","url":"https://api.github.com/users/JuliaOcean","html_url":"https://github.com/JuliaOcean","followers_url":"https://api.github.com/users/JuliaOcean/followers","following_url":"https://api.github.com/users/JuliaOcean/following{/other_user}","gists_url":"https://api.github.com/users/JuliaOcean/gists{/gist_id}","starred_url":"https://api.github.com/users/JuliaOcean/starred{/owner}{/repo}","subscriptions_url":"https://api.github.com/users/JuliaOcean/subscriptions","organizations_url":"https://api.github.com/users/JuliaOcean/orgs","repos_url":"https://api.github.com/users/JuliaOcean/repos","events_url":"https://api.github.com/users/JuliaOcean/events{/privacy}","received_events_url":"https://api.github.com/users/JuliaOcean/received_events","type":"Organization","site_admin":false},"network_count":5,"subscribers_count":3}