{"id":208151234,"node_id":"MDEwOlJlcG9zaXRvcnkyMDgxNTEyMzQ=","name":"ArbitrageFreeSABR.jl","full_name":"fabienlefloch/ArbitrageFreeSABR.jl","private":false,"owner":{"login":"fabienlefloch","id":3648984,"node_id":"MDQ6VXNlcjM2NDg5ODQ=","avatar_url":"https://avatars.githubusercontent.com/u/3648984?v=4","gravatar_id":"","url":"https://api.github.com/users/fabienlefloch","html_url":"https://github.com/fabienlefloch","followers_url":"https://api.github.com/users/fabienlefloch/followers","following_url":"https://api.github.com/users/fabienlefloch/following{/other_user}","gists_url":"https://api.github.com/users/fabienlefloch/gists{/gist_id}","starred_url":"https://api.github.com/users/fabienlefloch/starred{/owner}{/repo}","subscriptions_url":"https://api.github.com/users/fabienlefloch/subscriptions","organizations_url":"https://api.github.com/users/fabienlefloch/orgs","repos_url":"https://api.github.com/users/fabienlefloch/repos","events_url":"https://api.github.com/users/fabienlefloch/events{/privacy}","received_events_url":"https://api.github.com/users/fabienlefloch/received_events","type":"User","site_admin":false},"html_url":"https://github.com/fabienlefloch/ArbitrageFreeSABR.jl","description":null,"fork":false,"url":"https://api.github.com/repos/fabienlefloch/ArbitrageFreeSABR.jl","forks_url":"https://api.github.com/repos/fabienlefloch/ArbitrageFreeSABR.jl/forks","keys_url":"https://api.github.com/repos/fabienlefloch/ArbitrageFreeSABR.jl/keys{/key_id}","collaborators_url":"https://api.github.com/repos/fabienlefloch/ArbitrageFreeSABR.jl/collaborators{/collaborator}","teams_url":"https://api.github.com/repos/fabienlefloch/ArbitrageFreeSABR.jl/teams","hooks_url":"https://api.github.com/repos/fabienlefloch/ArbitrageFreeSABR.jl/hooks","issue_events_url":"https://api.github.com/repos/fabienlefloch/ArbitrageFreeSABR.jl/issues/events{/number}","events_url":"https://api.github.com/repos/fabienlefloch/ArbitrageFreeSABR.jl/events","assignees_url":"https://api.github.com/repos/fabienlefloch/ArbitrageFreeSABR.jl/assignees{/user}","branches_url":"https://api.github.com/repos/fabienlefloch/ArbitrageFreeSABR.jl/branches{/branch}","tags_url":"https://api.github.com/repos/fabienlefloch/ArbitrageFreeSABR.jl/tags","blobs_url":"https://api.github.com/repos/fabienlefloch/ArbitrageFreeSABR.jl/git/blobs{/sha}","git_tags_url":"https://api.github.com/repos/fabienlefloch/ArbitrageFreeSABR.jl/git/tags{/sha}","git_refs_url":"https://api.github.com/repos/fabienlefloch/ArbitrageFreeSABR.jl/git/refs{/sha}","trees_url":"https://api.github.com/repos/fabienlefloch/ArbitrageFreeSABR.jl/git/trees{/sha}","statuses_url":"https://api.github.com/repos/fabienlefloch/ArbitrageFreeSABR.jl/statuses/{sha}","languages_url":"https://api.github.com/repos/fabienlefloch/ArbitrageFreeSABR.jl/languages","stargazers_url":"https://api.github.com/repos/fabienlefloch/ArbitrageFreeSABR.jl/stargazers","contributors_url":"https://api.github.com/repos/fabienlefloch/ArbitrageFreeSABR.jl/contributors","subscribers_url":"https://api.github.com/repos/fabienlefloch/ArbitrageFreeSABR.jl/subscribers","subscription_url":"https://api.github.com/repos/fabienlefloch/ArbitrageFreeSABR.jl/subscription","commits_url":"https://api.github.com/repos/fabienlefloch/ArbitrageFreeSABR.jl/commits{/sha}","git_commits_url":"https://api.github.com/repos/fabienlefloch/ArbitrageFreeSABR.jl/git/commits{/sha}","comments_url":"https://api.github.com/repos/fabienlefloch/ArbitrageFreeSABR.jl/comments{/number}","issue_comment_url":"https://api.github.com/repos/fabienlefloch/ArbitrageFreeSABR.jl/issues/comments{/number}","contents_url":"https://api.github.com/repos/fabienlefloch/ArbitrageFreeSABR.jl/contents/{+path}","compare_url":"https://api.github.com/repos/fabienlefloch/ArbitrageFreeSABR.jl/compare/{base}...{head}","merges_url":"https://api.github.com/repos/fabienlefloch/ArbitrageFreeSABR.jl/merges","archive_url":"https://api.github.com/repos/fabienlefloch/ArbitrageFreeSABR.jl/{archive_format}{/ref}","downloads_url":"https://api.github.com/repos/fabienlefloch/ArbitrageFreeSABR.jl/downloads","issues_url":"https://api.github.com/repos/fabienlefloch/ArbitrageFreeSABR.jl/issues{/number}","pulls_url":"https://api.github.com/repos/fabienlefloch/ArbitrageFreeSABR.jl/pulls{/number}","milestones_url":"https://api.github.com/repos/fabienlefloch/ArbitrageFreeSABR.jl/milestones{/number}","notifications_url":"https://api.github.com/repos/fabienlefloch/ArbitrageFreeSABR.jl/notifications{?since,all,participating}","labels_url":"https://api.github.com/repos/fabienlefloch/ArbitrageFreeSABR.jl/labels{/name}","releases_url":"https://api.github.com/repos/fabienlefloch/ArbitrageFreeSABR.jl/releases{/id}","deployments_url":"https://api.github.com/repos/fabienlefloch/ArbitrageFreeSABR.jl/deployments","created_at":"2019-09-12T21:41:58Z","updated_at":"2021-12-27T20:53:52Z","pushed_at":"2021-12-30T13:21:50Z","git_url":"git://github.com/fabienlefloch/ArbitrageFreeSABR.jl.git","ssh_url":"git@github.com:fabienlefloch/ArbitrageFreeSABR.jl.git","clone_url":"https://github.com/fabienlefloch/ArbitrageFreeSABR.jl.git","svn_url":"https://github.com/fabienlefloch/ArbitrageFreeSABR.jl","homepage":null,"size":55,"stargazers_count":2,"watchers_count":2,"language":"Julia","has_issues":true,"has_projects":true,"has_downloads":true,"has_wiki":true,"has_pages":false,"forks_count":0,"mirror_url":null,"archived":false,"disabled":false,"open_issues_count":0,"license":{"key":"mit","name":"MIT License","spdx_id":"MIT","url":"https://api.github.com/licenses/mit","node_id":"MDc6TGljZW5zZTEz"},"allow_forking":true,"is_template":false,"web_commit_signoff_required":false,"topics":[],"visibility":"public","forks":0,"open_issues":0,"watchers":2,"default_branch":"master","permissions":{"admin":false,"maintain":false,"push":false,"triage":false,"pull":true},"temp_clone_token":"","network_count":0,"subscribers_count":1}