{"id":305540835,"node_id":"MDEwOlJlcG9zaXRvcnkzMDU1NDA4MzU=","name":"AdaptiveSparseGrids.jl","full_name":"jacobadenbaum/AdaptiveSparseGrids.jl","private":false,"owner":{"login":"jacobadenbaum","id":1816829,"node_id":"MDQ6VXNlcjE4MTY4Mjk=","avatar_url":"https://avatars.githubusercontent.com/u/1816829?v=4","gravatar_id":"","url":"https://api.github.com/users/jacobadenbaum","html_url":"https://github.com/jacobadenbaum","followers_url":"https://api.github.com/users/jacobadenbaum/followers","following_url":"https://api.github.com/users/jacobadenbaum/following{/other_user}","gists_url":"https://api.github.com/users/jacobadenbaum/gists{/gist_id}","starred_url":"https://api.github.com/users/jacobadenbaum/starred{/owner}{/repo}","subscriptions_url":"https://api.github.com/users/jacobadenbaum/subscriptions","organizations_url":"https://api.github.com/users/jacobadenbaum/orgs","repos_url":"https://api.github.com/users/jacobadenbaum/repos","events_url":"https://api.github.com/users/jacobadenbaum/events{/privacy}","received_events_url":"https://api.github.com/users/jacobadenbaum/received_events","type":"User","site_admin":false},"html_url":"https://github.com/jacobadenbaum/AdaptiveSparseGrids.jl","description":null,"fork":false,"url":"https://api.github.com/repos/jacobadenbaum/AdaptiveSparseGrids.jl","forks_url":"https://api.github.com/repos/jacobadenbaum/AdaptiveSparseGrids.jl/forks","keys_url":"https://api.github.com/repos/jacobadenbaum/AdaptiveSparseGrids.jl/keys{/key_id}","collaborators_url":"https://api.github.com/repos/jacobadenbaum/AdaptiveSparseGrids.jl/collaborators{/collaborator}","teams_url":"https://api.github.com/repos/jacobadenbaum/AdaptiveSparseGrids.jl/teams","hooks_url":"https://api.github.com/repos/jacobadenbaum/AdaptiveSparseGrids.jl/hooks","issue_events_url":"https://api.github.com/repos/jacobadenbaum/AdaptiveSparseGrids.jl/issues/events{/number}","events_url":"https://api.github.com/repos/jacobadenbaum/AdaptiveSparseGrids.jl/events","assignees_url":"https://api.github.com/repos/jacobadenbaum/AdaptiveSparseGrids.jl/assignees{/user}","branches_url":"https://api.github.com/repos/jacobadenbaum/AdaptiveSparseGrids.jl/branches{/branch}","tags_url":"https://api.github.com/repos/jacobadenbaum/AdaptiveSparseGrids.jl/tags","blobs_url":"https://api.github.com/repos/jacobadenbaum/AdaptiveSparseGrids.jl/git/blobs{/sha}","git_tags_url":"https://api.github.com/repos/jacobadenbaum/AdaptiveSparseGrids.jl/git/tags{/sha}","git_refs_url":"https://api.github.com/repos/jacobadenbaum/AdaptiveSparseGrids.jl/git/refs{/sha}","trees_url":"https://api.github.com/repos/jacobadenbaum/AdaptiveSparseGrids.jl/git/trees{/sha}","statuses_url":"https://api.github.com/repos/jacobadenbaum/AdaptiveSparseGrids.jl/statuses/{sha}","languages_url":"https://api.github.com/repos/jacobadenbaum/AdaptiveSparseGrids.jl/languages","stargazers_url":"https://api.github.com/repos/jacobadenbaum/AdaptiveSparseGrids.jl/stargazers","contributors_url":"https://api.github.com/repos/jacobadenbaum/AdaptiveSparseGrids.jl/contributors","subscribers_url":"https://api.github.com/repos/jacobadenbaum/AdaptiveSparseGrids.jl/subscribers","subscription_url":"https://api.github.com/repos/jacobadenbaum/AdaptiveSparseGrids.jl/subscription","commits_url":"https://api.github.com/repos/jacobadenbaum/AdaptiveSparseGrids.jl/commits{/sha}","git_commits_url":"https://api.github.com/repos/jacobadenbaum/AdaptiveSparseGrids.jl/git/commits{/sha}","comments_url":"https://api.github.com/repos/jacobadenbaum/AdaptiveSparseGrids.jl/comments{/number}","issue_comment_url":"https://api.github.com/repos/jacobadenbaum/AdaptiveSparseGrids.jl/issues/comments{/number}","contents_url":"https://api.github.com/repos/jacobadenbaum/AdaptiveSparseGrids.jl/contents/{+path}","compare_url":"https://api.github.com/repos/jacobadenbaum/AdaptiveSparseGrids.jl/compare/{base}...{head}","merges_url":"https://api.github.com/repos/jacobadenbaum/AdaptiveSparseGrids.jl/merges","archive_url":"https://api.github.com/repos/jacobadenbaum/AdaptiveSparseGrids.jl/{archive_format}{/ref}","downloads_url":"https://api.github.com/repos/jacobadenbaum/AdaptiveSparseGrids.jl/downloads","issues_url":"https://api.github.com/repos/jacobadenbaum/AdaptiveSparseGrids.jl/issues{/number}","pulls_url":"https://api.github.com/repos/jacobadenbaum/AdaptiveSparseGrids.jl/pulls{/number}","milestones_url":"https://api.github.com/repos/jacobadenbaum/AdaptiveSparseGrids.jl/milestones{/number}","notifications_url":"https://api.github.com/repos/jacobadenbaum/AdaptiveSparseGrids.jl/notifications{?since,all,participating}","labels_url":"https://api.github.com/repos/jacobadenbaum/AdaptiveSparseGrids.jl/labels{/name}","releases_url":"https://api.github.com/repos/jacobadenbaum/AdaptiveSparseGrids.jl/releases{/id}","deployments_url":"https://api.github.com/repos/jacobadenbaum/AdaptiveSparseGrids.jl/deployments","created_at":"2020-10-19T23:51:26Z","updated_at":"2022-03-20T19:51:52Z","pushed_at":"2022-03-18T19:23:32Z","git_url":"git://github.com/jacobadenbaum/AdaptiveSparseGrids.jl.git","ssh_url":"git@github.com:jacobadenbaum/AdaptiveSparseGrids.jl.git","clone_url":"https://github.com/jacobadenbaum/AdaptiveSparseGrids.jl.git","svn_url":"https://github.com/jacobadenbaum/AdaptiveSparseGrids.jl","homepage":null,"size":292,"stargazers_count":7,"watchers_count":7,"language":"Julia","has_issues":true,"has_projects":true,"has_downloads":true,"has_wiki":true,"has_pages":true,"forks_count":0,"mirror_url":null,"archived":false,"disabled":false,"open_issues_count":0,"license":{"key":"mit","name":"MIT License","spdx_id":"MIT","url":"https://api.github.com/licenses/mit","node_id":"MDc6TGljZW5zZTEz"},"allow_forking":true,"is_template":false,"web_commit_signoff_required":false,"topics":[],"visibility":"public","forks":0,"open_issues":0,"watchers":7,"default_branch":"main","permissions":{"admin":false,"maintain":false,"push":false,"triage":false,"pull":true},"temp_clone_token":"","network_count":0,"subscribers_count":1}