{"id":498956358,"node_id":"R_kgDOHb14Rg","name":"Ai4EComponentLib.jl","full_name":"ai4energy/Ai4EComponentLib.jl","private":false,"owner":{"login":"ai4energy","id":74412428,"node_id":"MDEyOk9yZ2FuaXphdGlvbjc0NDEyNDI4","avatar_url":"https://avatars.githubusercontent.com/u/74412428?v=4","gravatar_id":"","url":"https://api.github.com/users/ai4energy","html_url":"https://github.com/ai4energy","followers_url":"https://api.github.com/users/ai4energy/followers","following_url":"https://api.github.com/users/ai4energy/following{/other_user}","gists_url":"https://api.github.com/users/ai4energy/gists{/gist_id}","starred_url":"https://api.github.com/users/ai4energy/starred{/owner}{/repo}","subscriptions_url":"https://api.github.com/users/ai4energy/subscriptions","organizations_url":"https://api.github.com/users/ai4energy/orgs","repos_url":"https://api.github.com/users/ai4energy/repos","events_url":"https://api.github.com/users/ai4energy/events{/privacy}","received_events_url":"https://api.github.com/users/ai4energy/received_events","type":"Organization","site_admin":false},"html_url":"https://github.com/ai4energy/Ai4EComponentLib.jl","description":"A component library based on ModelingToolkit","fork":false,"url":"https://api.github.com/repos/ai4energy/Ai4EComponentLib.jl","forks_url":"https://api.github.com/repos/ai4energy/Ai4EComponentLib.jl/forks","keys_url":"https://api.github.com/repos/ai4energy/Ai4EComponentLib.jl/keys{/key_id}","collaborators_url":"https://api.github.com/repos/ai4energy/Ai4EComponentLib.jl/collaborators{/collaborator}","teams_url":"https://api.github.com/repos/ai4energy/Ai4EComponentLib.jl/teams","hooks_url":"https://api.github.com/repos/ai4energy/Ai4EComponentLib.jl/hooks","issue_events_url":"https://api.github.com/repos/ai4energy/Ai4EComponentLib.jl/issues/events{/number}","events_url":"https://api.github.com/repos/ai4energy/Ai4EComponentLib.jl/events","assignees_url":"https://api.github.com/repos/ai4energy/Ai4EComponentLib.jl/assignees{/user}","branches_url":"https://api.github.com/repos/ai4energy/Ai4EComponentLib.jl/branches{/branch}","tags_url":"https://api.github.com/repos/ai4energy/Ai4EComponentLib.jl/tags","blobs_url":"https://api.github.com/repos/ai4energy/Ai4EComponentLib.jl/git/blobs{/sha}","git_tags_url":"https://api.github.com/repos/ai4energy/Ai4EComponentLib.jl/git/tags{/sha}","git_refs_url":"https://api.github.com/repos/ai4energy/Ai4EComponentLib.jl/git/refs{/sha}","trees_url":"https://api.github.com/repos/ai4energy/Ai4EComponentLib.jl/git/trees{/sha}","statuses_url":"https://api.github.com/repos/ai4energy/Ai4EComponentLib.jl/statuses/{sha}","languages_url":"https://api.github.com/repos/ai4energy/Ai4EComponentLib.jl/languages","stargazers_url":"https://api.github.com/repos/ai4energy/Ai4EComponentLib.jl/stargazers","contributors_url":"https://api.github.com/repos/ai4energy/Ai4EComponentLib.jl/contributors","subscribers_url":"https://api.github.com/repos/ai4energy/Ai4EComponentLib.jl/subscribers","subscription_url":"https://api.github.com/repos/ai4energy/Ai4EComponentLib.jl/subscription","commits_url":"https://api.github.com/repos/ai4energy/Ai4EComponentLib.jl/commits{/sha}","git_commits_url":"https://api.github.com/repos/ai4energy/Ai4EComponentLib.jl/git/commits{/sha}","comments_url":"https://api.github.com/repos/ai4energy/Ai4EComponentLib.jl/comments{/number}","issue_comment_url":"https://api.github.com/repos/ai4energy/Ai4EComponentLib.jl/issues/comments{/number}","contents_url":"https://api.github.com/repos/ai4energy/Ai4EComponentLib.jl/contents/{+path}","compare_url":"https://api.github.com/repos/ai4energy/Ai4EComponentLib.jl/compare/{base}...{head}","merges_url":"https://api.github.com/repos/ai4energy/Ai4EComponentLib.jl/merges","archive_url":"https://api.github.com/repos/ai4energy/Ai4EComponentLib.jl/{archive_format}{/ref}","downloads_url":"https://api.github.com/repos/ai4energy/Ai4EComponentLib.jl/downloads","issues_url":"https://api.github.com/repos/ai4energy/Ai4EComponentLib.jl/issues{/number}","pulls_url":"https://api.github.com/repos/ai4energy/Ai4EComponentLib.jl/pulls{/number}","milestones_url":"https://api.github.com/repos/ai4energy/Ai4EComponentLib.jl/milestones{/number}","notifications_url":"https://api.github.com/repos/ai4energy/Ai4EComponentLib.jl/notifications{?since,all,participating}","labels_url":"https://api.github.com/repos/ai4energy/Ai4EComponentLib.jl/labels{/name}","releases_url":"https://api.github.com/repos/ai4energy/Ai4EComponentLib.jl/releases{/id}","deployments_url":"https://api.github.com/repos/ai4energy/Ai4EComponentLib.jl/deployments","created_at":"2022-06-02T01:51:30Z","updated_at":"2022-06-13T03:28:54Z","pushed_at":"2022-06-24T10:35:46Z","git_url":"git://github.com/ai4energy/Ai4EComponentLib.jl.git","ssh_url":"git@github.com:ai4energy/Ai4EComponentLib.jl.git","clone_url":"https://github.com/ai4energy/Ai4EComponentLib.jl.git","svn_url":"https://github.com/ai4energy/Ai4EComponentLib.jl","homepage":"","size":251,"stargazers_count":0,"watchers_count":0,"language":"Julia","has_issues":true,"has_projects":true,"has_downloads":true,"has_wiki":true,"has_pages":true,"forks_count":2,"mirror_url":null,"archived":false,"disabled":false,"open_issues_count":3,"license":{"key":"mit","name":"MIT License","spdx_id":"MIT","url":"https://api.github.com/licenses/mit","node_id":"MDc6TGljZW5zZTEz"},"allow_forking":true,"is_template":false,"web_commit_signoff_required":false,"topics":[],"visibility":"public","forks":2,"open_issues":3,"watchers":0,"default_branch":"main","permissions":{"admin":false,"maintain":false,"push":false,"triage":false,"pull":true},"temp_clone_token":"","organization":{"login":"ai4energy","id":74412428,"node_id":"MDEyOk9yZ2FuaXphdGlvbjc0NDEyNDI4","avatar_url":"https://avatars.githubusercontent.com/u/74412428?v=4","gravatar_id":"","url":"https://api.github.com/users/ai4energy","html_url":"https://github.com/ai4energy","followers_url":"https://api.github.com/users/ai4energy/followers","following_url":"https://api.github.com/users/ai4energy/following{/other_user}","gists_url":"https://api.github.com/users/ai4energy/gists{/gist_id}","starred_url":"https://api.github.com/users/ai4energy/starred{/owner}{/repo}","subscriptions_url":"https://api.github.com/users/ai4energy/subscriptions","organizations_url":"https://api.github.com/users/ai4energy/orgs","repos_url":"https://api.github.com/users/ai4energy/repos","events_url":"https://api.github.com/users/ai4energy/events{/privacy}","received_events_url":"https://api.github.com/users/ai4energy/received_events","type":"Organization","site_admin":false},"network_count":2,"subscribers_count":1}