{"id":216850444,"node_id":"MDEwOlJlcG9zaXRvcnkyMTY4NTA0NDQ=","name":"AcuteML.jl","full_name":"aminya/AcuteML.jl","private":false,"owner":{"login":"aminya","id":16418197,"node_id":"MDQ6VXNlcjE2NDE4MTk3","avatar_url":"https://avatars.githubusercontent.com/u/16418197?v=4","gravatar_id":"","url":"https://api.github.com/users/aminya","html_url":"https://github.com/aminya","followers_url":"https://api.github.com/users/aminya/followers","following_url":"https://api.github.com/users/aminya/following{/other_user}","gists_url":"https://api.github.com/users/aminya/gists{/gist_id}","starred_url":"https://api.github.com/users/aminya/starred{/owner}{/repo}","subscriptions_url":"https://api.github.com/users/aminya/subscriptions","organizations_url":"https://api.github.com/users/aminya/orgs","repos_url":"https://api.github.com/users/aminya/repos","events_url":"https://api.github.com/users/aminya/events{/privacy}","received_events_url":"https://api.github.com/users/aminya/received_events","type":"User","site_admin":false},"html_url":"https://github.com/aminya/AcuteML.jl","description":"Acute Markup Language - HTML/XML in Julia","fork":false,"url":"https://api.github.com/repos/aminya/AcuteML.jl","forks_url":"https://api.github.com/repos/aminya/AcuteML.jl/forks","keys_url":"https://api.github.com/repos/aminya/AcuteML.jl/keys{/key_id}","collaborators_url":"https://api.github.com/repos/aminya/AcuteML.jl/collaborators{/collaborator}","teams_url":"https://api.github.com/repos/aminya/AcuteML.jl/teams","hooks_url":"https://api.github.com/repos/aminya/AcuteML.jl/hooks","issue_events_url":"https://api.github.com/repos/aminya/AcuteML.jl/issues/events{/number}","events_url":"https://api.github.com/repos/aminya/AcuteML.jl/events","assignees_url":"https://api.github.com/repos/aminya/AcuteML.jl/assignees{/user}","branches_url":"https://api.github.com/repos/aminya/AcuteML.jl/branches{/branch}","tags_url":"https://api.github.com/repos/aminya/AcuteML.jl/tags","blobs_url":"https://api.github.com/repos/aminya/AcuteML.jl/git/blobs{/sha}","git_tags_url":"https://api.github.com/repos/aminya/AcuteML.jl/git/tags{/sha}","git_refs_url":"https://api.github.com/repos/aminya/AcuteML.jl/git/refs{/sha}","trees_url":"https://api.github.com/repos/aminya/AcuteML.jl/git/trees{/sha}","statuses_url":"https://api.github.com/repos/aminya/AcuteML.jl/statuses/{sha}","languages_url":"https://api.github.com/repos/aminya/AcuteML.jl/languages","stargazers_url":"https://api.github.com/repos/aminya/AcuteML.jl/stargazers","contributors_url":"https://api.github.com/repos/aminya/AcuteML.jl/contributors","subscribers_url":"https://api.github.com/repos/aminya/AcuteML.jl/subscribers","subscription_url":"https://api.github.com/repos/aminya/AcuteML.jl/subscription","commits_url":"https://api.github.com/repos/aminya/AcuteML.jl/commits{/sha}","git_commits_url":"https://api.github.com/repos/aminya/AcuteML.jl/git/commits{/sha}","comments_url":"https://api.github.com/repos/aminya/AcuteML.jl/comments{/number}","issue_comment_url":"https://api.github.com/repos/aminya/AcuteML.jl/issues/comments{/number}","contents_url":"https://api.github.com/repos/aminya/AcuteML.jl/contents/{+path}","compare_url":"https://api.github.com/repos/aminya/AcuteML.jl/compare/{base}...{head}","merges_url":"https://api.github.com/repos/aminya/AcuteML.jl/merges","archive_url":"https://api.github.com/repos/aminya/AcuteML.jl/{archive_format}{/ref}","downloads_url":"https://api.github.com/repos/aminya/AcuteML.jl/downloads","issues_url":"https://api.github.com/repos/aminya/AcuteML.jl/issues{/number}","pulls_url":"https://api.github.com/repos/aminya/AcuteML.jl/pulls{/number}","milestones_url":"https://api.github.com/repos/aminya/AcuteML.jl/milestones{/number}","notifications_url":"https://api.github.com/repos/aminya/AcuteML.jl/notifications{?since,all,participating}","labels_url":"https://api.github.com/repos/aminya/AcuteML.jl/labels{/name}","releases_url":"https://api.github.com/repos/aminya/AcuteML.jl/releases{/id}","deployments_url":"https://api.github.com/repos/aminya/AcuteML.jl/deployments","created_at":"2019-10-22T15:42:07Z","updated_at":"2022-02-19T13:16:06Z","pushed_at":"2021-08-19T20:43:08Z","git_url":"git://github.com/aminya/AcuteML.jl.git","ssh_url":"git@github.com:aminya/AcuteML.jl.git","clone_url":"https://github.com/aminya/AcuteML.jl.git","svn_url":"https://github.com/aminya/AcuteML.jl","homepage":"https://aminya.github.io/AcuteML.jl/dev","size":1596,"stargazers_count":4,"watchers_count":4,"language":"Julia","has_issues":true,"has_projects":true,"has_downloads":true,"has_wiki":false,"has_pages":true,"forks_count":4,"mirror_url":null,"archived":false,"disabled":false,"open_issues_count":21,"license":{"key":"mit","name":"MIT License","spdx_id":"MIT","url":"https://api.github.com/licenses/mit","node_id":"MDc6TGljZW5zZTEz"},"allow_forking":true,"is_template":false,"web_commit_signoff_required":false,"topics":["dom","html","julia","templating-engine","web-framework","web-library","xml","xml-files","xpath"],"visibility":"public","forks":4,"open_issues":21,"watchers":4,"default_branch":"master","permissions":{"admin":false,"maintain":false,"push":false,"triage":false,"pull":true},"temp_clone_token":"","network_count":4,"subscribers_count":3}