{"id":159393066,"node_id":"MDEwOlJlcG9zaXRvcnkxNTkzOTMwNjY=","name":"ApproximateComputations.jl","full_name":"NTimmons/ApproximateComputations.jl","private":false,"owner":{"login":"NTimmons","id":16775925,"node_id":"MDQ6VXNlcjE2Nzc1OTI1","avatar_url":"https://avatars.githubusercontent.com/u/16775925?v=4","gravatar_id":"","url":"https://api.github.com/users/NTimmons","html_url":"https://github.com/NTimmons","followers_url":"https://api.github.com/users/NTimmons/followers","following_url":"https://api.github.com/users/NTimmons/following{/other_user}","gists_url":"https://api.github.com/users/NTimmons/gists{/gist_id}","starred_url":"https://api.github.com/users/NTimmons/starred{/owner}{/repo}","subscriptions_url":"https://api.github.com/users/NTimmons/subscriptions","organizations_url":"https://api.github.com/users/NTimmons/orgs","repos_url":"https://api.github.com/users/NTimmons/repos","events_url":"https://api.github.com/users/NTimmons/events{/privacy}","received_events_url":"https://api.github.com/users/NTimmons/received_events","type":"User","site_admin":false},"html_url":"https://github.com/NTimmons/ApproximateComputations.jl","description":"A library of tools to allow function synthesis for approximate computations","fork":false,"url":"https://api.github.com/repos/NTimmons/ApproximateComputations.jl","forks_url":"https://api.github.com/repos/NTimmons/ApproximateComputations.jl/forks","keys_url":"https://api.github.com/repos/NTimmons/ApproximateComputations.jl/keys{/key_id}","collaborators_url":"https://api.github.com/repos/NTimmons/ApproximateComputations.jl/collaborators{/collaborator}","teams_url":"https://api.github.com/repos/NTimmons/ApproximateComputations.jl/teams","hooks_url":"https://api.github.com/repos/NTimmons/ApproximateComputations.jl/hooks","issue_events_url":"https://api.github.com/repos/NTimmons/ApproximateComputations.jl/issues/events{/number}","events_url":"https://api.github.com/repos/NTimmons/ApproximateComputations.jl/events","assignees_url":"https://api.github.com/repos/NTimmons/ApproximateComputations.jl/assignees{/user}","branches_url":"https://api.github.com/repos/NTimmons/ApproximateComputations.jl/branches{/branch}","tags_url":"https://api.github.com/repos/NTimmons/ApproximateComputations.jl/tags","blobs_url":"https://api.github.com/repos/NTimmons/ApproximateComputations.jl/git/blobs{/sha}","git_tags_url":"https://api.github.com/repos/NTimmons/ApproximateComputations.jl/git/tags{/sha}","git_refs_url":"https://api.github.com/repos/NTimmons/ApproximateComputations.jl/git/refs{/sha}","trees_url":"https://api.github.com/repos/NTimmons/ApproximateComputations.jl/git/trees{/sha}","statuses_url":"https://api.github.com/repos/NTimmons/ApproximateComputations.jl/statuses/{sha}","languages_url":"https://api.github.com/repos/NTimmons/ApproximateComputations.jl/languages","stargazers_url":"https://api.github.com/repos/NTimmons/ApproximateComputations.jl/stargazers","contributors_url":"https://api.github.com/repos/NTimmons/ApproximateComputations.jl/contributors","subscribers_url":"https://api.github.com/repos/NTimmons/ApproximateComputations.jl/subscribers","subscription_url":"https://api.github.com/repos/NTimmons/ApproximateComputations.jl/subscription","commits_url":"https://api.github.com/repos/NTimmons/ApproximateComputations.jl/commits{/sha}","git_commits_url":"https://api.github.com/repos/NTimmons/ApproximateComputations.jl/git/commits{/sha}","comments_url":"https://api.github.com/repos/NTimmons/ApproximateComputations.jl/comments{/number}","issue_comment_url":"https://api.github.com/repos/NTimmons/ApproximateComputations.jl/issues/comments{/number}","contents_url":"https://api.github.com/repos/NTimmons/ApproximateComputations.jl/contents/{+path}","compare_url":"https://api.github.com/repos/NTimmons/ApproximateComputations.jl/compare/{base}...{head}","merges_url":"https://api.github.com/repos/NTimmons/ApproximateComputations.jl/merges","archive_url":"https://api.github.com/repos/NTimmons/ApproximateComputations.jl/{archive_format}{/ref}","downloads_url":"https://api.github.com/repos/NTimmons/ApproximateComputations.jl/downloads","issues_url":"https://api.github.com/repos/NTimmons/ApproximateComputations.jl/issues{/number}","pulls_url":"https://api.github.com/repos/NTimmons/ApproximateComputations.jl/pulls{/number}","milestones_url":"https://api.github.com/repos/NTimmons/ApproximateComputations.jl/milestones{/number}","notifications_url":"https://api.github.com/repos/NTimmons/ApproximateComputations.jl/notifications{?since,all,participating}","labels_url":"https://api.github.com/repos/NTimmons/ApproximateComputations.jl/labels{/name}","releases_url":"https://api.github.com/repos/NTimmons/ApproximateComputations.jl/releases{/id}","deployments_url":"https://api.github.com/repos/NTimmons/ApproximateComputations.jl/deployments","created_at":"2018-11-27T20:10:47Z","updated_at":"2020-12-10T01:38:26Z","pushed_at":"2020-12-10T01:38:24Z","git_url":"git://github.com/NTimmons/ApproximateComputations.jl.git","ssh_url":"git@github.com:NTimmons/ApproximateComputations.jl.git","clone_url":"https://github.com/NTimmons/ApproximateComputations.jl.git","svn_url":"https://github.com/NTimmons/ApproximateComputations.jl","homepage":"","size":202,"stargazers_count":2,"watchers_count":2,"language":"Julia","has_issues":true,"has_projects":true,"has_downloads":true,"has_wiki":true,"has_pages":false,"forks_count":2,"mirror_url":null,"archived":false,"disabled":false,"open_issues_count":2,"license":{"key":"other","name":"Other","spdx_id":"NOASSERTION","url":null,"node_id":"MDc6TGljZW5zZTA="},"allow_forking":true,"is_template":false,"web_commit_signoff_required":false,"topics":[],"visibility":"public","forks":2,"open_issues":2,"watchers":2,"default_branch":"master","permissions":{"admin":false,"maintain":false,"push":false,"triage":false,"pull":true},"temp_clone_token":"","network_count":2,"subscribers_count":2}