{"id":342038577,"node_id":"MDEwOlJlcG9zaXRvcnkzNDIwMzg1Nzc=","name":"AKNS.jl","full_name":"tomtrogdon/AKNS.jl","private":false,"owner":{"login":"tomtrogdon","id":1234637,"node_id":"MDQ6VXNlcjEyMzQ2Mzc=","avatar_url":"https://avatars.githubusercontent.com/u/1234637?v=4","gravatar_id":"","url":"https://api.github.com/users/tomtrogdon","html_url":"https://github.com/tomtrogdon","followers_url":"https://api.github.com/users/tomtrogdon/followers","following_url":"https://api.github.com/users/tomtrogdon/following{/other_user}","gists_url":"https://api.github.com/users/tomtrogdon/gists{/gist_id}","starred_url":"https://api.github.com/users/tomtrogdon/starred{/owner}{/repo}","subscriptions_url":"https://api.github.com/users/tomtrogdon/subscriptions","organizations_url":"https://api.github.com/users/tomtrogdon/orgs","repos_url":"https://api.github.com/users/tomtrogdon/repos","events_url":"https://api.github.com/users/tomtrogdon/events{/privacy}","received_events_url":"https://api.github.com/users/tomtrogdon/received_events","type":"User","site_admin":false},"html_url":"https://github.com/tomtrogdon/AKNS.jl","description":"Scattering and inverse scattering for the AKNS system","fork":false,"url":"https://api.github.com/repos/tomtrogdon/AKNS.jl","forks_url":"https://api.github.com/repos/tomtrogdon/AKNS.jl/forks","keys_url":"https://api.github.com/repos/tomtrogdon/AKNS.jl/keys{/key_id}","collaborators_url":"https://api.github.com/repos/tomtrogdon/AKNS.jl/collaborators{/collaborator}","teams_url":"https://api.github.com/repos/tomtrogdon/AKNS.jl/teams","hooks_url":"https://api.github.com/repos/tomtrogdon/AKNS.jl/hooks","issue_events_url":"https://api.github.com/repos/tomtrogdon/AKNS.jl/issues/events{/number}","events_url":"https://api.github.com/repos/tomtrogdon/AKNS.jl/events","assignees_url":"https://api.github.com/repos/tomtrogdon/AKNS.jl/assignees{/user}","branches_url":"https://api.github.com/repos/tomtrogdon/AKNS.jl/branches{/branch}","tags_url":"https://api.github.com/repos/tomtrogdon/AKNS.jl/tags","blobs_url":"https://api.github.com/repos/tomtrogdon/AKNS.jl/git/blobs{/sha}","git_tags_url":"https://api.github.com/repos/tomtrogdon/AKNS.jl/git/tags{/sha}","git_refs_url":"https://api.github.com/repos/tomtrogdon/AKNS.jl/git/refs{/sha}","trees_url":"https://api.github.com/repos/tomtrogdon/AKNS.jl/git/trees{/sha}","statuses_url":"https://api.github.com/repos/tomtrogdon/AKNS.jl/statuses/{sha}","languages_url":"https://api.github.com/repos/tomtrogdon/AKNS.jl/languages","stargazers_url":"https://api.github.com/repos/tomtrogdon/AKNS.jl/stargazers","contributors_url":"https://api.github.com/repos/tomtrogdon/AKNS.jl/contributors","subscribers_url":"https://api.github.com/repos/tomtrogdon/AKNS.jl/subscribers","subscription_url":"https://api.github.com/repos/tomtrogdon/AKNS.jl/subscription","commits_url":"https://api.github.com/repos/tomtrogdon/AKNS.jl/commits{/sha}","git_commits_url":"https://api.github.com/repos/tomtrogdon/AKNS.jl/git/commits{/sha}","comments_url":"https://api.github.com/repos/tomtrogdon/AKNS.jl/comments{/number}","issue_comment_url":"https://api.github.com/repos/tomtrogdon/AKNS.jl/issues/comments{/number}","contents_url":"https://api.github.com/repos/tomtrogdon/AKNS.jl/contents/{+path}","compare_url":"https://api.github.com/repos/tomtrogdon/AKNS.jl/compare/{base}...{head}","merges_url":"https://api.github.com/repos/tomtrogdon/AKNS.jl/merges","archive_url":"https://api.github.com/repos/tomtrogdon/AKNS.jl/{archive_format}{/ref}","downloads_url":"https://api.github.com/repos/tomtrogdon/AKNS.jl/downloads","issues_url":"https://api.github.com/repos/tomtrogdon/AKNS.jl/issues{/number}","pulls_url":"https://api.github.com/repos/tomtrogdon/AKNS.jl/pulls{/number}","milestones_url":"https://api.github.com/repos/tomtrogdon/AKNS.jl/milestones{/number}","notifications_url":"https://api.github.com/repos/tomtrogdon/AKNS.jl/notifications{?since,all,participating}","labels_url":"https://api.github.com/repos/tomtrogdon/AKNS.jl/labels{/name}","releases_url":"https://api.github.com/repos/tomtrogdon/AKNS.jl/releases{/id}","deployments_url":"https://api.github.com/repos/tomtrogdon/AKNS.jl/deployments","created_at":"2021-02-24T21:19:23Z","updated_at":"2022-05-12T22:31:51Z","pushed_at":"2022-05-12T23:13:04Z","git_url":"git://github.com/tomtrogdon/AKNS.jl.git","ssh_url":"git@github.com:tomtrogdon/AKNS.jl.git","clone_url":"https://github.com/tomtrogdon/AKNS.jl.git","svn_url":"https://github.com/tomtrogdon/AKNS.jl","homepage":null,"size":2375,"stargazers_count":1,"watchers_count":1,"language":"Jupyter Notebook","has_issues":true,"has_projects":true,"has_downloads":true,"has_wiki":true,"has_pages":false,"forks_count":0,"mirror_url":null,"archived":false,"disabled":false,"open_issues_count":0,"license":{"key":"mit","name":"MIT License","spdx_id":"MIT","url":"https://api.github.com/licenses/mit","node_id":"MDc6TGljZW5zZTEz"},"allow_forking":true,"is_template":false,"web_commit_signoff_required":false,"topics":[],"visibility":"public","forks":0,"open_issues":0,"watchers":1,"default_branch":"main","permissions":{"admin":false,"maintain":false,"push":false,"triage":false,"pull":true},"temp_clone_token":"","network_count":0,"subscribers_count":2}