{"id":128843440,"node_id":"MDEwOlJlcG9zaXRvcnkxMjg4NDM0NDA=","name":"AnimalBreedingTools.jl","full_name":"masuday/AnimalBreedingTools.jl","private":false,"owner":{"login":"masuday","id":6868817,"node_id":"MDQ6VXNlcjY4Njg4MTc=","avatar_url":"https://avatars.githubusercontent.com/u/6868817?v=4","gravatar_id":"","url":"https://api.github.com/users/masuday","html_url":"https://github.com/masuday","followers_url":"https://api.github.com/users/masuday/followers","following_url":"https://api.github.com/users/masuday/following{/other_user}","gists_url":"https://api.github.com/users/masuday/gists{/gist_id}","starred_url":"https://api.github.com/users/masuday/starred{/owner}{/repo}","subscriptions_url":"https://api.github.com/users/masuday/subscriptions","organizations_url":"https://api.github.com/users/masuday/orgs","repos_url":"https://api.github.com/users/masuday/repos","events_url":"https://api.github.com/users/masuday/events{/privacy}","received_events_url":"https://api.github.com/users/masuday/received_events","type":"User","site_admin":false},"html_url":"https://github.com/masuday/AnimalBreedingTools.jl","description":"Some functions useful for small computations","fork":false,"url":"https://api.github.com/repos/masuday/AnimalBreedingTools.jl","forks_url":"https://api.github.com/repos/masuday/AnimalBreedingTools.jl/forks","keys_url":"https://api.github.com/repos/masuday/AnimalBreedingTools.jl/keys{/key_id}","collaborators_url":"https://api.github.com/repos/masuday/AnimalBreedingTools.jl/collaborators{/collaborator}","teams_url":"https://api.github.com/repos/masuday/AnimalBreedingTools.jl/teams","hooks_url":"https://api.github.com/repos/masuday/AnimalBreedingTools.jl/hooks","issue_events_url":"https://api.github.com/repos/masuday/AnimalBreedingTools.jl/issues/events{/number}","events_url":"https://api.github.com/repos/masuday/AnimalBreedingTools.jl/events","assignees_url":"https://api.github.com/repos/masuday/AnimalBreedingTools.jl/assignees{/user}","branches_url":"https://api.github.com/repos/masuday/AnimalBreedingTools.jl/branches{/branch}","tags_url":"https://api.github.com/repos/masuday/AnimalBreedingTools.jl/tags","blobs_url":"https://api.github.com/repos/masuday/AnimalBreedingTools.jl/git/blobs{/sha}","git_tags_url":"https://api.github.com/repos/masuday/AnimalBreedingTools.jl/git/tags{/sha}","git_refs_url":"https://api.github.com/repos/masuday/AnimalBreedingTools.jl/git/refs{/sha}","trees_url":"https://api.github.com/repos/masuday/AnimalBreedingTools.jl/git/trees{/sha}","statuses_url":"https://api.github.com/repos/masuday/AnimalBreedingTools.jl/statuses/{sha}","languages_url":"https://api.github.com/repos/masuday/AnimalBreedingTools.jl/languages","stargazers_url":"https://api.github.com/repos/masuday/AnimalBreedingTools.jl/stargazers","contributors_url":"https://api.github.com/repos/masuday/AnimalBreedingTools.jl/contributors","subscribers_url":"https://api.github.com/repos/masuday/AnimalBreedingTools.jl/subscribers","subscription_url":"https://api.github.com/repos/masuday/AnimalBreedingTools.jl/subscription","commits_url":"https://api.github.com/repos/masuday/AnimalBreedingTools.jl/commits{/sha}","git_commits_url":"https://api.github.com/repos/masuday/AnimalBreedingTools.jl/git/commits{/sha}","comments_url":"https://api.github.com/repos/masuday/AnimalBreedingTools.jl/comments{/number}","issue_comment_url":"https://api.github.com/repos/masuday/AnimalBreedingTools.jl/issues/comments{/number}","contents_url":"https://api.github.com/repos/masuday/AnimalBreedingTools.jl/contents/{+path}","compare_url":"https://api.github.com/repos/masuday/AnimalBreedingTools.jl/compare/{base}...{head}","merges_url":"https://api.github.com/repos/masuday/AnimalBreedingTools.jl/merges","archive_url":"https://api.github.com/repos/masuday/AnimalBreedingTools.jl/{archive_format}{/ref}","downloads_url":"https://api.github.com/repos/masuday/AnimalBreedingTools.jl/downloads","issues_url":"https://api.github.com/repos/masuday/AnimalBreedingTools.jl/issues{/number}","pulls_url":"https://api.github.com/repos/masuday/AnimalBreedingTools.jl/pulls{/number}","milestones_url":"https://api.github.com/repos/masuday/AnimalBreedingTools.jl/milestones{/number}","notifications_url":"https://api.github.com/repos/masuday/AnimalBreedingTools.jl/notifications{?since,all,participating}","labels_url":"https://api.github.com/repos/masuday/AnimalBreedingTools.jl/labels{/name}","releases_url":"https://api.github.com/repos/masuday/AnimalBreedingTools.jl/releases{/id}","deployments_url":"https://api.github.com/repos/masuday/AnimalBreedingTools.jl/deployments","created_at":"2018-04-09T22:58:57Z","updated_at":"2021-09-19T06:51:24Z","pushed_at":"2021-09-19T06:51:21Z","git_url":"git://github.com/masuday/AnimalBreedingTools.jl.git","ssh_url":"git@github.com:masuday/AnimalBreedingTools.jl.git","clone_url":"https://github.com/masuday/AnimalBreedingTools.jl.git","svn_url":"https://github.com/masuday/AnimalBreedingTools.jl","homepage":null,"size":46,"stargazers_count":0,"watchers_count":0,"language":"Julia","has_issues":true,"has_projects":true,"has_downloads":true,"has_wiki":true,"has_pages":false,"forks_count":0,"mirror_url":null,"archived":false,"disabled":false,"open_issues_count":0,"license":{"key":"mit","name":"MIT License","spdx_id":"MIT","url":"https://api.github.com/licenses/mit","node_id":"MDc6TGljZW5zZTEz"},"allow_forking":true,"is_template":false,"web_commit_signoff_required":false,"topics":[],"visibility":"public","forks":0,"open_issues":0,"watchers":0,"default_branch":"master","permissions":{"admin":false,"maintain":false,"push":false,"triage":false,"pull":true},"temp_clone_token":"","network_count":0,"subscribers_count":2}