{"id":240745141,"node_id":"MDEwOlJlcG9zaXRvcnkyNDA3NDUxNDE=","name":"AntColony.jl","full_name":"schiegl/AntColony.jl","private":false,"owner":{"login":"schiegl","id":14161807,"node_id":"MDQ6VXNlcjE0MTYxODA3","avatar_url":"https://avatars.githubusercontent.com/u/14161807?v=4","gravatar_id":"","url":"https://api.github.com/users/schiegl","html_url":"https://github.com/schiegl","followers_url":"https://api.github.com/users/schiegl/followers","following_url":"https://api.github.com/users/schiegl/following{/other_user}","gists_url":"https://api.github.com/users/schiegl/gists{/gist_id}","starred_url":"https://api.github.com/users/schiegl/starred{/owner}{/repo}","subscriptions_url":"https://api.github.com/users/schiegl/subscriptions","organizations_url":"https://api.github.com/users/schiegl/orgs","repos_url":"https://api.github.com/users/schiegl/repos","events_url":"https://api.github.com/users/schiegl/events{/privacy}","received_events_url":"https://api.github.com/users/schiegl/received_events","type":"User","site_admin":false},"html_url":"https://github.com/schiegl/AntColony.jl","description":"A Julia package for ant colony optimization","fork":false,"url":"https://api.github.com/repos/schiegl/AntColony.jl","forks_url":"https://api.github.com/repos/schiegl/AntColony.jl/forks","keys_url":"https://api.github.com/repos/schiegl/AntColony.jl/keys{/key_id}","collaborators_url":"https://api.github.com/repos/schiegl/AntColony.jl/collaborators{/collaborator}","teams_url":"https://api.github.com/repos/schiegl/AntColony.jl/teams","hooks_url":"https://api.github.com/repos/schiegl/AntColony.jl/hooks","issue_events_url":"https://api.github.com/repos/schiegl/AntColony.jl/issues/events{/number}","events_url":"https://api.github.com/repos/schiegl/AntColony.jl/events","assignees_url":"https://api.github.com/repos/schiegl/AntColony.jl/assignees{/user}","branches_url":"https://api.github.com/repos/schiegl/AntColony.jl/branches{/branch}","tags_url":"https://api.github.com/repos/schiegl/AntColony.jl/tags","blobs_url":"https://api.github.com/repos/schiegl/AntColony.jl/git/blobs{/sha}","git_tags_url":"https://api.github.com/repos/schiegl/AntColony.jl/git/tags{/sha}","git_refs_url":"https://api.github.com/repos/schiegl/AntColony.jl/git/refs{/sha}","trees_url":"https://api.github.com/repos/schiegl/AntColony.jl/git/trees{/sha}","statuses_url":"https://api.github.com/repos/schiegl/AntColony.jl/statuses/{sha}","languages_url":"https://api.github.com/repos/schiegl/AntColony.jl/languages","stargazers_url":"https://api.github.com/repos/schiegl/AntColony.jl/stargazers","contributors_url":"https://api.github.com/repos/schiegl/AntColony.jl/contributors","subscribers_url":"https://api.github.com/repos/schiegl/AntColony.jl/subscribers","subscription_url":"https://api.github.com/repos/schiegl/AntColony.jl/subscription","commits_url":"https://api.github.com/repos/schiegl/AntColony.jl/commits{/sha}","git_commits_url":"https://api.github.com/repos/schiegl/AntColony.jl/git/commits{/sha}","comments_url":"https://api.github.com/repos/schiegl/AntColony.jl/comments{/number}","issue_comment_url":"https://api.github.com/repos/schiegl/AntColony.jl/issues/comments{/number}","contents_url":"https://api.github.com/repos/schiegl/AntColony.jl/contents/{+path}","compare_url":"https://api.github.com/repos/schiegl/AntColony.jl/compare/{base}...{head}","merges_url":"https://api.github.com/repos/schiegl/AntColony.jl/merges","archive_url":"https://api.github.com/repos/schiegl/AntColony.jl/{archive_format}{/ref}","downloads_url":"https://api.github.com/repos/schiegl/AntColony.jl/downloads","issues_url":"https://api.github.com/repos/schiegl/AntColony.jl/issues{/number}","pulls_url":"https://api.github.com/repos/schiegl/AntColony.jl/pulls{/number}","milestones_url":"https://api.github.com/repos/schiegl/AntColony.jl/milestones{/number}","notifications_url":"https://api.github.com/repos/schiegl/AntColony.jl/notifications{?since,all,participating}","labels_url":"https://api.github.com/repos/schiegl/AntColony.jl/labels{/name}","releases_url":"https://api.github.com/repos/schiegl/AntColony.jl/releases{/id}","deployments_url":"https://api.github.com/repos/schiegl/AntColony.jl/deployments","created_at":"2020-02-15T16:10:16Z","updated_at":"2020-12-27T16:47:02Z","pushed_at":"2020-02-26T13:45:17Z","git_url":"git://github.com/schiegl/AntColony.jl.git","ssh_url":"git@github.com:schiegl/AntColony.jl.git","clone_url":"https://github.com/schiegl/AntColony.jl.git","svn_url":"https://github.com/schiegl/AntColony.jl","homepage":null,"size":68,"stargazers_count":4,"watchers_count":4,"language":"Julia","has_issues":true,"has_projects":true,"has_downloads":true,"has_wiki":true,"has_pages":false,"forks_count":1,"mirror_url":null,"archived":false,"disabled":false,"open_issues_count":0,"license":{"key":"mit","name":"MIT License","spdx_id":"MIT","url":"https://api.github.com/licenses/mit","node_id":"MDc6TGljZW5zZTEz"},"allow_forking":true,"is_template":false,"web_commit_signoff_required":false,"topics":["ant-colony-optimization","heuristic-search-algorithms","julia","optimization","optimization-algorithms"],"visibility":"public","forks":1,"open_issues":0,"watchers":4,"default_branch":"master","permissions":{"admin":false,"maintain":false,"push":false,"triage":false,"pull":true},"temp_clone_token":"","network_count":1,"subscribers_count":2}