{"id":206209042,"node_id":"MDEwOlJlcG9zaXRvcnkyMDYyMDkwNDI=","name":"AlphaZero.jl","full_name":"jonathan-laurent/AlphaZero.jl","private":false,"owner":{"login":"jonathan-laurent","id":6361331,"node_id":"MDQ6VXNlcjYzNjEzMzE=","avatar_url":"https://avatars.githubusercontent.com/u/6361331?v=4","gravatar_id":"","url":"https://api.github.com/users/jonathan-laurent","html_url":"https://github.com/jonathan-laurent","followers_url":"https://api.github.com/users/jonathan-laurent/followers","following_url":"https://api.github.com/users/jonathan-laurent/following{/other_user}","gists_url":"https://api.github.com/users/jonathan-laurent/gists{/gist_id}","starred_url":"https://api.github.com/users/jonathan-laurent/starred{/owner}{/repo}","subscriptions_url":"https://api.github.com/users/jonathan-laurent/subscriptions","organizations_url":"https://api.github.com/users/jonathan-laurent/orgs","repos_url":"https://api.github.com/users/jonathan-laurent/repos","events_url":"https://api.github.com/users/jonathan-laurent/events{/privacy}","received_events_url":"https://api.github.com/users/jonathan-laurent/received_events","type":"User","site_admin":false},"html_url":"https://github.com/jonathan-laurent/AlphaZero.jl","description":"A generic, simple and fast implementation of Deepmind's AlphaZero algorithm.","fork":false,"url":"https://api.github.com/repos/jonathan-laurent/AlphaZero.jl","forks_url":"https://api.github.com/repos/jonathan-laurent/AlphaZero.jl/forks","keys_url":"https://api.github.com/repos/jonathan-laurent/AlphaZero.jl/keys{/key_id}","collaborators_url":"https://api.github.com/repos/jonathan-laurent/AlphaZero.jl/collaborators{/collaborator}","teams_url":"https://api.github.com/repos/jonathan-laurent/AlphaZero.jl/teams","hooks_url":"https://api.github.com/repos/jonathan-laurent/AlphaZero.jl/hooks","issue_events_url":"https://api.github.com/repos/jonathan-laurent/AlphaZero.jl/issues/events{/number}","events_url":"https://api.github.com/repos/jonathan-laurent/AlphaZero.jl/events","assignees_url":"https://api.github.com/repos/jonathan-laurent/AlphaZero.jl/assignees{/user}","branches_url":"https://api.github.com/repos/jonathan-laurent/AlphaZero.jl/branches{/branch}","tags_url":"https://api.github.com/repos/jonathan-laurent/AlphaZero.jl/tags","blobs_url":"https://api.github.com/repos/jonathan-laurent/AlphaZero.jl/git/blobs{/sha}","git_tags_url":"https://api.github.com/repos/jonathan-laurent/AlphaZero.jl/git/tags{/sha}","git_refs_url":"https://api.github.com/repos/jonathan-laurent/AlphaZero.jl/git/refs{/sha}","trees_url":"https://api.github.com/repos/jonathan-laurent/AlphaZero.jl/git/trees{/sha}","statuses_url":"https://api.github.com/repos/jonathan-laurent/AlphaZero.jl/statuses/{sha}","languages_url":"https://api.github.com/repos/jonathan-laurent/AlphaZero.jl/languages","stargazers_url":"https://api.github.com/repos/jonathan-laurent/AlphaZero.jl/stargazers","contributors_url":"https://api.github.com/repos/jonathan-laurent/AlphaZero.jl/contributors","subscribers_url":"https://api.github.com/repos/jonathan-laurent/AlphaZero.jl/subscribers","subscription_url":"https://api.github.com/repos/jonathan-laurent/AlphaZero.jl/subscription","commits_url":"https://api.github.com/repos/jonathan-laurent/AlphaZero.jl/commits{/sha}","git_commits_url":"https://api.github.com/repos/jonathan-laurent/AlphaZero.jl/git/commits{/sha}","comments_url":"https://api.github.com/repos/jonathan-laurent/AlphaZero.jl/comments{/number}","issue_comment_url":"https://api.github.com/repos/jonathan-laurent/AlphaZero.jl/issues/comments{/number}","contents_url":"https://api.github.com/repos/jonathan-laurent/AlphaZero.jl/contents/{+path}","compare_url":"https://api.github.com/repos/jonathan-laurent/AlphaZero.jl/compare/{base}...{head}","merges_url":"https://api.github.com/repos/jonathan-laurent/AlphaZero.jl/merges","archive_url":"https://api.github.com/repos/jonathan-laurent/AlphaZero.jl/{archive_format}{/ref}","downloads_url":"https://api.github.com/repos/jonathan-laurent/AlphaZero.jl/downloads","issues_url":"https://api.github.com/repos/jonathan-laurent/AlphaZero.jl/issues{/number}","pulls_url":"https://api.github.com/repos/jonathan-laurent/AlphaZero.jl/pulls{/number}","milestones_url":"https://api.github.com/repos/jonathan-laurent/AlphaZero.jl/milestones{/number}","notifications_url":"https://api.github.com/repos/jonathan-laurent/AlphaZero.jl/notifications{?since,all,participating}","labels_url":"https://api.github.com/repos/jonathan-laurent/AlphaZero.jl/labels{/name}","releases_url":"https://api.github.com/repos/jonathan-laurent/AlphaZero.jl/releases{/id}","deployments_url":"https://api.github.com/repos/jonathan-laurent/AlphaZero.jl/deployments","created_at":"2019-09-04T02:00:41Z","updated_at":"2022-06-30T14:46:56Z","pushed_at":"2022-06-23T21:00:05Z","git_url":"git://github.com/jonathan-laurent/AlphaZero.jl.git","ssh_url":"git@github.com:jonathan-laurent/AlphaZero.jl.git","clone_url":"https://github.com/jonathan-laurent/AlphaZero.jl.git","svn_url":"https://github.com/jonathan-laurent/AlphaZero.jl","homepage":"https://jonathan-laurent.github.io/AlphaZero.jl/stable/","size":20915,"stargazers_count":1033,"watchers_count":1033,"language":"Julia","has_issues":true,"has_projects":true,"has_downloads":true,"has_wiki":true,"has_pages":true,"forks_count":104,"mirror_url":null,"archived":false,"disabled":false,"open_issues_count":19,"license":{"key":"mit","name":"MIT License","spdx_id":"MIT","url":"https://api.github.com/licenses/mit","node_id":"MDc6TGljZW5zZTEz"},"allow_forking":true,"is_template":false,"web_commit_signoff_required":false,"topics":["alphazero","deep-learning","julia","machine-learning"],"visibility":"public","forks":104,"open_issues":19,"watchers":1033,"default_branch":"master","permissions":{"admin":false,"maintain":false,"push":false,"triage":false,"pull":true},"temp_clone_token":"","network_count":104,"subscribers_count":25}