{"id":48224425,"node_id":"MDEwOlJlcG9zaXRvcnk0ODIyNDQyNQ==","name":"ACME.jl","full_name":"HSU-ANT/ACME.jl","private":false,"owner":{"login":"HSU-ANT","id":6555254,"node_id":"MDEyOk9yZ2FuaXphdGlvbjY1NTUyNTQ=","avatar_url":"https://avatars.githubusercontent.com/u/6555254?v=4","gravatar_id":"","url":"https://api.github.com/users/HSU-ANT","html_url":"https://github.com/HSU-ANT","followers_url":"https://api.github.com/users/HSU-ANT/followers","following_url":"https://api.github.com/users/HSU-ANT/following{/other_user}","gists_url":"https://api.github.com/users/HSU-ANT/gists{/gist_id}","starred_url":"https://api.github.com/users/HSU-ANT/starred{/owner}{/repo}","subscriptions_url":"https://api.github.com/users/HSU-ANT/subscriptions","organizations_url":"https://api.github.com/users/HSU-ANT/orgs","repos_url":"https://api.github.com/users/HSU-ANT/repos","events_url":"https://api.github.com/users/HSU-ANT/events{/privacy}","received_events_url":"https://api.github.com/users/HSU-ANT/received_events","type":"Organization","site_admin":false},"html_url":"https://github.com/HSU-ANT/ACME.jl","description":"ACME.jl - Analog Circuit Modeling and Emulation for Julia","fork":false,"url":"https://api.github.com/repos/HSU-ANT/ACME.jl","forks_url":"https://api.github.com/repos/HSU-ANT/ACME.jl/forks","keys_url":"https://api.github.com/repos/HSU-ANT/ACME.jl/keys{/key_id}","collaborators_url":"https://api.github.com/repos/HSU-ANT/ACME.jl/collaborators{/collaborator}","teams_url":"https://api.github.com/repos/HSU-ANT/ACME.jl/teams","hooks_url":"https://api.github.com/repos/HSU-ANT/ACME.jl/hooks","issue_events_url":"https://api.github.com/repos/HSU-ANT/ACME.jl/issues/events{/number}","events_url":"https://api.github.com/repos/HSU-ANT/ACME.jl/events","assignees_url":"https://api.github.com/repos/HSU-ANT/ACME.jl/assignees{/user}","branches_url":"https://api.github.com/repos/HSU-ANT/ACME.jl/branches{/branch}","tags_url":"https://api.github.com/repos/HSU-ANT/ACME.jl/tags","blobs_url":"https://api.github.com/repos/HSU-ANT/ACME.jl/git/blobs{/sha}","git_tags_url":"https://api.github.com/repos/HSU-ANT/ACME.jl/git/tags{/sha}","git_refs_url":"https://api.github.com/repos/HSU-ANT/ACME.jl/git/refs{/sha}","trees_url":"https://api.github.com/repos/HSU-ANT/ACME.jl/git/trees{/sha}","statuses_url":"https://api.github.com/repos/HSU-ANT/ACME.jl/statuses/{sha}","languages_url":"https://api.github.com/repos/HSU-ANT/ACME.jl/languages","stargazers_url":"https://api.github.com/repos/HSU-ANT/ACME.jl/stargazers","contributors_url":"https://api.github.com/repos/HSU-ANT/ACME.jl/contributors","subscribers_url":"https://api.github.com/repos/HSU-ANT/ACME.jl/subscribers","subscription_url":"https://api.github.com/repos/HSU-ANT/ACME.jl/subscription","commits_url":"https://api.github.com/repos/HSU-ANT/ACME.jl/commits{/sha}","git_commits_url":"https://api.github.com/repos/HSU-ANT/ACME.jl/git/commits{/sha}","comments_url":"https://api.github.com/repos/HSU-ANT/ACME.jl/comments{/number}","issue_comment_url":"https://api.github.com/repos/HSU-ANT/ACME.jl/issues/comments{/number}","contents_url":"https://api.github.com/repos/HSU-ANT/ACME.jl/contents/{+path}","compare_url":"https://api.github.com/repos/HSU-ANT/ACME.jl/compare/{base}...{head}","merges_url":"https://api.github.com/repos/HSU-ANT/ACME.jl/merges","archive_url":"https://api.github.com/repos/HSU-ANT/ACME.jl/{archive_format}{/ref}","downloads_url":"https://api.github.com/repos/HSU-ANT/ACME.jl/downloads","issues_url":"https://api.github.com/repos/HSU-ANT/ACME.jl/issues{/number}","pulls_url":"https://api.github.com/repos/HSU-ANT/ACME.jl/pulls{/number}","milestones_url":"https://api.github.com/repos/HSU-ANT/ACME.jl/milestones{/number}","notifications_url":"https://api.github.com/repos/HSU-ANT/ACME.jl/notifications{?since,all,participating}","labels_url":"https://api.github.com/repos/HSU-ANT/ACME.jl/labels{/name}","releases_url":"https://api.github.com/repos/HSU-ANT/ACME.jl/releases{/id}","deployments_url":"https://api.github.com/repos/HSU-ANT/ACME.jl/deployments","created_at":"2015-12-18T08:47:02Z","updated_at":"2022-06-20T09:25:24Z","pushed_at":"2022-06-27T09:33:56Z","git_url":"git://github.com/HSU-ANT/ACME.jl.git","ssh_url":"git@github.com:HSU-ANT/ACME.jl.git","clone_url":"https://github.com/HSU-ANT/ACME.jl.git","svn_url":"https://github.com/HSU-ANT/ACME.jl","homepage":"","size":1292,"stargazers_count":95,"watchers_count":95,"language":"Julia","has_issues":true,"has_projects":true,"has_downloads":true,"has_wiki":false,"has_pages":true,"forks_count":21,"mirror_url":null,"archived":false,"disabled":false,"open_issues_count":9,"license":{"key":"other","name":"Other","spdx_id":"NOASSERTION","url":null,"node_id":"MDc6TGljZW5zZTA="},"allow_forking":true,"is_template":false,"web_commit_signoff_required":false,"topics":["analog-circuit-modeling","audio","emulation","julia"],"visibility":"public","forks":21,"open_issues":9,"watchers":95,"default_branch":"main","permissions":{"admin":false,"maintain":false,"push":false,"triage":false,"pull":true},"temp_clone_token":"","organization":{"login":"HSU-ANT","id":6555254,"node_id":"MDEyOk9yZ2FuaXphdGlvbjY1NTUyNTQ=","avatar_url":"https://avatars.githubusercontent.com/u/6555254?v=4","gravatar_id":"","url":"https://api.github.com/users/HSU-ANT","html_url":"https://github.com/HSU-ANT","followers_url":"https://api.github.com/users/HSU-ANT/followers","following_url":"https://api.github.com/users/HSU-ANT/following{/other_user}","gists_url":"https://api.github.com/users/HSU-ANT/gists{/gist_id}","starred_url":"https://api.github.com/users/HSU-ANT/starred{/owner}{/repo}","subscriptions_url":"https://api.github.com/users/HSU-ANT/subscriptions","organizations_url":"https://api.github.com/users/HSU-ANT/orgs","repos_url":"https://api.github.com/users/HSU-ANT/repos","events_url":"https://api.github.com/users/HSU-ANT/events{/privacy}","received_events_url":"https://api.github.com/users/HSU-ANT/received_events","type":"Organization","site_admin":false},"network_count":21,"subscribers_count":7}