{"id":119861829,"node_id":"MDEwOlJlcG9zaXRvcnkxMTk4NjE4Mjk=","name":"AdaptiveRejectionSampling.jl","full_name":"mauriciogtec/AdaptiveRejectionSampling.jl","private":false,"owner":{"login":"mauriciogtec","id":6047301,"node_id":"MDQ6VXNlcjYwNDczMDE=","avatar_url":"https://avatars.githubusercontent.com/u/6047301?v=4","gravatar_id":"","url":"https://api.github.com/users/mauriciogtec","html_url":"https://github.com/mauriciogtec","followers_url":"https://api.github.com/users/mauriciogtec/followers","following_url":"https://api.github.com/users/mauriciogtec/following{/other_user}","gists_url":"https://api.github.com/users/mauriciogtec/gists{/gist_id}","starred_url":"https://api.github.com/users/mauriciogtec/starred{/owner}{/repo}","subscriptions_url":"https://api.github.com/users/mauriciogtec/subscriptions","organizations_url":"https://api.github.com/users/mauriciogtec/orgs","repos_url":"https://api.github.com/users/mauriciogtec/repos","events_url":"https://api.github.com/users/mauriciogtec/events{/privacy}","received_events_url":"https://api.github.com/users/mauriciogtec/received_events","type":"User","site_admin":false},"html_url":"https://github.com/mauriciogtec/AdaptiveRejectionSampling.jl","description":"Julia package for fast flexible adaptive rejection sampling for log-concave univariate densities.","fork":false,"url":"https://api.github.com/repos/mauriciogtec/AdaptiveRejectionSampling.jl","forks_url":"https://api.github.com/repos/mauriciogtec/AdaptiveRejectionSampling.jl/forks","keys_url":"https://api.github.com/repos/mauriciogtec/AdaptiveRejectionSampling.jl/keys{/key_id}","collaborators_url":"https://api.github.com/repos/mauriciogtec/AdaptiveRejectionSampling.jl/collaborators{/collaborator}","teams_url":"https://api.github.com/repos/mauriciogtec/AdaptiveRejectionSampling.jl/teams","hooks_url":"https://api.github.com/repos/mauriciogtec/AdaptiveRejectionSampling.jl/hooks","issue_events_url":"https://api.github.com/repos/mauriciogtec/AdaptiveRejectionSampling.jl/issues/events{/number}","events_url":"https://api.github.com/repos/mauriciogtec/AdaptiveRejectionSampling.jl/events","assignees_url":"https://api.github.com/repos/mauriciogtec/AdaptiveRejectionSampling.jl/assignees{/user}","branches_url":"https://api.github.com/repos/mauriciogtec/AdaptiveRejectionSampling.jl/branches{/branch}","tags_url":"https://api.github.com/repos/mauriciogtec/AdaptiveRejectionSampling.jl/tags","blobs_url":"https://api.github.com/repos/mauriciogtec/AdaptiveRejectionSampling.jl/git/blobs{/sha}","git_tags_url":"https://api.github.com/repos/mauriciogtec/AdaptiveRejectionSampling.jl/git/tags{/sha}","git_refs_url":"https://api.github.com/repos/mauriciogtec/AdaptiveRejectionSampling.jl/git/refs{/sha}","trees_url":"https://api.github.com/repos/mauriciogtec/AdaptiveRejectionSampling.jl/git/trees{/sha}","statuses_url":"https://api.github.com/repos/mauriciogtec/AdaptiveRejectionSampling.jl/statuses/{sha}","languages_url":"https://api.github.com/repos/mauriciogtec/AdaptiveRejectionSampling.jl/languages","stargazers_url":"https://api.github.com/repos/mauriciogtec/AdaptiveRejectionSampling.jl/stargazers","contributors_url":"https://api.github.com/repos/mauriciogtec/AdaptiveRejectionSampling.jl/contributors","subscribers_url":"https://api.github.com/repos/mauriciogtec/AdaptiveRejectionSampling.jl/subscribers","subscription_url":"https://api.github.com/repos/mauriciogtec/AdaptiveRejectionSampling.jl/subscription","commits_url":"https://api.github.com/repos/mauriciogtec/AdaptiveRejectionSampling.jl/commits{/sha}","git_commits_url":"https://api.github.com/repos/mauriciogtec/AdaptiveRejectionSampling.jl/git/commits{/sha}","comments_url":"https://api.github.com/repos/mauriciogtec/AdaptiveRejectionSampling.jl/comments{/number}","issue_comment_url":"https://api.github.com/repos/mauriciogtec/AdaptiveRejectionSampling.jl/issues/comments{/number}","contents_url":"https://api.github.com/repos/mauriciogtec/AdaptiveRejectionSampling.jl/contents/{+path}","compare_url":"https://api.github.com/repos/mauriciogtec/AdaptiveRejectionSampling.jl/compare/{base}...{head}","merges_url":"https://api.github.com/repos/mauriciogtec/AdaptiveRejectionSampling.jl/merges","archive_url":"https://api.github.com/repos/mauriciogtec/AdaptiveRejectionSampling.jl/{archive_format}{/ref}","downloads_url":"https://api.github.com/repos/mauriciogtec/AdaptiveRejectionSampling.jl/downloads","issues_url":"https://api.github.com/repos/mauriciogtec/AdaptiveRejectionSampling.jl/issues{/number}","pulls_url":"https://api.github.com/repos/mauriciogtec/AdaptiveRejectionSampling.jl/pulls{/number}","milestones_url":"https://api.github.com/repos/mauriciogtec/AdaptiveRejectionSampling.jl/milestones{/number}","notifications_url":"https://api.github.com/repos/mauriciogtec/AdaptiveRejectionSampling.jl/notifications{?since,all,participating}","labels_url":"https://api.github.com/repos/mauriciogtec/AdaptiveRejectionSampling.jl/labels{/name}","releases_url":"https://api.github.com/repos/mauriciogtec/AdaptiveRejectionSampling.jl/releases{/id}","deployments_url":"https://api.github.com/repos/mauriciogtec/AdaptiveRejectionSampling.jl/deployments","created_at":"2018-02-01T16:25:54Z","updated_at":"2022-01-25T13:04:46Z","pushed_at":"2021-05-09T02:04:47Z","git_url":"git://github.com/mauriciogtec/AdaptiveRejectionSampling.jl.git","ssh_url":"git@github.com:mauriciogtec/AdaptiveRejectionSampling.jl.git","clone_url":"https://github.com/mauriciogtec/AdaptiveRejectionSampling.jl.git","svn_url":"https://github.com/mauriciogtec/AdaptiveRejectionSampling.jl","homepage":"","size":260,"stargazers_count":10,"watchers_count":10,"language":"Julia","has_issues":true,"has_projects":true,"has_downloads":true,"has_wiki":true,"has_pages":false,"forks_count":4,"mirror_url":null,"archived":false,"disabled":false,"open_issues_count":0,"license":{"key":"other","name":"Other","spdx_id":"NOASSERTION","url":null,"node_id":"MDc6TGljZW5zZTA="},"allow_forking":true,"is_template":false,"web_commit_signoff_required":false,"topics":["rejection-sampling","simulation"],"visibility":"public","forks":4,"open_issues":0,"watchers":10,"default_branch":"master","permissions":{"admin":false,"maintain":false,"push":false,"triage":false,"pull":true},"temp_clone_token":"","network_count":4,"subscribers_count":1}