{"id":134751880,"node_id":"MDEwOlJlcG9zaXRvcnkxMzQ3NTE4ODA=","name":"Algencan.jl","full_name":"pjssilva/Algencan.jl","private":false,"owner":{"login":"pjssilva","id":1160841,"node_id":"MDQ6VXNlcjExNjA4NDE=","avatar_url":"https://avatars.githubusercontent.com/u/1160841?v=4","gravatar_id":"","url":"https://api.github.com/users/pjssilva","html_url":"https://github.com/pjssilva","followers_url":"https://api.github.com/users/pjssilva/followers","following_url":"https://api.github.com/users/pjssilva/following{/other_user}","gists_url":"https://api.github.com/users/pjssilva/gists{/gist_id}","starred_url":"https://api.github.com/users/pjssilva/starred{/owner}{/repo}","subscriptions_url":"https://api.github.com/users/pjssilva/subscriptions","organizations_url":"https://api.github.com/users/pjssilva/orgs","repos_url":"https://api.github.com/users/pjssilva/repos","events_url":"https://api.github.com/users/pjssilva/events{/privacy}","received_events_url":"https://api.github.com/users/pjssilva/received_events","type":"User","site_admin":false},"html_url":"https://github.com/pjssilva/Algencan.jl","description":"JuMP / MathProgBase interface for Algencan","fork":false,"url":"https://api.github.com/repos/pjssilva/Algencan.jl","forks_url":"https://api.github.com/repos/pjssilva/Algencan.jl/forks","keys_url":"https://api.github.com/repos/pjssilva/Algencan.jl/keys{/key_id}","collaborators_url":"https://api.github.com/repos/pjssilva/Algencan.jl/collaborators{/collaborator}","teams_url":"https://api.github.com/repos/pjssilva/Algencan.jl/teams","hooks_url":"https://api.github.com/repos/pjssilva/Algencan.jl/hooks","issue_events_url":"https://api.github.com/repos/pjssilva/Algencan.jl/issues/events{/number}","events_url":"https://api.github.com/repos/pjssilva/Algencan.jl/events","assignees_url":"https://api.github.com/repos/pjssilva/Algencan.jl/assignees{/user}","branches_url":"https://api.github.com/repos/pjssilva/Algencan.jl/branches{/branch}","tags_url":"https://api.github.com/repos/pjssilva/Algencan.jl/tags","blobs_url":"https://api.github.com/repos/pjssilva/Algencan.jl/git/blobs{/sha}","git_tags_url":"https://api.github.com/repos/pjssilva/Algencan.jl/git/tags{/sha}","git_refs_url":"https://api.github.com/repos/pjssilva/Algencan.jl/git/refs{/sha}","trees_url":"https://api.github.com/repos/pjssilva/Algencan.jl/git/trees{/sha}","statuses_url":"https://api.github.com/repos/pjssilva/Algencan.jl/statuses/{sha}","languages_url":"https://api.github.com/repos/pjssilva/Algencan.jl/languages","stargazers_url":"https://api.github.com/repos/pjssilva/Algencan.jl/stargazers","contributors_url":"https://api.github.com/repos/pjssilva/Algencan.jl/contributors","subscribers_url":"https://api.github.com/repos/pjssilva/Algencan.jl/subscribers","subscription_url":"https://api.github.com/repos/pjssilva/Algencan.jl/subscription","commits_url":"https://api.github.com/repos/pjssilva/Algencan.jl/commits{/sha}","git_commits_url":"https://api.github.com/repos/pjssilva/Algencan.jl/git/commits{/sha}","comments_url":"https://api.github.com/repos/pjssilva/Algencan.jl/comments{/number}","issue_comment_url":"https://api.github.com/repos/pjssilva/Algencan.jl/issues/comments{/number}","contents_url":"https://api.github.com/repos/pjssilva/Algencan.jl/contents/{+path}","compare_url":"https://api.github.com/repos/pjssilva/Algencan.jl/compare/{base}...{head}","merges_url":"https://api.github.com/repos/pjssilva/Algencan.jl/merges","archive_url":"https://api.github.com/repos/pjssilva/Algencan.jl/{archive_format}{/ref}","downloads_url":"https://api.github.com/repos/pjssilva/Algencan.jl/downloads","issues_url":"https://api.github.com/repos/pjssilva/Algencan.jl/issues{/number}","pulls_url":"https://api.github.com/repos/pjssilva/Algencan.jl/pulls{/number}","milestones_url":"https://api.github.com/repos/pjssilva/Algencan.jl/milestones{/number}","notifications_url":"https://api.github.com/repos/pjssilva/Algencan.jl/notifications{?since,all,participating}","labels_url":"https://api.github.com/repos/pjssilva/Algencan.jl/labels{/name}","releases_url":"https://api.github.com/repos/pjssilva/Algencan.jl/releases{/id}","deployments_url":"https://api.github.com/repos/pjssilva/Algencan.jl/deployments","created_at":"2018-05-24T18:05:19Z","updated_at":"2020-12-08T18:06:22Z","pushed_at":"2020-12-08T18:06:19Z","git_url":"git://github.com/pjssilva/Algencan.jl.git","ssh_url":"git@github.com:pjssilva/Algencan.jl.git","clone_url":"https://github.com/pjssilva/Algencan.jl.git","svn_url":"https://github.com/pjssilva/Algencan.jl","homepage":"","size":175,"stargazers_count":4,"watchers_count":4,"language":"Julia","has_issues":true,"has_projects":true,"has_downloads":true,"has_wiki":true,"has_pages":false,"forks_count":4,"mirror_url":null,"archived":false,"disabled":false,"open_issues_count":2,"license":{"key":"other","name":"Other","spdx_id":"NOASSERTION","url":null,"node_id":"MDc6TGljZW5zZTA="},"allow_forking":true,"is_template":false,"web_commit_signoff_required":false,"topics":[],"visibility":"public","forks":4,"open_issues":2,"watchers":4,"default_branch":"master","permissions":{"admin":false,"maintain":false,"push":false,"triage":false,"pull":true},"temp_clone_token":"","network_count":4,"subscribers_count":3}