{"id":92355671,"node_id":"MDEwOlJlcG9zaXRvcnk5MjM1NTY3MQ==","name":"AbstractFFTs.jl","full_name":"JuliaMath/AbstractFFTs.jl","private":false,"owner":{"login":"JuliaMath","id":19329613,"node_id":"MDEyOk9yZ2FuaXphdGlvbjE5MzI5NjEz","avatar_url":"https://avatars.githubusercontent.com/u/19329613?v=4","gravatar_id":"","url":"https://api.github.com/users/JuliaMath","html_url":"https://github.com/JuliaMath","followers_url":"https://api.github.com/users/JuliaMath/followers","following_url":"https://api.github.com/users/JuliaMath/following{/other_user}","gists_url":"https://api.github.com/users/JuliaMath/gists{/gist_id}","starred_url":"https://api.github.com/users/JuliaMath/starred{/owner}{/repo}","subscriptions_url":"https://api.github.com/users/JuliaMath/subscriptions","organizations_url":"https://api.github.com/users/JuliaMath/orgs","repos_url":"https://api.github.com/users/JuliaMath/repos","events_url":"https://api.github.com/users/JuliaMath/events{/privacy}","received_events_url":"https://api.github.com/users/JuliaMath/received_events","type":"Organization","site_admin":false},"html_url":"https://github.com/JuliaMath/AbstractFFTs.jl","description":"A Julia framework for implementing FFTs","fork":false,"url":"https://api.github.com/repos/JuliaMath/AbstractFFTs.jl","forks_url":"https://api.github.com/repos/JuliaMath/AbstractFFTs.jl/forks","keys_url":"https://api.github.com/repos/JuliaMath/AbstractFFTs.jl/keys{/key_id}","collaborators_url":"https://api.github.com/repos/JuliaMath/AbstractFFTs.jl/collaborators{/collaborator}","teams_url":"https://api.github.com/repos/JuliaMath/AbstractFFTs.jl/teams","hooks_url":"https://api.github.com/repos/JuliaMath/AbstractFFTs.jl/hooks","issue_events_url":"https://api.github.com/repos/JuliaMath/AbstractFFTs.jl/issues/events{/number}","events_url":"https://api.github.com/repos/JuliaMath/AbstractFFTs.jl/events","assignees_url":"https://api.github.com/repos/JuliaMath/AbstractFFTs.jl/assignees{/user}","branches_url":"https://api.github.com/repos/JuliaMath/AbstractFFTs.jl/branches{/branch}","tags_url":"https://api.github.com/repos/JuliaMath/AbstractFFTs.jl/tags","blobs_url":"https://api.github.com/repos/JuliaMath/AbstractFFTs.jl/git/blobs{/sha}","git_tags_url":"https://api.github.com/repos/JuliaMath/AbstractFFTs.jl/git/tags{/sha}","git_refs_url":"https://api.github.com/repos/JuliaMath/AbstractFFTs.jl/git/refs{/sha}","trees_url":"https://api.github.com/repos/JuliaMath/AbstractFFTs.jl/git/trees{/sha}","statuses_url":"https://api.github.com/repos/JuliaMath/AbstractFFTs.jl/statuses/{sha}","languages_url":"https://api.github.com/repos/JuliaMath/AbstractFFTs.jl/languages","stargazers_url":"https://api.github.com/repos/JuliaMath/AbstractFFTs.jl/stargazers","contributors_url":"https://api.github.com/repos/JuliaMath/AbstractFFTs.jl/contributors","subscribers_url":"https://api.github.com/repos/JuliaMath/AbstractFFTs.jl/subscribers","subscription_url":"https://api.github.com/repos/JuliaMath/AbstractFFTs.jl/subscription","commits_url":"https://api.github.com/repos/JuliaMath/AbstractFFTs.jl/commits{/sha}","git_commits_url":"https://api.github.com/repos/JuliaMath/AbstractFFTs.jl/git/commits{/sha}","comments_url":"https://api.github.com/repos/JuliaMath/AbstractFFTs.jl/comments{/number}","issue_comment_url":"https://api.github.com/repos/JuliaMath/AbstractFFTs.jl/issues/comments{/number}","contents_url":"https://api.github.com/repos/JuliaMath/AbstractFFTs.jl/contents/{+path}","compare_url":"https://api.github.com/repos/JuliaMath/AbstractFFTs.jl/compare/{base}...{head}","merges_url":"https://api.github.com/repos/JuliaMath/AbstractFFTs.jl/merges","archive_url":"https://api.github.com/repos/JuliaMath/AbstractFFTs.jl/{archive_format}{/ref}","downloads_url":"https://api.github.com/repos/JuliaMath/AbstractFFTs.jl/downloads","issues_url":"https://api.github.com/repos/JuliaMath/AbstractFFTs.jl/issues{/number}","pulls_url":"https://api.github.com/repos/JuliaMath/AbstractFFTs.jl/pulls{/number}","milestones_url":"https://api.github.com/repos/JuliaMath/AbstractFFTs.jl/milestones{/number}","notifications_url":"https://api.github.com/repos/JuliaMath/AbstractFFTs.jl/notifications{?since,all,participating}","labels_url":"https://api.github.com/repos/JuliaMath/AbstractFFTs.jl/labels{/name}","releases_url":"https://api.github.com/repos/JuliaMath/AbstractFFTs.jl/releases{/id}","deployments_url":"https://api.github.com/repos/JuliaMath/AbstractFFTs.jl/deployments","created_at":"2017-05-25T02:17:10Z","updated_at":"2022-06-23T21:20:40Z","pushed_at":"2022-06-30T15:25:25Z","git_url":"git://github.com/JuliaMath/AbstractFFTs.jl.git","ssh_url":"git@github.com:JuliaMath/AbstractFFTs.jl.git","clone_url":"https://github.com/JuliaMath/AbstractFFTs.jl.git","svn_url":"https://github.com/JuliaMath/AbstractFFTs.jl","homepage":null,"size":623,"stargazers_count":63,"watchers_count":63,"language":"Julia","has_issues":true,"has_projects":true,"has_downloads":true,"has_wiki":true,"has_pages":true,"forks_count":25,"mirror_url":null,"archived":false,"disabled":false,"open_issues_count":19,"license":{"key":"mit","name":"MIT License","spdx_id":"MIT","url":"https://api.github.com/licenses/mit","node_id":"MDc6TGljZW5zZTEz"},"allow_forking":true,"is_template":false,"web_commit_signoff_required":false,"topics":["fft","julia","math"],"visibility":"public","forks":25,"open_issues":19,"watchers":63,"default_branch":"master","permissions":{"admin":false,"maintain":false,"push":false,"triage":false,"pull":true},"temp_clone_token":"","organization":{"login":"JuliaMath","id":19329613,"node_id":"MDEyOk9yZ2FuaXphdGlvbjE5MzI5NjEz","avatar_url":"https://avatars.githubusercontent.com/u/19329613?v=4","gravatar_id":"","url":"https://api.github.com/users/JuliaMath","html_url":"https://github.com/JuliaMath","followers_url":"https://api.github.com/users/JuliaMath/followers","following_url":"https://api.github.com/users/JuliaMath/following{/other_user}","gists_url":"https://api.github.com/users/JuliaMath/gists{/gist_id}","starred_url":"https://api.github.com/users/JuliaMath/starred{/owner}{/repo}","subscriptions_url":"https://api.github.com/users/JuliaMath/subscriptions","organizations_url":"https://api.github.com/users/JuliaMath/orgs","repos_url":"https://api.github.com/users/JuliaMath/repos","events_url":"https://api.github.com/users/JuliaMath/events{/privacy}","received_events_url":"https://api.github.com/users/JuliaMath/received_events","type":"Organization","site_admin":false},"network_count":25,"subscribers_count":8}