{"id":251478307,"node_id":"MDEwOlJlcG9zaXRvcnkyNTE0NzgzMDc=","name":"ActuaryUtilities.jl","full_name":"JuliaActuary/ActuaryUtilities.jl","private":false,"owner":{"login":"JuliaActuary","id":56224863,"node_id":"MDEyOk9yZ2FuaXphdGlvbjU2MjI0ODYz","avatar_url":"https://avatars.githubusercontent.com/u/56224863?v=4","gravatar_id":"","url":"https://api.github.com/users/JuliaActuary","html_url":"https://github.com/JuliaActuary","followers_url":"https://api.github.com/users/JuliaActuary/followers","following_url":"https://api.github.com/users/JuliaActuary/following{/other_user}","gists_url":"https://api.github.com/users/JuliaActuary/gists{/gist_id}","starred_url":"https://api.github.com/users/JuliaActuary/starred{/owner}{/repo}","subscriptions_url":"https://api.github.com/users/JuliaActuary/subscriptions","organizations_url":"https://api.github.com/users/JuliaActuary/orgs","repos_url":"https://api.github.com/users/JuliaActuary/repos","events_url":"https://api.github.com/users/JuliaActuary/events{/privacy}","received_events_url":"https://api.github.com/users/JuliaActuary/received_events","type":"Organization","site_admin":false},"html_url":"https://github.com/JuliaActuary/ActuaryUtilities.jl","description":"Common functions in actuarial and financial routines","fork":false,"url":"https://api.github.com/repos/JuliaActuary/ActuaryUtilities.jl","forks_url":"https://api.github.com/repos/JuliaActuary/ActuaryUtilities.jl/forks","keys_url":"https://api.github.com/repos/JuliaActuary/ActuaryUtilities.jl/keys{/key_id}","collaborators_url":"https://api.github.com/repos/JuliaActuary/ActuaryUtilities.jl/collaborators{/collaborator}","teams_url":"https://api.github.com/repos/JuliaActuary/ActuaryUtilities.jl/teams","hooks_url":"https://api.github.com/repos/JuliaActuary/ActuaryUtilities.jl/hooks","issue_events_url":"https://api.github.com/repos/JuliaActuary/ActuaryUtilities.jl/issues/events{/number}","events_url":"https://api.github.com/repos/JuliaActuary/ActuaryUtilities.jl/events","assignees_url":"https://api.github.com/repos/JuliaActuary/ActuaryUtilities.jl/assignees{/user}","branches_url":"https://api.github.com/repos/JuliaActuary/ActuaryUtilities.jl/branches{/branch}","tags_url":"https://api.github.com/repos/JuliaActuary/ActuaryUtilities.jl/tags","blobs_url":"https://api.github.com/repos/JuliaActuary/ActuaryUtilities.jl/git/blobs{/sha}","git_tags_url":"https://api.github.com/repos/JuliaActuary/ActuaryUtilities.jl/git/tags{/sha}","git_refs_url":"https://api.github.com/repos/JuliaActuary/ActuaryUtilities.jl/git/refs{/sha}","trees_url":"https://api.github.com/repos/JuliaActuary/ActuaryUtilities.jl/git/trees{/sha}","statuses_url":"https://api.github.com/repos/JuliaActuary/ActuaryUtilities.jl/statuses/{sha}","languages_url":"https://api.github.com/repos/JuliaActuary/ActuaryUtilities.jl/languages","stargazers_url":"https://api.github.com/repos/JuliaActuary/ActuaryUtilities.jl/stargazers","contributors_url":"https://api.github.com/repos/JuliaActuary/ActuaryUtilities.jl/contributors","subscribers_url":"https://api.github.com/repos/JuliaActuary/ActuaryUtilities.jl/subscribers","subscription_url":"https://api.github.com/repos/JuliaActuary/ActuaryUtilities.jl/subscription","commits_url":"https://api.github.com/repos/JuliaActuary/ActuaryUtilities.jl/commits{/sha}","git_commits_url":"https://api.github.com/repos/JuliaActuary/ActuaryUtilities.jl/git/commits{/sha}","comments_url":"https://api.github.com/repos/JuliaActuary/ActuaryUtilities.jl/comments{/number}","issue_comment_url":"https://api.github.com/repos/JuliaActuary/ActuaryUtilities.jl/issues/comments{/number}","contents_url":"https://api.github.com/repos/JuliaActuary/ActuaryUtilities.jl/contents/{+path}","compare_url":"https://api.github.com/repos/JuliaActuary/ActuaryUtilities.jl/compare/{base}...{head}","merges_url":"https://api.github.com/repos/JuliaActuary/ActuaryUtilities.jl/merges","archive_url":"https://api.github.com/repos/JuliaActuary/ActuaryUtilities.jl/{archive_format}{/ref}","downloads_url":"https://api.github.com/repos/JuliaActuary/ActuaryUtilities.jl/downloads","issues_url":"https://api.github.com/repos/JuliaActuary/ActuaryUtilities.jl/issues{/number}","pulls_url":"https://api.github.com/repos/JuliaActuary/ActuaryUtilities.jl/pulls{/number}","milestones_url":"https://api.github.com/repos/JuliaActuary/ActuaryUtilities.jl/milestones{/number}","notifications_url":"https://api.github.com/repos/JuliaActuary/ActuaryUtilities.jl/notifications{?since,all,participating}","labels_url":"https://api.github.com/repos/JuliaActuary/ActuaryUtilities.jl/labels{/name}","releases_url":"https://api.github.com/repos/JuliaActuary/ActuaryUtilities.jl/releases{/id}","deployments_url":"https://api.github.com/repos/JuliaActuary/ActuaryUtilities.jl/deployments","created_at":"2020-03-31T02:16:43Z","updated_at":"2022-06-20T23:22:26Z","pushed_at":"2022-06-17T04:34:23Z","git_url":"git://github.com/JuliaActuary/ActuaryUtilities.jl.git","ssh_url":"git@github.com:JuliaActuary/ActuaryUtilities.jl.git","clone_url":"https://github.com/JuliaActuary/ActuaryUtilities.jl.git","svn_url":"https://github.com/JuliaActuary/ActuaryUtilities.jl","homepage":"https://juliaactuary.github.io/ActuaryUtilities.jl/dev/","size":533,"stargazers_count":14,"watchers_count":14,"language":"Julia","has_issues":true,"has_projects":true,"has_downloads":true,"has_wiki":true,"has_pages":true,"forks_count":4,"mirror_url":null,"archived":false,"disabled":false,"open_issues_count":5,"license":{"key":"mit","name":"MIT License","spdx_id":"MIT","url":"https://api.github.com/licenses/mit","node_id":"MDc6TGljZW5zZTEz"},"allow_forking":true,"is_template":false,"web_commit_signoff_required":false,"topics":["actuarial-science","cashflows","finance","hacktoberfest","julia","life-insurance"],"visibility":"public","forks":4,"open_issues":5,"watchers":14,"default_branch":"master","permissions":{"admin":false,"maintain":false,"push":false,"triage":false,"pull":true},"temp_clone_token":"","organization":{"login":"JuliaActuary","id":56224863,"node_id":"MDEyOk9yZ2FuaXphdGlvbjU2MjI0ODYz","avatar_url":"https://avatars.githubusercontent.com/u/56224863?v=4","gravatar_id":"","url":"https://api.github.com/users/JuliaActuary","html_url":"https://github.com/JuliaActuary","followers_url":"https://api.github.com/users/JuliaActuary/followers","following_url":"https://api.github.com/users/JuliaActuary/following{/other_user}","gists_url":"https://api.github.com/users/JuliaActuary/gists{/gist_id}","starred_url":"https://api.github.com/users/JuliaActuary/starred{/owner}{/repo}","subscriptions_url":"https://api.github.com/users/JuliaActuary/subscriptions","organizations_url":"https://api.github.com/users/JuliaActuary/orgs","repos_url":"https://api.github.com/users/JuliaActuary/repos","events_url":"https://api.github.com/users/JuliaActuary/events{/privacy}","received_events_url":"https://api.github.com/users/JuliaActuary/received_events","type":"Organization","site_admin":false},"network_count":4,"subscribers_count":2}