{"id":484000718,"node_id":"R_kgDOHNlDzg","name":"AlwaysSeqCst.jl","full_name":"JuliaConcurrent/AlwaysSeqCst.jl","private":false,"owner":{"login":"JuliaConcurrent","id":91398725,"node_id":"MDEyOk9yZ2FuaXphdGlvbjkxMzk4NzI1","avatar_url":"https://avatars.githubusercontent.com/u/91398725?v=4","gravatar_id":"","url":"https://api.github.com/users/JuliaConcurrent","html_url":"https://github.com/JuliaConcurrent","followers_url":"https://api.github.com/users/JuliaConcurrent/followers","following_url":"https://api.github.com/users/JuliaConcurrent/following{/other_user}","gists_url":"https://api.github.com/users/JuliaConcurrent/gists{/gist_id}","starred_url":"https://api.github.com/users/JuliaConcurrent/starred{/owner}{/repo}","subscriptions_url":"https://api.github.com/users/JuliaConcurrent/subscriptions","organizations_url":"https://api.github.com/users/JuliaConcurrent/orgs","repos_url":"https://api.github.com/users/JuliaConcurrent/repos","events_url":"https://api.github.com/users/JuliaConcurrent/events{/privacy}","received_events_url":"https://api.github.com/users/JuliaConcurrent/received_events","type":"Organization","site_admin":false},"html_url":"https://github.com/JuliaConcurrent/AlwaysSeqCst.jl","description":"Use sequentially consistent ordering always for debugging","fork":false,"url":"https://api.github.com/repos/JuliaConcurrent/AlwaysSeqCst.jl","forks_url":"https://api.github.com/repos/JuliaConcurrent/AlwaysSeqCst.jl/forks","keys_url":"https://api.github.com/repos/JuliaConcurrent/AlwaysSeqCst.jl/keys{/key_id}","collaborators_url":"https://api.github.com/repos/JuliaConcurrent/AlwaysSeqCst.jl/collaborators{/collaborator}","teams_url":"https://api.github.com/repos/JuliaConcurrent/AlwaysSeqCst.jl/teams","hooks_url":"https://api.github.com/repos/JuliaConcurrent/AlwaysSeqCst.jl/hooks","issue_events_url":"https://api.github.com/repos/JuliaConcurrent/AlwaysSeqCst.jl/issues/events{/number}","events_url":"https://api.github.com/repos/JuliaConcurrent/AlwaysSeqCst.jl/events","assignees_url":"https://api.github.com/repos/JuliaConcurrent/AlwaysSeqCst.jl/assignees{/user}","branches_url":"https://api.github.com/repos/JuliaConcurrent/AlwaysSeqCst.jl/branches{/branch}","tags_url":"https://api.github.com/repos/JuliaConcurrent/AlwaysSeqCst.jl/tags","blobs_url":"https://api.github.com/repos/JuliaConcurrent/AlwaysSeqCst.jl/git/blobs{/sha}","git_tags_url":"https://api.github.com/repos/JuliaConcurrent/AlwaysSeqCst.jl/git/tags{/sha}","git_refs_url":"https://api.github.com/repos/JuliaConcurrent/AlwaysSeqCst.jl/git/refs{/sha}","trees_url":"https://api.github.com/repos/JuliaConcurrent/AlwaysSeqCst.jl/git/trees{/sha}","statuses_url":"https://api.github.com/repos/JuliaConcurrent/AlwaysSeqCst.jl/statuses/{sha}","languages_url":"https://api.github.com/repos/JuliaConcurrent/AlwaysSeqCst.jl/languages","stargazers_url":"https://api.github.com/repos/JuliaConcurrent/AlwaysSeqCst.jl/stargazers","contributors_url":"https://api.github.com/repos/JuliaConcurrent/AlwaysSeqCst.jl/contributors","subscribers_url":"https://api.github.com/repos/JuliaConcurrent/AlwaysSeqCst.jl/subscribers","subscription_url":"https://api.github.com/repos/JuliaConcurrent/AlwaysSeqCst.jl/subscription","commits_url":"https://api.github.com/repos/JuliaConcurrent/AlwaysSeqCst.jl/commits{/sha}","git_commits_url":"https://api.github.com/repos/JuliaConcurrent/AlwaysSeqCst.jl/git/commits{/sha}","comments_url":"https://api.github.com/repos/JuliaConcurrent/AlwaysSeqCst.jl/comments{/number}","issue_comment_url":"https://api.github.com/repos/JuliaConcurrent/AlwaysSeqCst.jl/issues/comments{/number}","contents_url":"https://api.github.com/repos/JuliaConcurrent/AlwaysSeqCst.jl/contents/{+path}","compare_url":"https://api.github.com/repos/JuliaConcurrent/AlwaysSeqCst.jl/compare/{base}...{head}","merges_url":"https://api.github.com/repos/JuliaConcurrent/AlwaysSeqCst.jl/merges","archive_url":"https://api.github.com/repos/JuliaConcurrent/AlwaysSeqCst.jl/{archive_format}{/ref}","downloads_url":"https://api.github.com/repos/JuliaConcurrent/AlwaysSeqCst.jl/downloads","issues_url":"https://api.github.com/repos/JuliaConcurrent/AlwaysSeqCst.jl/issues{/number}","pulls_url":"https://api.github.com/repos/JuliaConcurrent/AlwaysSeqCst.jl/pulls{/number}","milestones_url":"https://api.github.com/repos/JuliaConcurrent/AlwaysSeqCst.jl/milestones{/number}","notifications_url":"https://api.github.com/repos/JuliaConcurrent/AlwaysSeqCst.jl/notifications{?since,all,participating}","labels_url":"https://api.github.com/repos/JuliaConcurrent/AlwaysSeqCst.jl/labels{/name}","releases_url":"https://api.github.com/repos/JuliaConcurrent/AlwaysSeqCst.jl/releases{/id}","deployments_url":"https://api.github.com/repos/JuliaConcurrent/AlwaysSeqCst.jl/deployments","created_at":"2022-04-21T10:08:55Z","updated_at":"2022-04-21T10:10:11Z","pushed_at":"2022-04-24T12:56:51Z","git_url":"git://github.com/JuliaConcurrent/AlwaysSeqCst.jl.git","ssh_url":"git@github.com:JuliaConcurrent/AlwaysSeqCst.jl.git","clone_url":"https://github.com/JuliaConcurrent/AlwaysSeqCst.jl.git","svn_url":"https://github.com/JuliaConcurrent/AlwaysSeqCst.jl","homepage":null,"size":6,"stargazers_count":0,"watchers_count":0,"language":"Julia","has_issues":true,"has_projects":true,"has_downloads":true,"has_wiki":true,"has_pages":false,"forks_count":0,"mirror_url":null,"archived":false,"disabled":false,"open_issues_count":0,"license":{"key":"mit","name":"MIT License","spdx_id":"MIT","url":"https://api.github.com/licenses/mit","node_id":"MDc6TGljZW5zZTEz"},"allow_forking":true,"is_template":false,"web_commit_signoff_required":false,"topics":[],"visibility":"public","forks":0,"open_issues":0,"watchers":0,"default_branch":"main","permissions":{"admin":false,"maintain":false,"push":false,"triage":false,"pull":true},"temp_clone_token":"","organization":{"login":"JuliaConcurrent","id":91398725,"node_id":"MDEyOk9yZ2FuaXphdGlvbjkxMzk4NzI1","avatar_url":"https://avatars.githubusercontent.com/u/91398725?v=4","gravatar_id":"","url":"https://api.github.com/users/JuliaConcurrent","html_url":"https://github.com/JuliaConcurrent","followers_url":"https://api.github.com/users/JuliaConcurrent/followers","following_url":"https://api.github.com/users/JuliaConcurrent/following{/other_user}","gists_url":"https://api.github.com/users/JuliaConcurrent/gists{/gist_id}","starred_url":"https://api.github.com/users/JuliaConcurrent/starred{/owner}{/repo}","subscriptions_url":"https://api.github.com/users/JuliaConcurrent/subscriptions","organizations_url":"https://api.github.com/users/JuliaConcurrent/orgs","repos_url":"https://api.github.com/users/JuliaConcurrent/repos","events_url":"https://api.github.com/users/JuliaConcurrent/events{/privacy}","received_events_url":"https://api.github.com/users/JuliaConcurrent/received_events","type":"Organization","site_admin":false},"network_count":0,"subscribers_count":1}