{"id":289210017,"node_id":"MDEwOlJlcG9zaXRvcnkyODkyMTAwMTc=","name":"Adiff.jl","full_name":"avigliotti/Adiff.jl","private":false,"owner":{"login":"avigliotti","id":11613632,"node_id":"MDQ6VXNlcjExNjEzNjMy","avatar_url":"https://avatars.githubusercontent.com/u/11613632?v=4","gravatar_id":"","url":"https://api.github.com/users/avigliotti","html_url":"https://github.com/avigliotti","followers_url":"https://api.github.com/users/avigliotti/followers","following_url":"https://api.github.com/users/avigliotti/following{/other_user}","gists_url":"https://api.github.com/users/avigliotti/gists{/gist_id}","starred_url":"https://api.github.com/users/avigliotti/starred{/owner}{/repo}","subscriptions_url":"https://api.github.com/users/avigliotti/subscriptions","organizations_url":"https://api.github.com/users/avigliotti/orgs","repos_url":"https://api.github.com/users/avigliotti/repos","events_url":"https://api.github.com/users/avigliotti/events{/privacy}","received_events_url":"https://api.github.com/users/avigliotti/received_events","type":"User","site_admin":false},"html_url":"https://github.com/avigliotti/Adiff.jl","description":"A simple forward mode automatic differentiation package","fork":false,"url":"https://api.github.com/repos/avigliotti/Adiff.jl","forks_url":"https://api.github.com/repos/avigliotti/Adiff.jl/forks","keys_url":"https://api.github.com/repos/avigliotti/Adiff.jl/keys{/key_id}","collaborators_url":"https://api.github.com/repos/avigliotti/Adiff.jl/collaborators{/collaborator}","teams_url":"https://api.github.com/repos/avigliotti/Adiff.jl/teams","hooks_url":"https://api.github.com/repos/avigliotti/Adiff.jl/hooks","issue_events_url":"https://api.github.com/repos/avigliotti/Adiff.jl/issues/events{/number}","events_url":"https://api.github.com/repos/avigliotti/Adiff.jl/events","assignees_url":"https://api.github.com/repos/avigliotti/Adiff.jl/assignees{/user}","branches_url":"https://api.github.com/repos/avigliotti/Adiff.jl/branches{/branch}","tags_url":"https://api.github.com/repos/avigliotti/Adiff.jl/tags","blobs_url":"https://api.github.com/repos/avigliotti/Adiff.jl/git/blobs{/sha}","git_tags_url":"https://api.github.com/repos/avigliotti/Adiff.jl/git/tags{/sha}","git_refs_url":"https://api.github.com/repos/avigliotti/Adiff.jl/git/refs{/sha}","trees_url":"https://api.github.com/repos/avigliotti/Adiff.jl/git/trees{/sha}","statuses_url":"https://api.github.com/repos/avigliotti/Adiff.jl/statuses/{sha}","languages_url":"https://api.github.com/repos/avigliotti/Adiff.jl/languages","stargazers_url":"https://api.github.com/repos/avigliotti/Adiff.jl/stargazers","contributors_url":"https://api.github.com/repos/avigliotti/Adiff.jl/contributors","subscribers_url":"https://api.github.com/repos/avigliotti/Adiff.jl/subscribers","subscription_url":"https://api.github.com/repos/avigliotti/Adiff.jl/subscription","commits_url":"https://api.github.com/repos/avigliotti/Adiff.jl/commits{/sha}","git_commits_url":"https://api.github.com/repos/avigliotti/Adiff.jl/git/commits{/sha}","comments_url":"https://api.github.com/repos/avigliotti/Adiff.jl/comments{/number}","issue_comment_url":"https://api.github.com/repos/avigliotti/Adiff.jl/issues/comments{/number}","contents_url":"https://api.github.com/repos/avigliotti/Adiff.jl/contents/{+path}","compare_url":"https://api.github.com/repos/avigliotti/Adiff.jl/compare/{base}...{head}","merges_url":"https://api.github.com/repos/avigliotti/Adiff.jl/merges","archive_url":"https://api.github.com/repos/avigliotti/Adiff.jl/{archive_format}{/ref}","downloads_url":"https://api.github.com/repos/avigliotti/Adiff.jl/downloads","issues_url":"https://api.github.com/repos/avigliotti/Adiff.jl/issues{/number}","pulls_url":"https://api.github.com/repos/avigliotti/Adiff.jl/pulls{/number}","milestones_url":"https://api.github.com/repos/avigliotti/Adiff.jl/milestones{/number}","notifications_url":"https://api.github.com/repos/avigliotti/Adiff.jl/notifications{?since,all,participating}","labels_url":"https://api.github.com/repos/avigliotti/Adiff.jl/labels{/name}","releases_url":"https://api.github.com/repos/avigliotti/Adiff.jl/releases{/id}","deployments_url":"https://api.github.com/repos/avigliotti/Adiff.jl/deployments","created_at":"2020-08-21T07:46:18Z","updated_at":"2021-06-01T09:58:40Z","pushed_at":"2021-11-29T11:02:51Z","git_url":"git://github.com/avigliotti/Adiff.jl.git","ssh_url":"git@github.com:avigliotti/Adiff.jl.git","clone_url":"https://github.com/avigliotti/Adiff.jl.git","svn_url":"https://github.com/avigliotti/Adiff.jl","homepage":"","size":20,"stargazers_count":0,"watchers_count":0,"language":"Julia","has_issues":true,"has_projects":true,"has_downloads":true,"has_wiki":true,"has_pages":false,"forks_count":0,"mirror_url":null,"archived":false,"disabled":false,"open_issues_count":0,"license":{"key":"mit","name":"MIT License","spdx_id":"MIT","url":"https://api.github.com/licenses/mit","node_id":"MDc6TGljZW5zZTEz"},"allow_forking":true,"is_template":false,"web_commit_signoff_required":false,"topics":["automatic-differentiation"],"visibility":"public","forks":0,"open_issues":0,"watchers":0,"default_branch":"master","permissions":{"admin":false,"maintain":false,"push":false,"triage":false,"pull":true},"temp_clone_token":"","network_count":0,"subscribers_count":1}