{"id":117833811,"node_id":"MDEwOlJlcG9zaXRvcnkxMTc4MzM4MTE=","name":"AprilTags.jl","full_name":"JuliaRobotics/AprilTags.jl","private":false,"owner":{"login":"JuliaRobotics","id":36864694,"node_id":"MDEyOk9yZ2FuaXphdGlvbjM2ODY0Njk0","avatar_url":"https://avatars.githubusercontent.com/u/36864694?v=4","gravatar_id":"","url":"https://api.github.com/users/JuliaRobotics","html_url":"https://github.com/JuliaRobotics","followers_url":"https://api.github.com/users/JuliaRobotics/followers","following_url":"https://api.github.com/users/JuliaRobotics/following{/other_user}","gists_url":"https://api.github.com/users/JuliaRobotics/gists{/gist_id}","starred_url":"https://api.github.com/users/JuliaRobotics/starred{/owner}{/repo}","subscriptions_url":"https://api.github.com/users/JuliaRobotics/subscriptions","organizations_url":"https://api.github.com/users/JuliaRobotics/orgs","repos_url":"https://api.github.com/users/JuliaRobotics/repos","events_url":"https://api.github.com/users/JuliaRobotics/events{/privacy}","received_events_url":"https://api.github.com/users/JuliaRobotics/received_events","type":"Organization","site_admin":false},"html_url":"https://github.com/JuliaRobotics/AprilTags.jl","description":"Using Apriltags in Julia","fork":false,"url":"https://api.github.com/repos/JuliaRobotics/AprilTags.jl","forks_url":"https://api.github.com/repos/JuliaRobotics/AprilTags.jl/forks","keys_url":"https://api.github.com/repos/JuliaRobotics/AprilTags.jl/keys{/key_id}","collaborators_url":"https://api.github.com/repos/JuliaRobotics/AprilTags.jl/collaborators{/collaborator}","teams_url":"https://api.github.com/repos/JuliaRobotics/AprilTags.jl/teams","hooks_url":"https://api.github.com/repos/JuliaRobotics/AprilTags.jl/hooks","issue_events_url":"https://api.github.com/repos/JuliaRobotics/AprilTags.jl/issues/events{/number}","events_url":"https://api.github.com/repos/JuliaRobotics/AprilTags.jl/events","assignees_url":"https://api.github.com/repos/JuliaRobotics/AprilTags.jl/assignees{/user}","branches_url":"https://api.github.com/repos/JuliaRobotics/AprilTags.jl/branches{/branch}","tags_url":"https://api.github.com/repos/JuliaRobotics/AprilTags.jl/tags","blobs_url":"https://api.github.com/repos/JuliaRobotics/AprilTags.jl/git/blobs{/sha}","git_tags_url":"https://api.github.com/repos/JuliaRobotics/AprilTags.jl/git/tags{/sha}","git_refs_url":"https://api.github.com/repos/JuliaRobotics/AprilTags.jl/git/refs{/sha}","trees_url":"https://api.github.com/repos/JuliaRobotics/AprilTags.jl/git/trees{/sha}","statuses_url":"https://api.github.com/repos/JuliaRobotics/AprilTags.jl/statuses/{sha}","languages_url":"https://api.github.com/repos/JuliaRobotics/AprilTags.jl/languages","stargazers_url":"https://api.github.com/repos/JuliaRobotics/AprilTags.jl/stargazers","contributors_url":"https://api.github.com/repos/JuliaRobotics/AprilTags.jl/contributors","subscribers_url":"https://api.github.com/repos/JuliaRobotics/AprilTags.jl/subscribers","subscription_url":"https://api.github.com/repos/JuliaRobotics/AprilTags.jl/subscription","commits_url":"https://api.github.com/repos/JuliaRobotics/AprilTags.jl/commits{/sha}","git_commits_url":"https://api.github.com/repos/JuliaRobotics/AprilTags.jl/git/commits{/sha}","comments_url":"https://api.github.com/repos/JuliaRobotics/AprilTags.jl/comments{/number}","issue_comment_url":"https://api.github.com/repos/JuliaRobotics/AprilTags.jl/issues/comments{/number}","contents_url":"https://api.github.com/repos/JuliaRobotics/AprilTags.jl/contents/{+path}","compare_url":"https://api.github.com/repos/JuliaRobotics/AprilTags.jl/compare/{base}...{head}","merges_url":"https://api.github.com/repos/JuliaRobotics/AprilTags.jl/merges","archive_url":"https://api.github.com/repos/JuliaRobotics/AprilTags.jl/{archive_format}{/ref}","downloads_url":"https://api.github.com/repos/JuliaRobotics/AprilTags.jl/downloads","issues_url":"https://api.github.com/repos/JuliaRobotics/AprilTags.jl/issues{/number}","pulls_url":"https://api.github.com/repos/JuliaRobotics/AprilTags.jl/pulls{/number}","milestones_url":"https://api.github.com/repos/JuliaRobotics/AprilTags.jl/milestones{/number}","notifications_url":"https://api.github.com/repos/JuliaRobotics/AprilTags.jl/notifications{?since,all,participating}","labels_url":"https://api.github.com/repos/JuliaRobotics/AprilTags.jl/labels{/name}","releases_url":"https://api.github.com/repos/JuliaRobotics/AprilTags.jl/releases{/id}","deployments_url":"https://api.github.com/repos/JuliaRobotics/AprilTags.jl/deployments","created_at":"2018-01-17T12:35:32Z","updated_at":"2022-05-04T21:17:50Z","pushed_at":"2022-02-03T15:00:15Z","git_url":"git://github.com/JuliaRobotics/AprilTags.jl.git","ssh_url":"git@github.com:JuliaRobotics/AprilTags.jl.git","clone_url":"https://github.com/JuliaRobotics/AprilTags.jl.git","svn_url":"https://github.com/JuliaRobotics/AprilTags.jl","homepage":"https://juliarobotics.github.io/AprilTags.jl/latest/","size":4530,"stargazers_count":13,"watchers_count":13,"language":"Julia","has_issues":true,"has_projects":true,"has_downloads":true,"has_wiki":true,"has_pages":true,"forks_count":3,"mirror_url":null,"archived":false,"disabled":false,"open_issues_count":5,"license":{"key":"other","name":"Other","spdx_id":"NOASSERTION","url":null,"node_id":"MDc6TGljZW5zZTA="},"allow_forking":true,"is_template":false,"web_commit_signoff_required":false,"topics":["apriltags","augmented-reality","fiducial","julia","robotics"],"visibility":"public","forks":3,"open_issues":5,"watchers":13,"default_branch":"master","permissions":{"admin":false,"maintain":false,"push":false,"triage":false,"pull":true},"temp_clone_token":"","organization":{"login":"JuliaRobotics","id":36864694,"node_id":"MDEyOk9yZ2FuaXphdGlvbjM2ODY0Njk0","avatar_url":"https://avatars.githubusercontent.com/u/36864694?v=4","gravatar_id":"","url":"https://api.github.com/users/JuliaRobotics","html_url":"https://github.com/JuliaRobotics","followers_url":"https://api.github.com/users/JuliaRobotics/followers","following_url":"https://api.github.com/users/JuliaRobotics/following{/other_user}","gists_url":"https://api.github.com/users/JuliaRobotics/gists{/gist_id}","starred_url":"https://api.github.com/users/JuliaRobotics/starred{/owner}{/repo}","subscriptions_url":"https://api.github.com/users/JuliaRobotics/subscriptions","organizations_url":"https://api.github.com/users/JuliaRobotics/orgs","repos_url":"https://api.github.com/users/JuliaRobotics/repos","events_url":"https://api.github.com/users/JuliaRobotics/events{/privacy}","received_events_url":"https://api.github.com/users/JuliaRobotics/received_events","type":"Organization","site_admin":false},"network_count":3,"subscribers_count":4}