{"id":295228256,"node_id":"MDEwOlJlcG9zaXRvcnkyOTUyMjgyNTY=","name":"Artifacts.jl","full_name":"JuliaPackaging/Artifacts.jl","private":false,"owner":{"login":"JuliaPackaging","id":19329590,"node_id":"MDEyOk9yZ2FuaXphdGlvbjE5MzI5NTkw","avatar_url":"https://avatars.githubusercontent.com/u/19329590?v=4","gravatar_id":"","url":"https://api.github.com/users/JuliaPackaging","html_url":"https://github.com/JuliaPackaging","followers_url":"https://api.github.com/users/JuliaPackaging/followers","following_url":"https://api.github.com/users/JuliaPackaging/following{/other_user}","gists_url":"https://api.github.com/users/JuliaPackaging/gists{/gist_id}","starred_url":"https://api.github.com/users/JuliaPackaging/starred{/owner}{/repo}","subscriptions_url":"https://api.github.com/users/JuliaPackaging/subscriptions","organizations_url":"https://api.github.com/users/JuliaPackaging/orgs","repos_url":"https://api.github.com/users/JuliaPackaging/repos","events_url":"https://api.github.com/users/JuliaPackaging/events{/privacy}","received_events_url":"https://api.github.com/users/JuliaPackaging/received_events","type":"Organization","site_admin":false},"html_url":"https://github.com/JuliaPackaging/Artifacts.jl","description":"Bridge package for Artifacts stdlib on older Julias","fork":false,"url":"https://api.github.com/repos/JuliaPackaging/Artifacts.jl","forks_url":"https://api.github.com/repos/JuliaPackaging/Artifacts.jl/forks","keys_url":"https://api.github.com/repos/JuliaPackaging/Artifacts.jl/keys{/key_id}","collaborators_url":"https://api.github.com/repos/JuliaPackaging/Artifacts.jl/collaborators{/collaborator}","teams_url":"https://api.github.com/repos/JuliaPackaging/Artifacts.jl/teams","hooks_url":"https://api.github.com/repos/JuliaPackaging/Artifacts.jl/hooks","issue_events_url":"https://api.github.com/repos/JuliaPackaging/Artifacts.jl/issues/events{/number}","events_url":"https://api.github.com/repos/JuliaPackaging/Artifacts.jl/events","assignees_url":"https://api.github.com/repos/JuliaPackaging/Artifacts.jl/assignees{/user}","branches_url":"https://api.github.com/repos/JuliaPackaging/Artifacts.jl/branches{/branch}","tags_url":"https://api.github.com/repos/JuliaPackaging/Artifacts.jl/tags","blobs_url":"https://api.github.com/repos/JuliaPackaging/Artifacts.jl/git/blobs{/sha}","git_tags_url":"https://api.github.com/repos/JuliaPackaging/Artifacts.jl/git/tags{/sha}","git_refs_url":"https://api.github.com/repos/JuliaPackaging/Artifacts.jl/git/refs{/sha}","trees_url":"https://api.github.com/repos/JuliaPackaging/Artifacts.jl/git/trees{/sha}","statuses_url":"https://api.github.com/repos/JuliaPackaging/Artifacts.jl/statuses/{sha}","languages_url":"https://api.github.com/repos/JuliaPackaging/Artifacts.jl/languages","stargazers_url":"https://api.github.com/repos/JuliaPackaging/Artifacts.jl/stargazers","contributors_url":"https://api.github.com/repos/JuliaPackaging/Artifacts.jl/contributors","subscribers_url":"https://api.github.com/repos/JuliaPackaging/Artifacts.jl/subscribers","subscription_url":"https://api.github.com/repos/JuliaPackaging/Artifacts.jl/subscription","commits_url":"https://api.github.com/repos/JuliaPackaging/Artifacts.jl/commits{/sha}","git_commits_url":"https://api.github.com/repos/JuliaPackaging/Artifacts.jl/git/commits{/sha}","comments_url":"https://api.github.com/repos/JuliaPackaging/Artifacts.jl/comments{/number}","issue_comment_url":"https://api.github.com/repos/JuliaPackaging/Artifacts.jl/issues/comments{/number}","contents_url":"https://api.github.com/repos/JuliaPackaging/Artifacts.jl/contents/{+path}","compare_url":"https://api.github.com/repos/JuliaPackaging/Artifacts.jl/compare/{base}...{head}","merges_url":"https://api.github.com/repos/JuliaPackaging/Artifacts.jl/merges","archive_url":"https://api.github.com/repos/JuliaPackaging/Artifacts.jl/{archive_format}{/ref}","downloads_url":"https://api.github.com/repos/JuliaPackaging/Artifacts.jl/downloads","issues_url":"https://api.github.com/repos/JuliaPackaging/Artifacts.jl/issues{/number}","pulls_url":"https://api.github.com/repos/JuliaPackaging/Artifacts.jl/pulls{/number}","milestones_url":"https://api.github.com/repos/JuliaPackaging/Artifacts.jl/milestones{/number}","notifications_url":"https://api.github.com/repos/JuliaPackaging/Artifacts.jl/notifications{?since,all,participating}","labels_url":"https://api.github.com/repos/JuliaPackaging/Artifacts.jl/labels{/name}","releases_url":"https://api.github.com/repos/JuliaPackaging/Artifacts.jl/releases{/id}","deployments_url":"https://api.github.com/repos/JuliaPackaging/Artifacts.jl/deployments","created_at":"2020-09-13T20:03:47Z","updated_at":"2020-12-28T21:08:55Z","pushed_at":"2020-12-28T21:08:54Z","git_url":"git://github.com/JuliaPackaging/Artifacts.jl.git","ssh_url":"git@github.com:JuliaPackaging/Artifacts.jl.git","clone_url":"https://github.com/JuliaPackaging/Artifacts.jl.git","svn_url":"https://github.com/JuliaPackaging/Artifacts.jl","homepage":null,"size":2,"stargazers_count":0,"watchers_count":0,"language":"Julia","has_issues":true,"has_projects":true,"has_downloads":true,"has_wiki":true,"has_pages":false,"forks_count":0,"mirror_url":null,"archived":false,"disabled":false,"open_issues_count":0,"license":{"key":"mit","name":"MIT License","spdx_id":"MIT","url":"https://api.github.com/licenses/mit","node_id":"MDc6TGljZW5zZTEz"},"allow_forking":true,"is_template":false,"web_commit_signoff_required":false,"topics":[],"visibility":"public","forks":0,"open_issues":0,"watchers":0,"default_branch":"master","permissions":{"admin":false,"maintain":false,"push":false,"triage":false,"pull":true},"temp_clone_token":"","organization":{"login":"JuliaPackaging","id":19329590,"node_id":"MDEyOk9yZ2FuaXphdGlvbjE5MzI5NTkw","avatar_url":"https://avatars.githubusercontent.com/u/19329590?v=4","gravatar_id":"","url":"https://api.github.com/users/JuliaPackaging","html_url":"https://github.com/JuliaPackaging","followers_url":"https://api.github.com/users/JuliaPackaging/followers","following_url":"https://api.github.com/users/JuliaPackaging/following{/other_user}","gists_url":"https://api.github.com/users/JuliaPackaging/gists{/gist_id}","starred_url":"https://api.github.com/users/JuliaPackaging/starred{/owner}{/repo}","subscriptions_url":"https://api.github.com/users/JuliaPackaging/subscriptions","organizations_url":"https://api.github.com/users/JuliaPackaging/orgs","repos_url":"https://api.github.com/users/JuliaPackaging/repos","events_url":"https://api.github.com/users/JuliaPackaging/events{/privacy}","received_events_url":"https://api.github.com/users/JuliaPackaging/received_events","type":"Organization","site_admin":false},"network_count":0,"subscribers_count":9}