{"name":"README.md","path":"README.md","sha":"2f01b6dd682c85f60b7749829183b8ec2c8524b6","size":261,"url":"https://api.github.com/repos/JuliaPackaging/Artifacts.jl/contents/README.md?ref=master","html_url":"https://github.com/JuliaPackaging/Artifacts.jl/blob/master/README.md","git_url":"https://api.github.com/repos/JuliaPackaging/Artifacts.jl/git/blobs/2f01b6dd682c85f60b7749829183b8ec2c8524b6","download_url":"https://raw.githubusercontent.com/JuliaPackaging/Artifacts.jl/master/README.md","type":"file","content":"IyBBcnRpZmFjdHMuamwKClRoaXMgaXMgYSB3cmFwcGVyIHBhY2thZ2UgbWVh\nbnQgdG8gYnJpZGdlIHRoZSBnYXAgZm9yIHBhY2thZ2VzIHRoYXQgd2FudCB0\nbyB1c2UgdGhlIFtgQXJ0aWZhY3RzYF0oaHR0cHM6Ly9naXRodWIuY29tL0p1\nbGlhTGFuZy9qdWxpYS90cmVlL21hc3Rlci9zdGRsaWIvQXJ0aWZhY3RzKSBh\ncyBhIGRlcGVuZGVuY3kgd2l0aGluIHBhY2thZ2VzIHRoYXQgc3RpbGwgc3Vw\ncG9ydCBKdWxpYSB2ZXJzaW9ucyBvbGRlciB0aGFuIDEuNi4K\n","encoding":"base64","_links":{"self":"https://api.github.com/repos/JuliaPackaging/Artifacts.jl/contents/README.md?ref=master","git":"https://api.github.com/repos/JuliaPackaging/Artifacts.jl/git/blobs/2f01b6dd682c85f60b7749829183b8ec2c8524b6","html":"https://github.com/JuliaPackaging/Artifacts.jl/blob/master/README.md"}}