{"id":464857130,"node_id":"R_kgDOG7UoKg","name":"AddInit.jl","full_name":"lotcher/AddInit.jl","private":false,"owner":{"login":"lotcher","id":26197741,"node_id":"MDQ6VXNlcjI2MTk3NzQx","avatar_url":"https://avatars.githubusercontent.com/u/26197741?v=4","gravatar_id":"","url":"https://api.github.com/users/lotcher","html_url":"https://github.com/lotcher","followers_url":"https://api.github.com/users/lotcher/followers","following_url":"https://api.github.com/users/lotcher/following{/other_user}","gists_url":"https://api.github.com/users/lotcher/gists{/gist_id}","starred_url":"https://api.github.com/users/lotcher/starred{/owner}{/repo}","subscriptions_url":"https://api.github.com/users/lotcher/subscriptions","organizations_url":"https://api.github.com/users/lotcher/orgs","repos_url":"https://api.github.com/users/lotcher/repos","events_url":"https://api.github.com/users/lotcher/events{/privacy}","received_events_url":"https://api.github.com/users/lotcher/received_events","type":"User","site_admin":false},"html_url":"https://github.com/lotcher/AddInit.jl","description":"Julia library for deserializing objects","fork":false,"url":"https://api.github.com/repos/lotcher/AddInit.jl","forks_url":"https://api.github.com/repos/lotcher/AddInit.jl/forks","keys_url":"https://api.github.com/repos/lotcher/AddInit.jl/keys{/key_id}","collaborators_url":"https://api.github.com/repos/lotcher/AddInit.jl/collaborators{/collaborator}","teams_url":"https://api.github.com/repos/lotcher/AddInit.jl/teams","hooks_url":"https://api.github.com/repos/lotcher/AddInit.jl/hooks","issue_events_url":"https://api.github.com/repos/lotcher/AddInit.jl/issues/events{/number}","events_url":"https://api.github.com/repos/lotcher/AddInit.jl/events","assignees_url":"https://api.github.com/repos/lotcher/AddInit.jl/assignees{/user}","branches_url":"https://api.github.com/repos/lotcher/AddInit.jl/branches{/branch}","tags_url":"https://api.github.com/repos/lotcher/AddInit.jl/tags","blobs_url":"https://api.github.com/repos/lotcher/AddInit.jl/git/blobs{/sha}","git_tags_url":"https://api.github.com/repos/lotcher/AddInit.jl/git/tags{/sha}","git_refs_url":"https://api.github.com/repos/lotcher/AddInit.jl/git/refs{/sha}","trees_url":"https://api.github.com/repos/lotcher/AddInit.jl/git/trees{/sha}","statuses_url":"https://api.github.com/repos/lotcher/AddInit.jl/statuses/{sha}","languages_url":"https://api.github.com/repos/lotcher/AddInit.jl/languages","stargazers_url":"https://api.github.com/repos/lotcher/AddInit.jl/stargazers","contributors_url":"https://api.github.com/repos/lotcher/AddInit.jl/contributors","subscribers_url":"https://api.github.com/repos/lotcher/AddInit.jl/subscribers","subscription_url":"https://api.github.com/repos/lotcher/AddInit.jl/subscription","commits_url":"https://api.github.com/repos/lotcher/AddInit.jl/commits{/sha}","git_commits_url":"https://api.github.com/repos/lotcher/AddInit.jl/git/commits{/sha}","comments_url":"https://api.github.com/repos/lotcher/AddInit.jl/comments{/number}","issue_comment_url":"https://api.github.com/repos/lotcher/AddInit.jl/issues/comments{/number}","contents_url":"https://api.github.com/repos/lotcher/AddInit.jl/contents/{+path}","compare_url":"https://api.github.com/repos/lotcher/AddInit.jl/compare/{base}...{head}","merges_url":"https://api.github.com/repos/lotcher/AddInit.jl/merges","archive_url":"https://api.github.com/repos/lotcher/AddInit.jl/{archive_format}{/ref}","downloads_url":"https://api.github.com/repos/lotcher/AddInit.jl/downloads","issues_url":"https://api.github.com/repos/lotcher/AddInit.jl/issues{/number}","pulls_url":"https://api.github.com/repos/lotcher/AddInit.jl/pulls{/number}","milestones_url":"https://api.github.com/repos/lotcher/AddInit.jl/milestones{/number}","notifications_url":"https://api.github.com/repos/lotcher/AddInit.jl/notifications{?since,all,participating}","labels_url":"https://api.github.com/repos/lotcher/AddInit.jl/labels{/name}","releases_url":"https://api.github.com/repos/lotcher/AddInit.jl/releases{/id}","deployments_url":"https://api.github.com/repos/lotcher/AddInit.jl/deployments","created_at":"2022-03-01T11:00:35Z","updated_at":"2022-04-13T09:20:23Z","pushed_at":"2022-03-04T12:11:59Z","git_url":"git://github.com/lotcher/AddInit.jl.git","ssh_url":"git@github.com:lotcher/AddInit.jl.git","clone_url":"https://github.com/lotcher/AddInit.jl.git","svn_url":"https://github.com/lotcher/AddInit.jl","homepage":"","size":7,"stargazers_count":1,"watchers_count":1,"language":"Julia","has_issues":true,"has_projects":true,"has_downloads":true,"has_wiki":true,"has_pages":false,"forks_count":0,"mirror_url":null,"archived":false,"disabled":false,"open_issues_count":0,"license":{"key":"mit","name":"MIT License","spdx_id":"MIT","url":"https://api.github.com/licenses/mit","node_id":"MDc6TGljZW5zZTEz"},"allow_forking":true,"is_template":false,"web_commit_signoff_required":false,"topics":[],"visibility":"public","forks":0,"open_issues":0,"watchers":1,"default_branch":"main","permissions":{"admin":false,"maintain":false,"push":false,"triage":false,"pull":true},"temp_clone_token":"","network_count":0,"subscribers_count":1}