{"id":138457409,"node_id":"MDEwOlJlcG9zaXRvcnkxMzg0NTc0MDk=","name":"AngleBetweenVectors.jl","full_name":"JeffreySarnoff/AngleBetweenVectors.jl","private":false,"owner":{"login":"JeffreySarnoff","id":1682118,"node_id":"MDQ6VXNlcjE2ODIxMTg=","avatar_url":"https://avatars.githubusercontent.com/u/1682118?v=4","gravatar_id":"","url":"https://api.github.com/users/JeffreySarnoff","html_url":"https://github.com/JeffreySarnoff","followers_url":"https://api.github.com/users/JeffreySarnoff/followers","following_url":"https://api.github.com/users/JeffreySarnoff/following{/other_user}","gists_url":"https://api.github.com/users/JeffreySarnoff/gists{/gist_id}","starred_url":"https://api.github.com/users/JeffreySarnoff/starred{/owner}{/repo}","subscriptions_url":"https://api.github.com/users/JeffreySarnoff/subscriptions","organizations_url":"https://api.github.com/users/JeffreySarnoff/orgs","repos_url":"https://api.github.com/users/JeffreySarnoff/repos","events_url":"https://api.github.com/users/JeffreySarnoff/events{/privacy}","received_events_url":"https://api.github.com/users/JeffreySarnoff/received_events","type":"User","site_admin":false},"html_url":"https://github.com/JeffreySarnoff/AngleBetweenVectors.jl","description":"An accurate and stable calculation of the angle separating two vectors.","fork":false,"url":"https://api.github.com/repos/JeffreySarnoff/AngleBetweenVectors.jl","forks_url":"https://api.github.com/repos/JeffreySarnoff/AngleBetweenVectors.jl/forks","keys_url":"https://api.github.com/repos/JeffreySarnoff/AngleBetweenVectors.jl/keys{/key_id}","collaborators_url":"https://api.github.com/repos/JeffreySarnoff/AngleBetweenVectors.jl/collaborators{/collaborator}","teams_url":"https://api.github.com/repos/JeffreySarnoff/AngleBetweenVectors.jl/teams","hooks_url":"https://api.github.com/repos/JeffreySarnoff/AngleBetweenVectors.jl/hooks","issue_events_url":"https://api.github.com/repos/JeffreySarnoff/AngleBetweenVectors.jl/issues/events{/number}","events_url":"https://api.github.com/repos/JeffreySarnoff/AngleBetweenVectors.jl/events","assignees_url":"https://api.github.com/repos/JeffreySarnoff/AngleBetweenVectors.jl/assignees{/user}","branches_url":"https://api.github.com/repos/JeffreySarnoff/AngleBetweenVectors.jl/branches{/branch}","tags_url":"https://api.github.com/repos/JeffreySarnoff/AngleBetweenVectors.jl/tags","blobs_url":"https://api.github.com/repos/JeffreySarnoff/AngleBetweenVectors.jl/git/blobs{/sha}","git_tags_url":"https://api.github.com/repos/JeffreySarnoff/AngleBetweenVectors.jl/git/tags{/sha}","git_refs_url":"https://api.github.com/repos/JeffreySarnoff/AngleBetweenVectors.jl/git/refs{/sha}","trees_url":"https://api.github.com/repos/JeffreySarnoff/AngleBetweenVectors.jl/git/trees{/sha}","statuses_url":"https://api.github.com/repos/JeffreySarnoff/AngleBetweenVectors.jl/statuses/{sha}","languages_url":"https://api.github.com/repos/JeffreySarnoff/AngleBetweenVectors.jl/languages","stargazers_url":"https://api.github.com/repos/JeffreySarnoff/AngleBetweenVectors.jl/stargazers","contributors_url":"https://api.github.com/repos/JeffreySarnoff/AngleBetweenVectors.jl/contributors","subscribers_url":"https://api.github.com/repos/JeffreySarnoff/AngleBetweenVectors.jl/subscribers","subscription_url":"https://api.github.com/repos/JeffreySarnoff/AngleBetweenVectors.jl/subscription","commits_url":"https://api.github.com/repos/JeffreySarnoff/AngleBetweenVectors.jl/commits{/sha}","git_commits_url":"https://api.github.com/repos/JeffreySarnoff/AngleBetweenVectors.jl/git/commits{/sha}","comments_url":"https://api.github.com/repos/JeffreySarnoff/AngleBetweenVectors.jl/comments{/number}","issue_comment_url":"https://api.github.com/repos/JeffreySarnoff/AngleBetweenVectors.jl/issues/comments{/number}","contents_url":"https://api.github.com/repos/JeffreySarnoff/AngleBetweenVectors.jl/contents/{+path}","compare_url":"https://api.github.com/repos/JeffreySarnoff/AngleBetweenVectors.jl/compare/{base}...{head}","merges_url":"https://api.github.com/repos/JeffreySarnoff/AngleBetweenVectors.jl/merges","archive_url":"https://api.github.com/repos/JeffreySarnoff/AngleBetweenVectors.jl/{archive_format}{/ref}","downloads_url":"https://api.github.com/repos/JeffreySarnoff/AngleBetweenVectors.jl/downloads","issues_url":"https://api.github.com/repos/JeffreySarnoff/AngleBetweenVectors.jl/issues{/number}","pulls_url":"https://api.github.com/repos/JeffreySarnoff/AngleBetweenVectors.jl/pulls{/number}","milestones_url":"https://api.github.com/repos/JeffreySarnoff/AngleBetweenVectors.jl/milestones{/number}","notifications_url":"https://api.github.com/repos/JeffreySarnoff/AngleBetweenVectors.jl/notifications{?since,all,participating}","labels_url":"https://api.github.com/repos/JeffreySarnoff/AngleBetweenVectors.jl/labels{/name}","releases_url":"https://api.github.com/repos/JeffreySarnoff/AngleBetweenVectors.jl/releases{/id}","deployments_url":"https://api.github.com/repos/JeffreySarnoff/AngleBetweenVectors.jl/deployments","created_at":"2018-06-24T05:57:32Z","updated_at":"2022-06-25T23:36:24Z","pushed_at":"2022-06-26T01:41:06Z","git_url":"git://github.com/JeffreySarnoff/AngleBetweenVectors.jl.git","ssh_url":"git@github.com:JeffreySarnoff/AngleBetweenVectors.jl.git","clone_url":"https://github.com/JeffreySarnoff/AngleBetweenVectors.jl.git","svn_url":"https://github.com/JeffreySarnoff/AngleBetweenVectors.jl","homepage":"","size":97,"stargazers_count":23,"watchers_count":23,"language":"Julia","has_issues":true,"has_projects":true,"has_downloads":true,"has_wiki":true,"has_pages":false,"forks_count":3,"mirror_url":null,"archived":false,"disabled":false,"open_issues_count":3,"license":{"key":"mit","name":"MIT License","spdx_id":"MIT","url":"https://api.github.com/licenses/mit","node_id":"MDc6TGljZW5zZTEz"},"allow_forking":true,"is_template":false,"web_commit_signoff_required":false,"topics":["accurate","angle","floating-point","julia","n-dimensional","vectors"],"visibility":"public","forks":3,"open_issues":3,"watchers":23,"default_branch":"master","permissions":{"admin":false,"maintain":false,"push":false,"triage":false,"pull":true},"temp_clone_token":"","network_count":3,"subscribers_count":2}