{"id":218758382,"node_id":"MDEwOlJlcG9zaXRvcnkyMTg3NTgzODI=","name":"AdvancedVI.jl","full_name":"TuringLang/AdvancedVI.jl","private":false,"owner":{"login":"TuringLang","id":26261527,"node_id":"MDEyOk9yZ2FuaXphdGlvbjI2MjYxNTI3","avatar_url":"https://avatars.githubusercontent.com/u/26261527?v=4","gravatar_id":"","url":"https://api.github.com/users/TuringLang","html_url":"https://github.com/TuringLang","followers_url":"https://api.github.com/users/TuringLang/followers","following_url":"https://api.github.com/users/TuringLang/following{/other_user}","gists_url":"https://api.github.com/users/TuringLang/gists{/gist_id}","starred_url":"https://api.github.com/users/TuringLang/starred{/owner}{/repo}","subscriptions_url":"https://api.github.com/users/TuringLang/subscriptions","organizations_url":"https://api.github.com/users/TuringLang/orgs","repos_url":"https://api.github.com/users/TuringLang/repos","events_url":"https://api.github.com/users/TuringLang/events{/privacy}","received_events_url":"https://api.github.com/users/TuringLang/received_events","type":"Organization","site_admin":false},"html_url":"https://github.com/TuringLang/AdvancedVI.jl","description":"A library for variational Bayesian methods in Julia","fork":false,"url":"https://api.github.com/repos/TuringLang/AdvancedVI.jl","forks_url":"https://api.github.com/repos/TuringLang/AdvancedVI.jl/forks","keys_url":"https://api.github.com/repos/TuringLang/AdvancedVI.jl/keys{/key_id}","collaborators_url":"https://api.github.com/repos/TuringLang/AdvancedVI.jl/collaborators{/collaborator}","teams_url":"https://api.github.com/repos/TuringLang/AdvancedVI.jl/teams","hooks_url":"https://api.github.com/repos/TuringLang/AdvancedVI.jl/hooks","issue_events_url":"https://api.github.com/repos/TuringLang/AdvancedVI.jl/issues/events{/number}","events_url":"https://api.github.com/repos/TuringLang/AdvancedVI.jl/events","assignees_url":"https://api.github.com/repos/TuringLang/AdvancedVI.jl/assignees{/user}","branches_url":"https://api.github.com/repos/TuringLang/AdvancedVI.jl/branches{/branch}","tags_url":"https://api.github.com/repos/TuringLang/AdvancedVI.jl/tags","blobs_url":"https://api.github.com/repos/TuringLang/AdvancedVI.jl/git/blobs{/sha}","git_tags_url":"https://api.github.com/repos/TuringLang/AdvancedVI.jl/git/tags{/sha}","git_refs_url":"https://api.github.com/repos/TuringLang/AdvancedVI.jl/git/refs{/sha}","trees_url":"https://api.github.com/repos/TuringLang/AdvancedVI.jl/git/trees{/sha}","statuses_url":"https://api.github.com/repos/TuringLang/AdvancedVI.jl/statuses/{sha}","languages_url":"https://api.github.com/repos/TuringLang/AdvancedVI.jl/languages","stargazers_url":"https://api.github.com/repos/TuringLang/AdvancedVI.jl/stargazers","contributors_url":"https://api.github.com/repos/TuringLang/AdvancedVI.jl/contributors","subscribers_url":"https://api.github.com/repos/TuringLang/AdvancedVI.jl/subscribers","subscription_url":"https://api.github.com/repos/TuringLang/AdvancedVI.jl/subscription","commits_url":"https://api.github.com/repos/TuringLang/AdvancedVI.jl/commits{/sha}","git_commits_url":"https://api.github.com/repos/TuringLang/AdvancedVI.jl/git/commits{/sha}","comments_url":"https://api.github.com/repos/TuringLang/AdvancedVI.jl/comments{/number}","issue_comment_url":"https://api.github.com/repos/TuringLang/AdvancedVI.jl/issues/comments{/number}","contents_url":"https://api.github.com/repos/TuringLang/AdvancedVI.jl/contents/{+path}","compare_url":"https://api.github.com/repos/TuringLang/AdvancedVI.jl/compare/{base}...{head}","merges_url":"https://api.github.com/repos/TuringLang/AdvancedVI.jl/merges","archive_url":"https://api.github.com/repos/TuringLang/AdvancedVI.jl/{archive_format}{/ref}","downloads_url":"https://api.github.com/repos/TuringLang/AdvancedVI.jl/downloads","issues_url":"https://api.github.com/repos/TuringLang/AdvancedVI.jl/issues{/number}","pulls_url":"https://api.github.com/repos/TuringLang/AdvancedVI.jl/pulls{/number}","milestones_url":"https://api.github.com/repos/TuringLang/AdvancedVI.jl/milestones{/number}","notifications_url":"https://api.github.com/repos/TuringLang/AdvancedVI.jl/notifications{?since,all,participating}","labels_url":"https://api.github.com/repos/TuringLang/AdvancedVI.jl/labels{/name}","releases_url":"https://api.github.com/repos/TuringLang/AdvancedVI.jl/releases{/id}","deployments_url":"https://api.github.com/repos/TuringLang/AdvancedVI.jl/deployments","created_at":"2019-10-31T12:14:55Z","updated_at":"2022-06-23T22:51:20Z","pushed_at":"2022-05-27T00:20:20Z","git_url":"git://github.com/TuringLang/AdvancedVI.jl.git","ssh_url":"git@github.com:TuringLang/AdvancedVI.jl.git","clone_url":"https://github.com/TuringLang/AdvancedVI.jl.git","svn_url":"https://github.com/TuringLang/AdvancedVI.jl","homepage":null,"size":131,"stargazers_count":39,"watchers_count":39,"language":"Julia","has_issues":true,"has_projects":true,"has_downloads":true,"has_wiki":true,"has_pages":false,"forks_count":11,"mirror_url":null,"archived":false,"disabled":false,"open_issues_count":14,"license":{"key":"mit","name":"MIT License","spdx_id":"MIT","url":"https://api.github.com/licenses/mit","node_id":"MDc6TGljZW5zZTEz"},"allow_forking":true,"is_template":false,"web_commit_signoff_required":false,"topics":[],"visibility":"public","forks":11,"open_issues":14,"watchers":39,"default_branch":"master","permissions":{"admin":false,"maintain":false,"push":false,"triage":false,"pull":true},"temp_clone_token":"","organization":{"login":"TuringLang","id":26261527,"node_id":"MDEyOk9yZ2FuaXphdGlvbjI2MjYxNTI3","avatar_url":"https://avatars.githubusercontent.com/u/26261527?v=4","gravatar_id":"","url":"https://api.github.com/users/TuringLang","html_url":"https://github.com/TuringLang","followers_url":"https://api.github.com/users/TuringLang/followers","following_url":"https://api.github.com/users/TuringLang/following{/other_user}","gists_url":"https://api.github.com/users/TuringLang/gists{/gist_id}","starred_url":"https://api.github.com/users/TuringLang/starred{/owner}{/repo}","subscriptions_url":"https://api.github.com/users/TuringLang/subscriptions","organizations_url":"https://api.github.com/users/TuringLang/orgs","repos_url":"https://api.github.com/users/TuringLang/repos","events_url":"https://api.github.com/users/TuringLang/events{/privacy}","received_events_url":"https://api.github.com/users/TuringLang/received_events","type":"Organization","site_admin":false},"network_count":11,"subscribers_count":7}