{"id":76892632,"node_id":"MDEwOlJlcG9zaXRvcnk3Njg5MjYzMg==","name":"AdaptiveDistanceFields.jl","full_name":"rdeits/AdaptiveDistanceFields.jl","private":false,"owner":{"login":"rdeits","id":591886,"node_id":"MDQ6VXNlcjU5MTg4Ng==","avatar_url":"https://avatars.githubusercontent.com/u/591886?v=4","gravatar_id":"","url":"https://api.github.com/users/rdeits","html_url":"https://github.com/rdeits","followers_url":"https://api.github.com/users/rdeits/followers","following_url":"https://api.github.com/users/rdeits/following{/other_user}","gists_url":"https://api.github.com/users/rdeits/gists{/gist_id}","starred_url":"https://api.github.com/users/rdeits/starred{/owner}{/repo}","subscriptions_url":"https://api.github.com/users/rdeits/subscriptions","organizations_url":"https://api.github.com/users/rdeits/orgs","repos_url":"https://api.github.com/users/rdeits/repos","events_url":"https://api.github.com/users/rdeits/events{/privacy}","received_events_url":"https://api.github.com/users/rdeits/received_events","type":"User","site_admin":false},"html_url":"https://github.com/rdeits/AdaptiveDistanceFields.jl","description":"Adaptively sampled distance fields in Julia","fork":false,"url":"https://api.github.com/repos/rdeits/AdaptiveDistanceFields.jl","forks_url":"https://api.github.com/repos/rdeits/AdaptiveDistanceFields.jl/forks","keys_url":"https://api.github.com/repos/rdeits/AdaptiveDistanceFields.jl/keys{/key_id}","collaborators_url":"https://api.github.com/repos/rdeits/AdaptiveDistanceFields.jl/collaborators{/collaborator}","teams_url":"https://api.github.com/repos/rdeits/AdaptiveDistanceFields.jl/teams","hooks_url":"https://api.github.com/repos/rdeits/AdaptiveDistanceFields.jl/hooks","issue_events_url":"https://api.github.com/repos/rdeits/AdaptiveDistanceFields.jl/issues/events{/number}","events_url":"https://api.github.com/repos/rdeits/AdaptiveDistanceFields.jl/events","assignees_url":"https://api.github.com/repos/rdeits/AdaptiveDistanceFields.jl/assignees{/user}","branches_url":"https://api.github.com/repos/rdeits/AdaptiveDistanceFields.jl/branches{/branch}","tags_url":"https://api.github.com/repos/rdeits/AdaptiveDistanceFields.jl/tags","blobs_url":"https://api.github.com/repos/rdeits/AdaptiveDistanceFields.jl/git/blobs{/sha}","git_tags_url":"https://api.github.com/repos/rdeits/AdaptiveDistanceFields.jl/git/tags{/sha}","git_refs_url":"https://api.github.com/repos/rdeits/AdaptiveDistanceFields.jl/git/refs{/sha}","trees_url":"https://api.github.com/repos/rdeits/AdaptiveDistanceFields.jl/git/trees{/sha}","statuses_url":"https://api.github.com/repos/rdeits/AdaptiveDistanceFields.jl/statuses/{sha}","languages_url":"https://api.github.com/repos/rdeits/AdaptiveDistanceFields.jl/languages","stargazers_url":"https://api.github.com/repos/rdeits/AdaptiveDistanceFields.jl/stargazers","contributors_url":"https://api.github.com/repos/rdeits/AdaptiveDistanceFields.jl/contributors","subscribers_url":"https://api.github.com/repos/rdeits/AdaptiveDistanceFields.jl/subscribers","subscription_url":"https://api.github.com/repos/rdeits/AdaptiveDistanceFields.jl/subscription","commits_url":"https://api.github.com/repos/rdeits/AdaptiveDistanceFields.jl/commits{/sha}","git_commits_url":"https://api.github.com/repos/rdeits/AdaptiveDistanceFields.jl/git/commits{/sha}","comments_url":"https://api.github.com/repos/rdeits/AdaptiveDistanceFields.jl/comments{/number}","issue_comment_url":"https://api.github.com/repos/rdeits/AdaptiveDistanceFields.jl/issues/comments{/number}","contents_url":"https://api.github.com/repos/rdeits/AdaptiveDistanceFields.jl/contents/{+path}","compare_url":"https://api.github.com/repos/rdeits/AdaptiveDistanceFields.jl/compare/{base}...{head}","merges_url":"https://api.github.com/repos/rdeits/AdaptiveDistanceFields.jl/merges","archive_url":"https://api.github.com/repos/rdeits/AdaptiveDistanceFields.jl/{archive_format}{/ref}","downloads_url":"https://api.github.com/repos/rdeits/AdaptiveDistanceFields.jl/downloads","issues_url":"https://api.github.com/repos/rdeits/AdaptiveDistanceFields.jl/issues{/number}","pulls_url":"https://api.github.com/repos/rdeits/AdaptiveDistanceFields.jl/pulls{/number}","milestones_url":"https://api.github.com/repos/rdeits/AdaptiveDistanceFields.jl/milestones{/number}","notifications_url":"https://api.github.com/repos/rdeits/AdaptiveDistanceFields.jl/notifications{?since,all,participating}","labels_url":"https://api.github.com/repos/rdeits/AdaptiveDistanceFields.jl/labels{/name}","releases_url":"https://api.github.com/repos/rdeits/AdaptiveDistanceFields.jl/releases{/id}","deployments_url":"https://api.github.com/repos/rdeits/AdaptiveDistanceFields.jl/deployments","created_at":"2016-12-19T19:53:38Z","updated_at":"2022-06-16T21:28:14Z","pushed_at":"2020-09-11T10:40:11Z","git_url":"git://github.com/rdeits/AdaptiveDistanceFields.jl.git","ssh_url":"git@github.com:rdeits/AdaptiveDistanceFields.jl.git","clone_url":"https://github.com/rdeits/AdaptiveDistanceFields.jl.git","svn_url":"https://github.com/rdeits/AdaptiveDistanceFields.jl","homepage":"","size":232,"stargazers_count":24,"watchers_count":24,"language":"Jupyter Notebook","has_issues":true,"has_projects":true,"has_downloads":true,"has_wiki":true,"has_pages":false,"forks_count":9,"mirror_url":null,"archived":false,"disabled":false,"open_issues_count":3,"license":{"key":"other","name":"Other","spdx_id":"NOASSERTION","url":null,"node_id":"MDc6TGljZW5zZTA="},"allow_forking":true,"is_template":false,"web_commit_signoff_required":false,"topics":["function-approximation","geometry","julia","signed-distance-field"],"visibility":"public","forks":9,"open_issues":3,"watchers":24,"default_branch":"master","permissions":{"admin":false,"maintain":false,"push":false,"triage":false,"pull":true},"temp_clone_token":"","network_count":9,"subscribers_count":4}