{"id":360956989,"node_id":"MDEwOlJlcG9zaXRvcnkzNjA5NTY5ODk=","name":"AbbreviatedStackTraces.jl","full_name":"BioTurboNick/AbbreviatedStackTraces.jl","private":false,"owner":{"login":"BioTurboNick","id":1438610,"node_id":"MDQ6VXNlcjE0Mzg2MTA=","avatar_url":"https://avatars.githubusercontent.com/u/1438610?v=4","gravatar_id":"","url":"https://api.github.com/users/BioTurboNick","html_url":"https://github.com/BioTurboNick","followers_url":"https://api.github.com/users/BioTurboNick/followers","following_url":"https://api.github.com/users/BioTurboNick/following{/other_user}","gists_url":"https://api.github.com/users/BioTurboNick/gists{/gist_id}","starred_url":"https://api.github.com/users/BioTurboNick/starred{/owner}{/repo}","subscriptions_url":"https://api.github.com/users/BioTurboNick/subscriptions","organizations_url":"https://api.github.com/users/BioTurboNick/orgs","repos_url":"https://api.github.com/users/BioTurboNick/repos","events_url":"https://api.github.com/users/BioTurboNick/events{/privacy}","received_events_url":"https://api.github.com/users/BioTurboNick/received_events","type":"User","site_admin":false},"html_url":"https://github.com/BioTurboNick/AbbreviatedStackTraces.jl","description":null,"fork":false,"url":"https://api.github.com/repos/BioTurboNick/AbbreviatedStackTraces.jl","forks_url":"https://api.github.com/repos/BioTurboNick/AbbreviatedStackTraces.jl/forks","keys_url":"https://api.github.com/repos/BioTurboNick/AbbreviatedStackTraces.jl/keys{/key_id}","collaborators_url":"https://api.github.com/repos/BioTurboNick/AbbreviatedStackTraces.jl/collaborators{/collaborator}","teams_url":"https://api.github.com/repos/BioTurboNick/AbbreviatedStackTraces.jl/teams","hooks_url":"https://api.github.com/repos/BioTurboNick/AbbreviatedStackTraces.jl/hooks","issue_events_url":"https://api.github.com/repos/BioTurboNick/AbbreviatedStackTraces.jl/issues/events{/number}","events_url":"https://api.github.com/repos/BioTurboNick/AbbreviatedStackTraces.jl/events","assignees_url":"https://api.github.com/repos/BioTurboNick/AbbreviatedStackTraces.jl/assignees{/user}","branches_url":"https://api.github.com/repos/BioTurboNick/AbbreviatedStackTraces.jl/branches{/branch}","tags_url":"https://api.github.com/repos/BioTurboNick/AbbreviatedStackTraces.jl/tags","blobs_url":"https://api.github.com/repos/BioTurboNick/AbbreviatedStackTraces.jl/git/blobs{/sha}","git_tags_url":"https://api.github.com/repos/BioTurboNick/AbbreviatedStackTraces.jl/git/tags{/sha}","git_refs_url":"https://api.github.com/repos/BioTurboNick/AbbreviatedStackTraces.jl/git/refs{/sha}","trees_url":"https://api.github.com/repos/BioTurboNick/AbbreviatedStackTraces.jl/git/trees{/sha}","statuses_url":"https://api.github.com/repos/BioTurboNick/AbbreviatedStackTraces.jl/statuses/{sha}","languages_url":"https://api.github.com/repos/BioTurboNick/AbbreviatedStackTraces.jl/languages","stargazers_url":"https://api.github.com/repos/BioTurboNick/AbbreviatedStackTraces.jl/stargazers","contributors_url":"https://api.github.com/repos/BioTurboNick/AbbreviatedStackTraces.jl/contributors","subscribers_url":"https://api.github.com/repos/BioTurboNick/AbbreviatedStackTraces.jl/subscribers","subscription_url":"https://api.github.com/repos/BioTurboNick/AbbreviatedStackTraces.jl/subscription","commits_url":"https://api.github.com/repos/BioTurboNick/AbbreviatedStackTraces.jl/commits{/sha}","git_commits_url":"https://api.github.com/repos/BioTurboNick/AbbreviatedStackTraces.jl/git/commits{/sha}","comments_url":"https://api.github.com/repos/BioTurboNick/AbbreviatedStackTraces.jl/comments{/number}","issue_comment_url":"https://api.github.com/repos/BioTurboNick/AbbreviatedStackTraces.jl/issues/comments{/number}","contents_url":"https://api.github.com/repos/BioTurboNick/AbbreviatedStackTraces.jl/contents/{+path}","compare_url":"https://api.github.com/repos/BioTurboNick/AbbreviatedStackTraces.jl/compare/{base}...{head}","merges_url":"https://api.github.com/repos/BioTurboNick/AbbreviatedStackTraces.jl/merges","archive_url":"https://api.github.com/repos/BioTurboNick/AbbreviatedStackTraces.jl/{archive_format}{/ref}","downloads_url":"https://api.github.com/repos/BioTurboNick/AbbreviatedStackTraces.jl/downloads","issues_url":"https://api.github.com/repos/BioTurboNick/AbbreviatedStackTraces.jl/issues{/number}","pulls_url":"https://api.github.com/repos/BioTurboNick/AbbreviatedStackTraces.jl/pulls{/number}","milestones_url":"https://api.github.com/repos/BioTurboNick/AbbreviatedStackTraces.jl/milestones{/number}","notifications_url":"https://api.github.com/repos/BioTurboNick/AbbreviatedStackTraces.jl/notifications{?since,all,participating}","labels_url":"https://api.github.com/repos/BioTurboNick/AbbreviatedStackTraces.jl/labels{/name}","releases_url":"https://api.github.com/repos/BioTurboNick/AbbreviatedStackTraces.jl/releases{/id}","deployments_url":"https://api.github.com/repos/BioTurboNick/AbbreviatedStackTraces.jl/deployments","created_at":"2021-04-23T17:19:50Z","updated_at":"2022-07-17T00:41:41Z","pushed_at":"2022-06-28T07:52:14Z","git_url":"git://github.com/BioTurboNick/AbbreviatedStackTraces.jl.git","ssh_url":"git@github.com:BioTurboNick/AbbreviatedStackTraces.jl.git","clone_url":"https://github.com/BioTurboNick/AbbreviatedStackTraces.jl.git","svn_url":"https://github.com/BioTurboNick/AbbreviatedStackTraces.jl","homepage":null,"size":97,"stargazers_count":61,"watchers_count":61,"language":"Julia","has_issues":true,"has_projects":true,"has_downloads":true,"has_wiki":true,"has_pages":false,"forks_count":2,"mirror_url":null,"archived":false,"disabled":false,"open_issues_count":11,"license":{"key":"mit","name":"MIT License","spdx_id":"MIT","url":"https://api.github.com/licenses/mit","node_id":"MDc6TGljZW5zZTEz"},"allow_forking":true,"is_template":false,"web_commit_signoff_required":false,"topics":[],"visibility":"public","forks":2,"open_issues":11,"watchers":61,"default_branch":"master","permissions":{"admin":false,"maintain":false,"push":false,"triage":false,"pull":true},"temp_clone_token":"","network_count":2,"subscribers_count":3}