{"id":302570734,"node_id":"MDEwOlJlcG9zaXRvcnkzMDI1NzA3MzQ=","name":"ANOVAapprox.jl","full_name":"NFFT/ANOVAapprox.jl","private":false,"owner":{"login":"NFFT","id":10086760,"node_id":"MDEyOk9yZ2FuaXphdGlvbjEwMDg2NzYw","avatar_url":"https://avatars.githubusercontent.com/u/10086760?v=4","gravatar_id":"","url":"https://api.github.com/users/NFFT","html_url":"https://github.com/NFFT","followers_url":"https://api.github.com/users/NFFT/followers","following_url":"https://api.github.com/users/NFFT/following{/other_user}","gists_url":"https://api.github.com/users/NFFT/gists{/gist_id}","starred_url":"https://api.github.com/users/NFFT/starred{/owner}{/repo}","subscriptions_url":"https://api.github.com/users/NFFT/subscriptions","organizations_url":"https://api.github.com/users/NFFT/orgs","repos_url":"https://api.github.com/users/NFFT/repos","events_url":"https://api.github.com/users/NFFT/events{/privacy}","received_events_url":"https://api.github.com/users/NFFT/received_events","type":"Organization","site_admin":false},"html_url":"https://github.com/NFFT/ANOVAapprox.jl","description":"Approximation Package for High-Dimensional Functions in Julia","fork":false,"url":"https://api.github.com/repos/NFFT/ANOVAapprox.jl","forks_url":"https://api.github.com/repos/NFFT/ANOVAapprox.jl/forks","keys_url":"https://api.github.com/repos/NFFT/ANOVAapprox.jl/keys{/key_id}","collaborators_url":"https://api.github.com/repos/NFFT/ANOVAapprox.jl/collaborators{/collaborator}","teams_url":"https://api.github.com/repos/NFFT/ANOVAapprox.jl/teams","hooks_url":"https://api.github.com/repos/NFFT/ANOVAapprox.jl/hooks","issue_events_url":"https://api.github.com/repos/NFFT/ANOVAapprox.jl/issues/events{/number}","events_url":"https://api.github.com/repos/NFFT/ANOVAapprox.jl/events","assignees_url":"https://api.github.com/repos/NFFT/ANOVAapprox.jl/assignees{/user}","branches_url":"https://api.github.com/repos/NFFT/ANOVAapprox.jl/branches{/branch}","tags_url":"https://api.github.com/repos/NFFT/ANOVAapprox.jl/tags","blobs_url":"https://api.github.com/repos/NFFT/ANOVAapprox.jl/git/blobs{/sha}","git_tags_url":"https://api.github.com/repos/NFFT/ANOVAapprox.jl/git/tags{/sha}","git_refs_url":"https://api.github.com/repos/NFFT/ANOVAapprox.jl/git/refs{/sha}","trees_url":"https://api.github.com/repos/NFFT/ANOVAapprox.jl/git/trees{/sha}","statuses_url":"https://api.github.com/repos/NFFT/ANOVAapprox.jl/statuses/{sha}","languages_url":"https://api.github.com/repos/NFFT/ANOVAapprox.jl/languages","stargazers_url":"https://api.github.com/repos/NFFT/ANOVAapprox.jl/stargazers","contributors_url":"https://api.github.com/repos/NFFT/ANOVAapprox.jl/contributors","subscribers_url":"https://api.github.com/repos/NFFT/ANOVAapprox.jl/subscribers","subscription_url":"https://api.github.com/repos/NFFT/ANOVAapprox.jl/subscription","commits_url":"https://api.github.com/repos/NFFT/ANOVAapprox.jl/commits{/sha}","git_commits_url":"https://api.github.com/repos/NFFT/ANOVAapprox.jl/git/commits{/sha}","comments_url":"https://api.github.com/repos/NFFT/ANOVAapprox.jl/comments{/number}","issue_comment_url":"https://api.github.com/repos/NFFT/ANOVAapprox.jl/issues/comments{/number}","contents_url":"https://api.github.com/repos/NFFT/ANOVAapprox.jl/contents/{+path}","compare_url":"https://api.github.com/repos/NFFT/ANOVAapprox.jl/compare/{base}...{head}","merges_url":"https://api.github.com/repos/NFFT/ANOVAapprox.jl/merges","archive_url":"https://api.github.com/repos/NFFT/ANOVAapprox.jl/{archive_format}{/ref}","downloads_url":"https://api.github.com/repos/NFFT/ANOVAapprox.jl/downloads","issues_url":"https://api.github.com/repos/NFFT/ANOVAapprox.jl/issues{/number}","pulls_url":"https://api.github.com/repos/NFFT/ANOVAapprox.jl/pulls{/number}","milestones_url":"https://api.github.com/repos/NFFT/ANOVAapprox.jl/milestones{/number}","notifications_url":"https://api.github.com/repos/NFFT/ANOVAapprox.jl/notifications{?since,all,participating}","labels_url":"https://api.github.com/repos/NFFT/ANOVAapprox.jl/labels{/name}","releases_url":"https://api.github.com/repos/NFFT/ANOVAapprox.jl/releases{/id}","deployments_url":"https://api.github.com/repos/NFFT/ANOVAapprox.jl/deployments","created_at":"2020-10-09T07:48:22Z","updated_at":"2021-11-29T14:37:44Z","pushed_at":"2022-06-17T10:19:24Z","git_url":"git://github.com/NFFT/ANOVAapprox.jl.git","ssh_url":"git@github.com:NFFT/ANOVAapprox.jl.git","clone_url":"https://github.com/NFFT/ANOVAapprox.jl.git","svn_url":"https://github.com/NFFT/ANOVAapprox.jl","homepage":"","size":280,"stargazers_count":0,"watchers_count":0,"language":"Julia","has_issues":true,"has_projects":true,"has_downloads":true,"has_wiki":true,"has_pages":true,"forks_count":0,"mirror_url":null,"archived":false,"disabled":false,"open_issues_count":0,"license":{"key":"gpl-3.0","name":"GNU General Public License v3.0","spdx_id":"GPL-3.0","url":"https://api.github.com/licenses/gpl-3.0","node_id":"MDc6TGljZW5zZTk="},"allow_forking":true,"is_template":false,"web_commit_signoff_required":false,"topics":["approximation","julia"],"visibility":"public","forks":0,"open_issues":0,"watchers":0,"default_branch":"main","permissions":{"admin":false,"maintain":false,"push":false,"triage":false,"pull":true},"temp_clone_token":"","organization":{"login":"NFFT","id":10086760,"node_id":"MDEyOk9yZ2FuaXphdGlvbjEwMDg2NzYw","avatar_url":"https://avatars.githubusercontent.com/u/10086760?v=4","gravatar_id":"","url":"https://api.github.com/users/NFFT","html_url":"https://github.com/NFFT","followers_url":"https://api.github.com/users/NFFT/followers","following_url":"https://api.github.com/users/NFFT/following{/other_user}","gists_url":"https://api.github.com/users/NFFT/gists{/gist_id}","starred_url":"https://api.github.com/users/NFFT/starred{/owner}{/repo}","subscriptions_url":"https://api.github.com/users/NFFT/subscriptions","organizations_url":"https://api.github.com/users/NFFT/orgs","repos_url":"https://api.github.com/users/NFFT/repos","events_url":"https://api.github.com/users/NFFT/events{/privacy}","received_events_url":"https://api.github.com/users/NFFT/received_events","type":"Organization","site_admin":false},"network_count":0,"subscribers_count":8}