{"id":275214858,"node_id":"MDEwOlJlcG9zaXRvcnkyNzUyMTQ4NTg=","name":"AdaptiveResonance.jl","full_name":"AP6YC/AdaptiveResonance.jl","private":false,"owner":{"login":"AP6YC","id":17498866,"node_id":"MDQ6VXNlcjE3NDk4ODY2","avatar_url":"https://avatars.githubusercontent.com/u/17498866?v=4","gravatar_id":"","url":"https://api.github.com/users/AP6YC","html_url":"https://github.com/AP6YC","followers_url":"https://api.github.com/users/AP6YC/followers","following_url":"https://api.github.com/users/AP6YC/following{/other_user}","gists_url":"https://api.github.com/users/AP6YC/gists{/gist_id}","starred_url":"https://api.github.com/users/AP6YC/starred{/owner}{/repo}","subscriptions_url":"https://api.github.com/users/AP6YC/subscriptions","organizations_url":"https://api.github.com/users/AP6YC/orgs","repos_url":"https://api.github.com/users/AP6YC/repos","events_url":"https://api.github.com/users/AP6YC/events{/privacy}","received_events_url":"https://api.github.com/users/AP6YC/received_events","type":"User","site_admin":false},"html_url":"https://github.com/AP6YC/AdaptiveResonance.jl","description":"A Julia package for Adaptive Resonance Theory (ART) algorithms.","fork":false,"url":"https://api.github.com/repos/AP6YC/AdaptiveResonance.jl","forks_url":"https://api.github.com/repos/AP6YC/AdaptiveResonance.jl/forks","keys_url":"https://api.github.com/repos/AP6YC/AdaptiveResonance.jl/keys{/key_id}","collaborators_url":"https://api.github.com/repos/AP6YC/AdaptiveResonance.jl/collaborators{/collaborator}","teams_url":"https://api.github.com/repos/AP6YC/AdaptiveResonance.jl/teams","hooks_url":"https://api.github.com/repos/AP6YC/AdaptiveResonance.jl/hooks","issue_events_url":"https://api.github.com/repos/AP6YC/AdaptiveResonance.jl/issues/events{/number}","events_url":"https://api.github.com/repos/AP6YC/AdaptiveResonance.jl/events","assignees_url":"https://api.github.com/repos/AP6YC/AdaptiveResonance.jl/assignees{/user}","branches_url":"https://api.github.com/repos/AP6YC/AdaptiveResonance.jl/branches{/branch}","tags_url":"https://api.github.com/repos/AP6YC/AdaptiveResonance.jl/tags","blobs_url":"https://api.github.com/repos/AP6YC/AdaptiveResonance.jl/git/blobs{/sha}","git_tags_url":"https://api.github.com/repos/AP6YC/AdaptiveResonance.jl/git/tags{/sha}","git_refs_url":"https://api.github.com/repos/AP6YC/AdaptiveResonance.jl/git/refs{/sha}","trees_url":"https://api.github.com/repos/AP6YC/AdaptiveResonance.jl/git/trees{/sha}","statuses_url":"https://api.github.com/repos/AP6YC/AdaptiveResonance.jl/statuses/{sha}","languages_url":"https://api.github.com/repos/AP6YC/AdaptiveResonance.jl/languages","stargazers_url":"https://api.github.com/repos/AP6YC/AdaptiveResonance.jl/stargazers","contributors_url":"https://api.github.com/repos/AP6YC/AdaptiveResonance.jl/contributors","subscribers_url":"https://api.github.com/repos/AP6YC/AdaptiveResonance.jl/subscribers","subscription_url":"https://api.github.com/repos/AP6YC/AdaptiveResonance.jl/subscription","commits_url":"https://api.github.com/repos/AP6YC/AdaptiveResonance.jl/commits{/sha}","git_commits_url":"https://api.github.com/repos/AP6YC/AdaptiveResonance.jl/git/commits{/sha}","comments_url":"https://api.github.com/repos/AP6YC/AdaptiveResonance.jl/comments{/number}","issue_comment_url":"https://api.github.com/repos/AP6YC/AdaptiveResonance.jl/issues/comments{/number}","contents_url":"https://api.github.com/repos/AP6YC/AdaptiveResonance.jl/contents/{+path}","compare_url":"https://api.github.com/repos/AP6YC/AdaptiveResonance.jl/compare/{base}...{head}","merges_url":"https://api.github.com/repos/AP6YC/AdaptiveResonance.jl/merges","archive_url":"https://api.github.com/repos/AP6YC/AdaptiveResonance.jl/{archive_format}{/ref}","downloads_url":"https://api.github.com/repos/AP6YC/AdaptiveResonance.jl/downloads","issues_url":"https://api.github.com/repos/AP6YC/AdaptiveResonance.jl/issues{/number}","pulls_url":"https://api.github.com/repos/AP6YC/AdaptiveResonance.jl/pulls{/number}","milestones_url":"https://api.github.com/repos/AP6YC/AdaptiveResonance.jl/milestones{/number}","notifications_url":"https://api.github.com/repos/AP6YC/AdaptiveResonance.jl/notifications{?since,all,participating}","labels_url":"https://api.github.com/repos/AP6YC/AdaptiveResonance.jl/labels{/name}","releases_url":"https://api.github.com/repos/AP6YC/AdaptiveResonance.jl/releases{/id}","deployments_url":"https://api.github.com/repos/AP6YC/AdaptiveResonance.jl/deployments","created_at":"2020-06-26T17:47:12Z","updated_at":"2022-06-03T14:39:12Z","pushed_at":"2022-05-27T01:08:22Z","git_url":"git://github.com/AP6YC/AdaptiveResonance.jl.git","ssh_url":"git@github.com:AP6YC/AdaptiveResonance.jl.git","clone_url":"https://github.com/AP6YC/AdaptiveResonance.jl.git","svn_url":"https://github.com/AP6YC/AdaptiveResonance.jl","homepage":"","size":7029,"stargazers_count":12,"watchers_count":12,"language":"Julia","has_issues":true,"has_projects":true,"has_downloads":true,"has_wiki":true,"has_pages":true,"forks_count":3,"mirror_url":null,"archived":false,"disabled":false,"open_issues_count":4,"license":{"key":"mit","name":"MIT License","spdx_id":"MIT","url":"https://api.github.com/licenses/mit","node_id":"MDc6TGljZW5zZTEz"},"allow_forking":true,"is_template":false,"web_commit_signoff_required":false,"topics":["julia","machine-learning"],"visibility":"public","forks":3,"open_issues":4,"watchers":12,"default_branch":"master","permissions":{"admin":false,"maintain":false,"push":false,"triage":false,"pull":true},"temp_clone_token":"","network_count":3,"subscribers_count":6}