{"id":219170341,"node_id":"MDEwOlJlcG9zaXRvcnkyMTkxNzAzNDE=","name":"ArrayLayouts.jl","full_name":"JuliaMatrices/ArrayLayouts.jl","private":false,"owner":{"login":"JuliaMatrices","id":20272228,"node_id":"MDEyOk9yZ2FuaXphdGlvbjIwMjcyMjI4","avatar_url":"https://avatars.githubusercontent.com/u/20272228?v=4","gravatar_id":"","url":"https://api.github.com/users/JuliaMatrices","html_url":"https://github.com/JuliaMatrices","followers_url":"https://api.github.com/users/JuliaMatrices/followers","following_url":"https://api.github.com/users/JuliaMatrices/following{/other_user}","gists_url":"https://api.github.com/users/JuliaMatrices/gists{/gist_id}","starred_url":"https://api.github.com/users/JuliaMatrices/starred{/owner}{/repo}","subscriptions_url":"https://api.github.com/users/JuliaMatrices/subscriptions","organizations_url":"https://api.github.com/users/JuliaMatrices/orgs","repos_url":"https://api.github.com/users/JuliaMatrices/repos","events_url":"https://api.github.com/users/JuliaMatrices/events{/privacy}","received_events_url":"https://api.github.com/users/JuliaMatrices/received_events","type":"Organization","site_admin":false},"html_url":"https://github.com/JuliaMatrices/ArrayLayouts.jl","description":"A Julia package for describing array layouts and more general fast linear algebra","fork":false,"url":"https://api.github.com/repos/JuliaMatrices/ArrayLayouts.jl","forks_url":"https://api.github.com/repos/JuliaMatrices/ArrayLayouts.jl/forks","keys_url":"https://api.github.com/repos/JuliaMatrices/ArrayLayouts.jl/keys{/key_id}","collaborators_url":"https://api.github.com/repos/JuliaMatrices/ArrayLayouts.jl/collaborators{/collaborator}","teams_url":"https://api.github.com/repos/JuliaMatrices/ArrayLayouts.jl/teams","hooks_url":"https://api.github.com/repos/JuliaMatrices/ArrayLayouts.jl/hooks","issue_events_url":"https://api.github.com/repos/JuliaMatrices/ArrayLayouts.jl/issues/events{/number}","events_url":"https://api.github.com/repos/JuliaMatrices/ArrayLayouts.jl/events","assignees_url":"https://api.github.com/repos/JuliaMatrices/ArrayLayouts.jl/assignees{/user}","branches_url":"https://api.github.com/repos/JuliaMatrices/ArrayLayouts.jl/branches{/branch}","tags_url":"https://api.github.com/repos/JuliaMatrices/ArrayLayouts.jl/tags","blobs_url":"https://api.github.com/repos/JuliaMatrices/ArrayLayouts.jl/git/blobs{/sha}","git_tags_url":"https://api.github.com/repos/JuliaMatrices/ArrayLayouts.jl/git/tags{/sha}","git_refs_url":"https://api.github.com/repos/JuliaMatrices/ArrayLayouts.jl/git/refs{/sha}","trees_url":"https://api.github.com/repos/JuliaMatrices/ArrayLayouts.jl/git/trees{/sha}","statuses_url":"https://api.github.com/repos/JuliaMatrices/ArrayLayouts.jl/statuses/{sha}","languages_url":"https://api.github.com/repos/JuliaMatrices/ArrayLayouts.jl/languages","stargazers_url":"https://api.github.com/repos/JuliaMatrices/ArrayLayouts.jl/stargazers","contributors_url":"https://api.github.com/repos/JuliaMatrices/ArrayLayouts.jl/contributors","subscribers_url":"https://api.github.com/repos/JuliaMatrices/ArrayLayouts.jl/subscribers","subscription_url":"https://api.github.com/repos/JuliaMatrices/ArrayLayouts.jl/subscription","commits_url":"https://api.github.com/repos/JuliaMatrices/ArrayLayouts.jl/commits{/sha}","git_commits_url":"https://api.github.com/repos/JuliaMatrices/ArrayLayouts.jl/git/commits{/sha}","comments_url":"https://api.github.com/repos/JuliaMatrices/ArrayLayouts.jl/comments{/number}","issue_comment_url":"https://api.github.com/repos/JuliaMatrices/ArrayLayouts.jl/issues/comments{/number}","contents_url":"https://api.github.com/repos/JuliaMatrices/ArrayLayouts.jl/contents/{+path}","compare_url":"https://api.github.com/repos/JuliaMatrices/ArrayLayouts.jl/compare/{base}...{head}","merges_url":"https://api.github.com/repos/JuliaMatrices/ArrayLayouts.jl/merges","archive_url":"https://api.github.com/repos/JuliaMatrices/ArrayLayouts.jl/{archive_format}{/ref}","downloads_url":"https://api.github.com/repos/JuliaMatrices/ArrayLayouts.jl/downloads","issues_url":"https://api.github.com/repos/JuliaMatrices/ArrayLayouts.jl/issues{/number}","pulls_url":"https://api.github.com/repos/JuliaMatrices/ArrayLayouts.jl/pulls{/number}","milestones_url":"https://api.github.com/repos/JuliaMatrices/ArrayLayouts.jl/milestones{/number}","notifications_url":"https://api.github.com/repos/JuliaMatrices/ArrayLayouts.jl/notifications{?since,all,participating}","labels_url":"https://api.github.com/repos/JuliaMatrices/ArrayLayouts.jl/labels{/name}","releases_url":"https://api.github.com/repos/JuliaMatrices/ArrayLayouts.jl/releases{/id}","deployments_url":"https://api.github.com/repos/JuliaMatrices/ArrayLayouts.jl/deployments","created_at":"2019-11-02T15:05:42Z","updated_at":"2022-04-08T05:33:10Z","pushed_at":"2022-06-18T08:39:13Z","git_url":"git://github.com/JuliaMatrices/ArrayLayouts.jl.git","ssh_url":"git@github.com:JuliaMatrices/ArrayLayouts.jl.git","clone_url":"https://github.com/JuliaMatrices/ArrayLayouts.jl.git","svn_url":"https://github.com/JuliaMatrices/ArrayLayouts.jl","homepage":null,"size":216,"stargazers_count":32,"watchers_count":32,"language":"Julia","has_issues":true,"has_projects":true,"has_downloads":true,"has_wiki":true,"has_pages":false,"forks_count":6,"mirror_url":null,"archived":false,"disabled":false,"open_issues_count":12,"license":{"key":"mit","name":"MIT License","spdx_id":"MIT","url":"https://api.github.com/licenses/mit","node_id":"MDc6TGljZW5zZTEz"},"allow_forking":true,"is_template":false,"web_commit_signoff_required":false,"topics":[],"visibility":"public","forks":6,"open_issues":12,"watchers":32,"default_branch":"master","permissions":{"admin":false,"maintain":false,"push":false,"triage":false,"pull":true},"temp_clone_token":"","organization":{"login":"JuliaMatrices","id":20272228,"node_id":"MDEyOk9yZ2FuaXphdGlvbjIwMjcyMjI4","avatar_url":"https://avatars.githubusercontent.com/u/20272228?v=4","gravatar_id":"","url":"https://api.github.com/users/JuliaMatrices","html_url":"https://github.com/JuliaMatrices","followers_url":"https://api.github.com/users/JuliaMatrices/followers","following_url":"https://api.github.com/users/JuliaMatrices/following{/other_user}","gists_url":"https://api.github.com/users/JuliaMatrices/gists{/gist_id}","starred_url":"https://api.github.com/users/JuliaMatrices/starred{/owner}{/repo}","subscriptions_url":"https://api.github.com/users/JuliaMatrices/subscriptions","organizations_url":"https://api.github.com/users/JuliaMatrices/orgs","repos_url":"https://api.github.com/users/JuliaMatrices/repos","events_url":"https://api.github.com/users/JuliaMatrices/events{/privacy}","received_events_url":"https://api.github.com/users/JuliaMatrices/received_events","type":"Organization","site_admin":false},"network_count":6,"subscribers_count":2}