{"id":439772729,"node_id":"R_kgDOGjZmOQ","name":"AbnormalReturns.jl","full_name":"junder873/AbnormalReturns.jl","private":false,"owner":{"login":"junder873","id":27790977,"node_id":"MDQ6VXNlcjI3NzkwOTc3","avatar_url":"https://avatars.githubusercontent.com/u/27790977?v=4","gravatar_id":"","url":"https://api.github.com/users/junder873","html_url":"https://github.com/junder873","followers_url":"https://api.github.com/users/junder873/followers","following_url":"https://api.github.com/users/junder873/following{/other_user}","gists_url":"https://api.github.com/users/junder873/gists{/gist_id}","starred_url":"https://api.github.com/users/junder873/starred{/owner}{/repo}","subscriptions_url":"https://api.github.com/users/junder873/subscriptions","organizations_url":"https://api.github.com/users/junder873/orgs","repos_url":"https://api.github.com/users/junder873/repos","events_url":"https://api.github.com/users/junder873/events{/privacy}","received_events_url":"https://api.github.com/users/junder873/received_events","type":"User","site_admin":false},"html_url":"https://github.com/junder873/AbnormalReturns.jl","description":"Calculate regressions and abnormal returns for large return datasets quickly","fork":false,"url":"https://api.github.com/repos/junder873/AbnormalReturns.jl","forks_url":"https://api.github.com/repos/junder873/AbnormalReturns.jl/forks","keys_url":"https://api.github.com/repos/junder873/AbnormalReturns.jl/keys{/key_id}","collaborators_url":"https://api.github.com/repos/junder873/AbnormalReturns.jl/collaborators{/collaborator}","teams_url":"https://api.github.com/repos/junder873/AbnormalReturns.jl/teams","hooks_url":"https://api.github.com/repos/junder873/AbnormalReturns.jl/hooks","issue_events_url":"https://api.github.com/repos/junder873/AbnormalReturns.jl/issues/events{/number}","events_url":"https://api.github.com/repos/junder873/AbnormalReturns.jl/events","assignees_url":"https://api.github.com/repos/junder873/AbnormalReturns.jl/assignees{/user}","branches_url":"https://api.github.com/repos/junder873/AbnormalReturns.jl/branches{/branch}","tags_url":"https://api.github.com/repos/junder873/AbnormalReturns.jl/tags","blobs_url":"https://api.github.com/repos/junder873/AbnormalReturns.jl/git/blobs{/sha}","git_tags_url":"https://api.github.com/repos/junder873/AbnormalReturns.jl/git/tags{/sha}","git_refs_url":"https://api.github.com/repos/junder873/AbnormalReturns.jl/git/refs{/sha}","trees_url":"https://api.github.com/repos/junder873/AbnormalReturns.jl/git/trees{/sha}","statuses_url":"https://api.github.com/repos/junder873/AbnormalReturns.jl/statuses/{sha}","languages_url":"https://api.github.com/repos/junder873/AbnormalReturns.jl/languages","stargazers_url":"https://api.github.com/repos/junder873/AbnormalReturns.jl/stargazers","contributors_url":"https://api.github.com/repos/junder873/AbnormalReturns.jl/contributors","subscribers_url":"https://api.github.com/repos/junder873/AbnormalReturns.jl/subscribers","subscription_url":"https://api.github.com/repos/junder873/AbnormalReturns.jl/subscription","commits_url":"https://api.github.com/repos/junder873/AbnormalReturns.jl/commits{/sha}","git_commits_url":"https://api.github.com/repos/junder873/AbnormalReturns.jl/git/commits{/sha}","comments_url":"https://api.github.com/repos/junder873/AbnormalReturns.jl/comments{/number}","issue_comment_url":"https://api.github.com/repos/junder873/AbnormalReturns.jl/issues/comments{/number}","contents_url":"https://api.github.com/repos/junder873/AbnormalReturns.jl/contents/{+path}","compare_url":"https://api.github.com/repos/junder873/AbnormalReturns.jl/compare/{base}...{head}","merges_url":"https://api.github.com/repos/junder873/AbnormalReturns.jl/merges","archive_url":"https://api.github.com/repos/junder873/AbnormalReturns.jl/{archive_format}{/ref}","downloads_url":"https://api.github.com/repos/junder873/AbnormalReturns.jl/downloads","issues_url":"https://api.github.com/repos/junder873/AbnormalReturns.jl/issues{/number}","pulls_url":"https://api.github.com/repos/junder873/AbnormalReturns.jl/pulls{/number}","milestones_url":"https://api.github.com/repos/junder873/AbnormalReturns.jl/milestones{/number}","notifications_url":"https://api.github.com/repos/junder873/AbnormalReturns.jl/notifications{?since,all,participating}","labels_url":"https://api.github.com/repos/junder873/AbnormalReturns.jl/labels{/name}","releases_url":"https://api.github.com/repos/junder873/AbnormalReturns.jl/releases{/id}","deployments_url":"https://api.github.com/repos/junder873/AbnormalReturns.jl/deployments","created_at":"2021-12-19T04:14:15Z","updated_at":"2022-06-15T13:05:00Z","pushed_at":"2022-05-29T15:15:29Z","git_url":"git://github.com/junder873/AbnormalReturns.jl.git","ssh_url":"git@github.com:junder873/AbnormalReturns.jl.git","clone_url":"https://github.com/junder873/AbnormalReturns.jl.git","svn_url":"https://github.com/junder873/AbnormalReturns.jl","homepage":"","size":1111,"stargazers_count":7,"watchers_count":7,"language":"Julia","has_issues":true,"has_projects":true,"has_downloads":true,"has_wiki":true,"has_pages":true,"forks_count":0,"mirror_url":null,"archived":false,"disabled":false,"open_issues_count":3,"license":{"key":"mit","name":"MIT License","spdx_id":"MIT","url":"https://api.github.com/licenses/mit","node_id":"MDc6TGljZW5zZTEz"},"allow_forking":true,"is_template":false,"web_commit_signoff_required":false,"topics":["abnormal-returns","finance","regression","stock-prediction","stock-price-prediction"],"visibility":"public","forks":0,"open_issues":3,"watchers":7,"default_branch":"main","permissions":{"admin":false,"maintain":false,"push":false,"triage":false,"pull":true},"temp_clone_token":"","network_count":0,"subscribers_count":1}