{"id":223493781,"node_id":"MDEwOlJlcG9zaXRvcnkyMjM0OTM3ODE=","name":"Adapode.jl","full_name":"chakravala/Adapode.jl","private":false,"owner":{"login":"chakravala","id":18372368,"node_id":"MDQ6VXNlcjE4MzcyMzY4","avatar_url":"https://avatars.githubusercontent.com/u/18372368?v=4","gravatar_id":"","url":"https://api.github.com/users/chakravala","html_url":"https://github.com/chakravala","followers_url":"https://api.github.com/users/chakravala/followers","following_url":"https://api.github.com/users/chakravala/following{/other_user}","gists_url":"https://api.github.com/users/chakravala/gists{/gist_id}","starred_url":"https://api.github.com/users/chakravala/starred{/owner}{/repo}","subscriptions_url":"https://api.github.com/users/chakravala/subscriptions","organizations_url":"https://api.github.com/users/chakravala/orgs","repos_url":"https://api.github.com/users/chakravala/repos","events_url":"https://api.github.com/users/chakravala/events{/privacy}","received_events_url":"https://api.github.com/users/chakravala/received_events","type":"User","site_admin":false},"html_url":"https://github.com/chakravala/Adapode.jl","description":"Adaptive multistep numerical solvers with Grassmann element assembly","fork":false,"url":"https://api.github.com/repos/chakravala/Adapode.jl","forks_url":"https://api.github.com/repos/chakravala/Adapode.jl/forks","keys_url":"https://api.github.com/repos/chakravala/Adapode.jl/keys{/key_id}","collaborators_url":"https://api.github.com/repos/chakravala/Adapode.jl/collaborators{/collaborator}","teams_url":"https://api.github.com/repos/chakravala/Adapode.jl/teams","hooks_url":"https://api.github.com/repos/chakravala/Adapode.jl/hooks","issue_events_url":"https://api.github.com/repos/chakravala/Adapode.jl/issues/events{/number}","events_url":"https://api.github.com/repos/chakravala/Adapode.jl/events","assignees_url":"https://api.github.com/repos/chakravala/Adapode.jl/assignees{/user}","branches_url":"https://api.github.com/repos/chakravala/Adapode.jl/branches{/branch}","tags_url":"https://api.github.com/repos/chakravala/Adapode.jl/tags","blobs_url":"https://api.github.com/repos/chakravala/Adapode.jl/git/blobs{/sha}","git_tags_url":"https://api.github.com/repos/chakravala/Adapode.jl/git/tags{/sha}","git_refs_url":"https://api.github.com/repos/chakravala/Adapode.jl/git/refs{/sha}","trees_url":"https://api.github.com/repos/chakravala/Adapode.jl/git/trees{/sha}","statuses_url":"https://api.github.com/repos/chakravala/Adapode.jl/statuses/{sha}","languages_url":"https://api.github.com/repos/chakravala/Adapode.jl/languages","stargazers_url":"https://api.github.com/repos/chakravala/Adapode.jl/stargazers","contributors_url":"https://api.github.com/repos/chakravala/Adapode.jl/contributors","subscribers_url":"https://api.github.com/repos/chakravala/Adapode.jl/subscribers","subscription_url":"https://api.github.com/repos/chakravala/Adapode.jl/subscription","commits_url":"https://api.github.com/repos/chakravala/Adapode.jl/commits{/sha}","git_commits_url":"https://api.github.com/repos/chakravala/Adapode.jl/git/commits{/sha}","comments_url":"https://api.github.com/repos/chakravala/Adapode.jl/comments{/number}","issue_comment_url":"https://api.github.com/repos/chakravala/Adapode.jl/issues/comments{/number}","contents_url":"https://api.github.com/repos/chakravala/Adapode.jl/contents/{+path}","compare_url":"https://api.github.com/repos/chakravala/Adapode.jl/compare/{base}...{head}","merges_url":"https://api.github.com/repos/chakravala/Adapode.jl/merges","archive_url":"https://api.github.com/repos/chakravala/Adapode.jl/{archive_format}{/ref}","downloads_url":"https://api.github.com/repos/chakravala/Adapode.jl/downloads","issues_url":"https://api.github.com/repos/chakravala/Adapode.jl/issues{/number}","pulls_url":"https://api.github.com/repos/chakravala/Adapode.jl/pulls{/number}","milestones_url":"https://api.github.com/repos/chakravala/Adapode.jl/milestones{/number}","notifications_url":"https://api.github.com/repos/chakravala/Adapode.jl/notifications{?since,all,participating}","labels_url":"https://api.github.com/repos/chakravala/Adapode.jl/labels{/name}","releases_url":"https://api.github.com/repos/chakravala/Adapode.jl/releases{/id}","deployments_url":"https://api.github.com/repos/chakravala/Adapode.jl/deployments","created_at":"2019-11-22T22:01:49Z","updated_at":"2021-11-09T19:04:43Z","pushed_at":"2020-09-11T10:17:42Z","git_url":"git://github.com/chakravala/Adapode.jl.git","ssh_url":"git@github.com:chakravala/Adapode.jl.git","clone_url":"https://github.com/chakravala/Adapode.jl.git","svn_url":"https://github.com/chakravala/Adapode.jl","homepage":"https://grassmann.crucialflow.com","size":122,"stargazers_count":7,"watchers_count":7,"language":"Julia","has_issues":true,"has_projects":false,"has_downloads":true,"has_wiki":false,"has_pages":false,"forks_count":0,"mirror_url":null,"archived":false,"disabled":false,"open_issues_count":0,"license":{"key":"agpl-3.0","name":"GNU Affero General Public License v3.0","spdx_id":"AGPL-3.0","url":"https://api.github.com/licenses/agpl-3.0","node_id":"MDc6TGljZW5zZTE="},"allow_forking":true,"is_template":false,"web_commit_signoff_required":false,"topics":["differential-equations","fem","finite-element-analysis","finite-element-methods","finite-elements","mesh","numerical-methods","ode","ode-solver"],"visibility":"public","forks":0,"open_issues":0,"watchers":7,"default_branch":"master","permissions":{"admin":false,"maintain":false,"push":false,"triage":false,"pull":true},"temp_clone_token":"","network_count":0,"subscribers_count":2}