{"id":86717875,"node_id":"MDEwOlJlcG9zaXRvcnk4NjcxNzg3NQ==","name":"AffineArithmetic.jl","full_name":"JuliaIntervals/AffineArithmetic.jl","private":false,"owner":{"login":"JuliaIntervals","id":26843058,"node_id":"MDEyOk9yZ2FuaXphdGlvbjI2ODQzMDU4","avatar_url":"https://avatars.githubusercontent.com/u/26843058?v=4","gravatar_id":"","url":"https://api.github.com/users/JuliaIntervals","html_url":"https://github.com/JuliaIntervals","followers_url":"https://api.github.com/users/JuliaIntervals/followers","following_url":"https://api.github.com/users/JuliaIntervals/following{/other_user}","gists_url":"https://api.github.com/users/JuliaIntervals/gists{/gist_id}","starred_url":"https://api.github.com/users/JuliaIntervals/starred{/owner}{/repo}","subscriptions_url":"https://api.github.com/users/JuliaIntervals/subscriptions","organizations_url":"https://api.github.com/users/JuliaIntervals/orgs","repos_url":"https://api.github.com/users/JuliaIntervals/repos","events_url":"https://api.github.com/users/JuliaIntervals/events{/privacy}","received_events_url":"https://api.github.com/users/JuliaIntervals/received_events","type":"Organization","site_admin":false},"html_url":"https://github.com/JuliaIntervals/AffineArithmetic.jl","description":"Affine arithmetic in Julia","fork":false,"url":"https://api.github.com/repos/JuliaIntervals/AffineArithmetic.jl","forks_url":"https://api.github.com/repos/JuliaIntervals/AffineArithmetic.jl/forks","keys_url":"https://api.github.com/repos/JuliaIntervals/AffineArithmetic.jl/keys{/key_id}","collaborators_url":"https://api.github.com/repos/JuliaIntervals/AffineArithmetic.jl/collaborators{/collaborator}","teams_url":"https://api.github.com/repos/JuliaIntervals/AffineArithmetic.jl/teams","hooks_url":"https://api.github.com/repos/JuliaIntervals/AffineArithmetic.jl/hooks","issue_events_url":"https://api.github.com/repos/JuliaIntervals/AffineArithmetic.jl/issues/events{/number}","events_url":"https://api.github.com/repos/JuliaIntervals/AffineArithmetic.jl/events","assignees_url":"https://api.github.com/repos/JuliaIntervals/AffineArithmetic.jl/assignees{/user}","branches_url":"https://api.github.com/repos/JuliaIntervals/AffineArithmetic.jl/branches{/branch}","tags_url":"https://api.github.com/repos/JuliaIntervals/AffineArithmetic.jl/tags","blobs_url":"https://api.github.com/repos/JuliaIntervals/AffineArithmetic.jl/git/blobs{/sha}","git_tags_url":"https://api.github.com/repos/JuliaIntervals/AffineArithmetic.jl/git/tags{/sha}","git_refs_url":"https://api.github.com/repos/JuliaIntervals/AffineArithmetic.jl/git/refs{/sha}","trees_url":"https://api.github.com/repos/JuliaIntervals/AffineArithmetic.jl/git/trees{/sha}","statuses_url":"https://api.github.com/repos/JuliaIntervals/AffineArithmetic.jl/statuses/{sha}","languages_url":"https://api.github.com/repos/JuliaIntervals/AffineArithmetic.jl/languages","stargazers_url":"https://api.github.com/repos/JuliaIntervals/AffineArithmetic.jl/stargazers","contributors_url":"https://api.github.com/repos/JuliaIntervals/AffineArithmetic.jl/contributors","subscribers_url":"https://api.github.com/repos/JuliaIntervals/AffineArithmetic.jl/subscribers","subscription_url":"https://api.github.com/repos/JuliaIntervals/AffineArithmetic.jl/subscription","commits_url":"https://api.github.com/repos/JuliaIntervals/AffineArithmetic.jl/commits{/sha}","git_commits_url":"https://api.github.com/repos/JuliaIntervals/AffineArithmetic.jl/git/commits{/sha}","comments_url":"https://api.github.com/repos/JuliaIntervals/AffineArithmetic.jl/comments{/number}","issue_comment_url":"https://api.github.com/repos/JuliaIntervals/AffineArithmetic.jl/issues/comments{/number}","contents_url":"https://api.github.com/repos/JuliaIntervals/AffineArithmetic.jl/contents/{+path}","compare_url":"https://api.github.com/repos/JuliaIntervals/AffineArithmetic.jl/compare/{base}...{head}","merges_url":"https://api.github.com/repos/JuliaIntervals/AffineArithmetic.jl/merges","archive_url":"https://api.github.com/repos/JuliaIntervals/AffineArithmetic.jl/{archive_format}{/ref}","downloads_url":"https://api.github.com/repos/JuliaIntervals/AffineArithmetic.jl/downloads","issues_url":"https://api.github.com/repos/JuliaIntervals/AffineArithmetic.jl/issues{/number}","pulls_url":"https://api.github.com/repos/JuliaIntervals/AffineArithmetic.jl/pulls{/number}","milestones_url":"https://api.github.com/repos/JuliaIntervals/AffineArithmetic.jl/milestones{/number}","notifications_url":"https://api.github.com/repos/JuliaIntervals/AffineArithmetic.jl/notifications{?since,all,participating}","labels_url":"https://api.github.com/repos/JuliaIntervals/AffineArithmetic.jl/labels{/name}","releases_url":"https://api.github.com/repos/JuliaIntervals/AffineArithmetic.jl/releases{/id}","deployments_url":"https://api.github.com/repos/JuliaIntervals/AffineArithmetic.jl/deployments","created_at":"2017-03-30T15:21:30Z","updated_at":"2021-12-10T20:28:55Z","pushed_at":"2021-10-20T10:14:33Z","git_url":"git://github.com/JuliaIntervals/AffineArithmetic.jl.git","ssh_url":"git@github.com:JuliaIntervals/AffineArithmetic.jl.git","clone_url":"https://github.com/JuliaIntervals/AffineArithmetic.jl.git","svn_url":"https://github.com/JuliaIntervals/AffineArithmetic.jl","homepage":"","size":100,"stargazers_count":9,"watchers_count":9,"language":"Julia","has_issues":true,"has_projects":true,"has_downloads":true,"has_wiki":true,"has_pages":false,"forks_count":3,"mirror_url":null,"archived":false,"disabled":false,"open_issues_count":15,"license":{"key":"other","name":"Other","spdx_id":"NOASSERTION","url":null,"node_id":"MDc6TGljZW5zZTA="},"allow_forking":true,"is_template":false,"web_commit_signoff_required":false,"topics":[],"visibility":"public","forks":3,"open_issues":15,"watchers":9,"default_branch":"master","permissions":{"admin":false,"maintain":false,"push":false,"triage":false,"pull":true},"temp_clone_token":"","organization":{"login":"JuliaIntervals","id":26843058,"node_id":"MDEyOk9yZ2FuaXphdGlvbjI2ODQzMDU4","avatar_url":"https://avatars.githubusercontent.com/u/26843058?v=4","gravatar_id":"","url":"https://api.github.com/users/JuliaIntervals","html_url":"https://github.com/JuliaIntervals","followers_url":"https://api.github.com/users/JuliaIntervals/followers","following_url":"https://api.github.com/users/JuliaIntervals/following{/other_user}","gists_url":"https://api.github.com/users/JuliaIntervals/gists{/gist_id}","starred_url":"https://api.github.com/users/JuliaIntervals/starred{/owner}{/repo}","subscriptions_url":"https://api.github.com/users/JuliaIntervals/subscriptions","organizations_url":"https://api.github.com/users/JuliaIntervals/orgs","repos_url":"https://api.github.com/users/JuliaIntervals/repos","events_url":"https://api.github.com/users/JuliaIntervals/events{/privacy}","received_events_url":"https://api.github.com/users/JuliaIntervals/received_events","type":"Organization","site_admin":false},"network_count":3,"subscribers_count":6}