{"id":178696390,"node_id":"MDEwOlJlcG9zaXRvcnkxNzg2OTYzOTA=","name":"ApproxFunBase.jl","full_name":"JuliaApproximation/ApproxFunBase.jl","private":false,"owner":{"login":"JuliaApproximation","id":10121696,"node_id":"MDEyOk9yZ2FuaXphdGlvbjEwMTIxNjk2","avatar_url":"https://avatars.githubusercontent.com/u/10121696?v=4","gravatar_id":"","url":"https://api.github.com/users/JuliaApproximation","html_url":"https://github.com/JuliaApproximation","followers_url":"https://api.github.com/users/JuliaApproximation/followers","following_url":"https://api.github.com/users/JuliaApproximation/following{/other_user}","gists_url":"https://api.github.com/users/JuliaApproximation/gists{/gist_id}","starred_url":"https://api.github.com/users/JuliaApproximation/starred{/owner}{/repo}","subscriptions_url":"https://api.github.com/users/JuliaApproximation/subscriptions","organizations_url":"https://api.github.com/users/JuliaApproximation/orgs","repos_url":"https://api.github.com/users/JuliaApproximation/repos","events_url":"https://api.github.com/users/JuliaApproximation/events{/privacy}","received_events_url":"https://api.github.com/users/JuliaApproximation/received_events","type":"Organization","site_admin":false},"html_url":"https://github.com/JuliaApproximation/ApproxFunBase.jl","description":"Core functionality of ApproxFun","fork":false,"url":"https://api.github.com/repos/JuliaApproximation/ApproxFunBase.jl","forks_url":"https://api.github.com/repos/JuliaApproximation/ApproxFunBase.jl/forks","keys_url":"https://api.github.com/repos/JuliaApproximation/ApproxFunBase.jl/keys{/key_id}","collaborators_url":"https://api.github.com/repos/JuliaApproximation/ApproxFunBase.jl/collaborators{/collaborator}","teams_url":"https://api.github.com/repos/JuliaApproximation/ApproxFunBase.jl/teams","hooks_url":"https://api.github.com/repos/JuliaApproximation/ApproxFunBase.jl/hooks","issue_events_url":"https://api.github.com/repos/JuliaApproximation/ApproxFunBase.jl/issues/events{/number}","events_url":"https://api.github.com/repos/JuliaApproximation/ApproxFunBase.jl/events","assignees_url":"https://api.github.com/repos/JuliaApproximation/ApproxFunBase.jl/assignees{/user}","branches_url":"https://api.github.com/repos/JuliaApproximation/ApproxFunBase.jl/branches{/branch}","tags_url":"https://api.github.com/repos/JuliaApproximation/ApproxFunBase.jl/tags","blobs_url":"https://api.github.com/repos/JuliaApproximation/ApproxFunBase.jl/git/blobs{/sha}","git_tags_url":"https://api.github.com/repos/JuliaApproximation/ApproxFunBase.jl/git/tags{/sha}","git_refs_url":"https://api.github.com/repos/JuliaApproximation/ApproxFunBase.jl/git/refs{/sha}","trees_url":"https://api.github.com/repos/JuliaApproximation/ApproxFunBase.jl/git/trees{/sha}","statuses_url":"https://api.github.com/repos/JuliaApproximation/ApproxFunBase.jl/statuses/{sha}","languages_url":"https://api.github.com/repos/JuliaApproximation/ApproxFunBase.jl/languages","stargazers_url":"https://api.github.com/repos/JuliaApproximation/ApproxFunBase.jl/stargazers","contributors_url":"https://api.github.com/repos/JuliaApproximation/ApproxFunBase.jl/contributors","subscribers_url":"https://api.github.com/repos/JuliaApproximation/ApproxFunBase.jl/subscribers","subscription_url":"https://api.github.com/repos/JuliaApproximation/ApproxFunBase.jl/subscription","commits_url":"https://api.github.com/repos/JuliaApproximation/ApproxFunBase.jl/commits{/sha}","git_commits_url":"https://api.github.com/repos/JuliaApproximation/ApproxFunBase.jl/git/commits{/sha}","comments_url":"https://api.github.com/repos/JuliaApproximation/ApproxFunBase.jl/comments{/number}","issue_comment_url":"https://api.github.com/repos/JuliaApproximation/ApproxFunBase.jl/issues/comments{/number}","contents_url":"https://api.github.com/repos/JuliaApproximation/ApproxFunBase.jl/contents/{+path}","compare_url":"https://api.github.com/repos/JuliaApproximation/ApproxFunBase.jl/compare/{base}...{head}","merges_url":"https://api.github.com/repos/JuliaApproximation/ApproxFunBase.jl/merges","archive_url":"https://api.github.com/repos/JuliaApproximation/ApproxFunBase.jl/{archive_format}{/ref}","downloads_url":"https://api.github.com/repos/JuliaApproximation/ApproxFunBase.jl/downloads","issues_url":"https://api.github.com/repos/JuliaApproximation/ApproxFunBase.jl/issues{/number}","pulls_url":"https://api.github.com/repos/JuliaApproximation/ApproxFunBase.jl/pulls{/number}","milestones_url":"https://api.github.com/repos/JuliaApproximation/ApproxFunBase.jl/milestones{/number}","notifications_url":"https://api.github.com/repos/JuliaApproximation/ApproxFunBase.jl/notifications{?since,all,participating}","labels_url":"https://api.github.com/repos/JuliaApproximation/ApproxFunBase.jl/labels{/name}","releases_url":"https://api.github.com/repos/JuliaApproximation/ApproxFunBase.jl/releases{/id}","deployments_url":"https://api.github.com/repos/JuliaApproximation/ApproxFunBase.jl/deployments","created_at":"2019-03-31T14:07:01Z","updated_at":"2022-02-06T14:52:35Z","pushed_at":"2022-06-29T09:44:31Z","git_url":"git://github.com/JuliaApproximation/ApproxFunBase.jl.git","ssh_url":"git@github.com:JuliaApproximation/ApproxFunBase.jl.git","clone_url":"https://github.com/JuliaApproximation/ApproxFunBase.jl.git","svn_url":"https://github.com/JuliaApproximation/ApproxFunBase.jl","homepage":null,"size":333,"stargazers_count":7,"watchers_count":7,"language":"Julia","has_issues":true,"has_projects":true,"has_downloads":true,"has_wiki":true,"has_pages":false,"forks_count":8,"mirror_url":null,"archived":false,"disabled":false,"open_issues_count":11,"license":{"key":"mit","name":"MIT License","spdx_id":"MIT","url":"https://api.github.com/licenses/mit","node_id":"MDc6TGljZW5zZTEz"},"allow_forking":true,"is_template":false,"web_commit_signoff_required":false,"topics":[],"visibility":"public","forks":8,"open_issues":11,"watchers":7,"default_branch":"master","permissions":{"admin":false,"maintain":false,"push":false,"triage":false,"pull":true},"temp_clone_token":"","organization":{"login":"JuliaApproximation","id":10121696,"node_id":"MDEyOk9yZ2FuaXphdGlvbjEwMTIxNjk2","avatar_url":"https://avatars.githubusercontent.com/u/10121696?v=4","gravatar_id":"","url":"https://api.github.com/users/JuliaApproximation","html_url":"https://github.com/JuliaApproximation","followers_url":"https://api.github.com/users/JuliaApproximation/followers","following_url":"https://api.github.com/users/JuliaApproximation/following{/other_user}","gists_url":"https://api.github.com/users/JuliaApproximation/gists{/gist_id}","starred_url":"https://api.github.com/users/JuliaApproximation/starred{/owner}{/repo}","subscriptions_url":"https://api.github.com/users/JuliaApproximation/subscriptions","organizations_url":"https://api.github.com/users/JuliaApproximation/orgs","repos_url":"https://api.github.com/users/JuliaApproximation/repos","events_url":"https://api.github.com/users/JuliaApproximation/events{/privacy}","received_events_url":"https://api.github.com/users/JuliaApproximation/received_events","type":"Organization","site_admin":false},"network_count":8,"subscribers_count":6}