{"id":167165058,"node_id":"MDEwOlJlcG9zaXRvcnkxNjcxNjUwNTg=","name":"AeroAcoustics.jl","full_name":"1oly/AeroAcoustics.jl","private":false,"owner":{"login":"1oly","id":1971817,"node_id":"MDQ6VXNlcjE5NzE4MTc=","avatar_url":"https://avatars.githubusercontent.com/u/1971817?v=4","gravatar_id":"","url":"https://api.github.com/users/1oly","html_url":"https://github.com/1oly","followers_url":"https://api.github.com/users/1oly/followers","following_url":"https://api.github.com/users/1oly/following{/other_user}","gists_url":"https://api.github.com/users/1oly/gists{/gist_id}","starred_url":"https://api.github.com/users/1oly/starred{/owner}{/repo}","subscriptions_url":"https://api.github.com/users/1oly/subscriptions","organizations_url":"https://api.github.com/users/1oly/orgs","repos_url":"https://api.github.com/users/1oly/repos","events_url":"https://api.github.com/users/1oly/events{/privacy}","received_events_url":"https://api.github.com/users/1oly/received_events","type":"User","site_admin":false},"html_url":"https://github.com/1oly/AeroAcoustics.jl","description":"A julia package for Aeroacoustics","fork":false,"url":"https://api.github.com/repos/1oly/AeroAcoustics.jl","forks_url":"https://api.github.com/repos/1oly/AeroAcoustics.jl/forks","keys_url":"https://api.github.com/repos/1oly/AeroAcoustics.jl/keys{/key_id}","collaborators_url":"https://api.github.com/repos/1oly/AeroAcoustics.jl/collaborators{/collaborator}","teams_url":"https://api.github.com/repos/1oly/AeroAcoustics.jl/teams","hooks_url":"https://api.github.com/repos/1oly/AeroAcoustics.jl/hooks","issue_events_url":"https://api.github.com/repos/1oly/AeroAcoustics.jl/issues/events{/number}","events_url":"https://api.github.com/repos/1oly/AeroAcoustics.jl/events","assignees_url":"https://api.github.com/repos/1oly/AeroAcoustics.jl/assignees{/user}","branches_url":"https://api.github.com/repos/1oly/AeroAcoustics.jl/branches{/branch}","tags_url":"https://api.github.com/repos/1oly/AeroAcoustics.jl/tags","blobs_url":"https://api.github.com/repos/1oly/AeroAcoustics.jl/git/blobs{/sha}","git_tags_url":"https://api.github.com/repos/1oly/AeroAcoustics.jl/git/tags{/sha}","git_refs_url":"https://api.github.com/repos/1oly/AeroAcoustics.jl/git/refs{/sha}","trees_url":"https://api.github.com/repos/1oly/AeroAcoustics.jl/git/trees{/sha}","statuses_url":"https://api.github.com/repos/1oly/AeroAcoustics.jl/statuses/{sha}","languages_url":"https://api.github.com/repos/1oly/AeroAcoustics.jl/languages","stargazers_url":"https://api.github.com/repos/1oly/AeroAcoustics.jl/stargazers","contributors_url":"https://api.github.com/repos/1oly/AeroAcoustics.jl/contributors","subscribers_url":"https://api.github.com/repos/1oly/AeroAcoustics.jl/subscribers","subscription_url":"https://api.github.com/repos/1oly/AeroAcoustics.jl/subscription","commits_url":"https://api.github.com/repos/1oly/AeroAcoustics.jl/commits{/sha}","git_commits_url":"https://api.github.com/repos/1oly/AeroAcoustics.jl/git/commits{/sha}","comments_url":"https://api.github.com/repos/1oly/AeroAcoustics.jl/comments{/number}","issue_comment_url":"https://api.github.com/repos/1oly/AeroAcoustics.jl/issues/comments{/number}","contents_url":"https://api.github.com/repos/1oly/AeroAcoustics.jl/contents/{+path}","compare_url":"https://api.github.com/repos/1oly/AeroAcoustics.jl/compare/{base}...{head}","merges_url":"https://api.github.com/repos/1oly/AeroAcoustics.jl/merges","archive_url":"https://api.github.com/repos/1oly/AeroAcoustics.jl/{archive_format}{/ref}","downloads_url":"https://api.github.com/repos/1oly/AeroAcoustics.jl/downloads","issues_url":"https://api.github.com/repos/1oly/AeroAcoustics.jl/issues{/number}","pulls_url":"https://api.github.com/repos/1oly/AeroAcoustics.jl/pulls{/number}","milestones_url":"https://api.github.com/repos/1oly/AeroAcoustics.jl/milestones{/number}","notifications_url":"https://api.github.com/repos/1oly/AeroAcoustics.jl/notifications{?since,all,participating}","labels_url":"https://api.github.com/repos/1oly/AeroAcoustics.jl/labels{/name}","releases_url":"https://api.github.com/repos/1oly/AeroAcoustics.jl/releases{/id}","deployments_url":"https://api.github.com/repos/1oly/AeroAcoustics.jl/deployments","created_at":"2019-01-23T10:35:33Z","updated_at":"2022-06-27T12:42:18Z","pushed_at":"2022-06-02T09:03:13Z","git_url":"git://github.com/1oly/AeroAcoustics.jl.git","ssh_url":"git@github.com:1oly/AeroAcoustics.jl.git","clone_url":"https://github.com/1oly/AeroAcoustics.jl.git","svn_url":"https://github.com/1oly/AeroAcoustics.jl","homepage":"","size":1261,"stargazers_count":14,"watchers_count":14,"language":"Julia","has_issues":true,"has_projects":true,"has_downloads":true,"has_wiki":true,"has_pages":true,"forks_count":1,"mirror_url":null,"archived":false,"disabled":false,"open_issues_count":1,"license":{"key":"other","name":"Other","spdx_id":"NOASSERTION","url":null,"node_id":"MDc6TGljZW5zZTA="},"allow_forking":true,"is_template":false,"web_commit_signoff_required":false,"topics":[],"visibility":"public","forks":1,"open_issues":1,"watchers":14,"default_branch":"master","permissions":{"admin":false,"maintain":false,"push":false,"triage":false,"pull":true},"temp_clone_token":"","network_count":1,"subscribers_count":3}